ID,Sport Key,Sport Title,Start Time,Scrape Time,Match,Team,Start Date,Best Bookmaker,Best Odds,Fair Odds Average,Expected Value,Modified Z-Score,Outcomes,Result
7a7dc69921d6fe9435ab4735ad67ac00,basketball_ncaab,NCAAB,2026-02-15T02:00:46Z,2026-02-15T02:23:53Z,Minnesota Golden Gophers @ Washington Huskies,Minnesota Golden Gophers,,FanDuel,3.4,3.27,0.04,3.71,2.0,Not Found
d513190b89e339bed96079aa57b72d2d,basketball_ncaab,NCAAB,2026-02-15T01:40:10Z,2026-02-15T02:23:53Z,Auburn Tigers @ Arkansas Razorbacks,Auburn Tigers,,FanDuel,7.8,6.47,0.2,2.53,2.0,Not Found
2af5dd9cc92470be266f4c6f519c62de,basketball_ncaab,NCAAB,2026-02-15T01:06:21Z,2026-02-15T02:34:38Z,Virginia Cavaliers @ Ohio State Buckeyes,Ohio State Buckeyes,2026-02-15,FanDuel,1.87,1.71,0.09,3.42,2.0,Not Found
9c6a71fd0589d7d12d95a4e4f3094bb3,soccer_mexico_ligamx,Liga MX,2026-02-15T01:06:00Z,2026-02-15T02:50:09Z,Necaxa @ FC Ju√°rez,Draw,2026-02-15,BetMGM,1.61,1.56,0.03,2.7,3.0,Not Found
3337a464fb1693dc46fd1e402ac66b37,soccer_japan_j_league,J League,2026-02-15T05:00:00Z,2026-02-15T05:42:12Z,Tokyo Verdy @ Kashiwa Reysol,Tokyo Verdy,2026-02-15,DraftKings,16.0,15.27,0.05,2.36,3.0,Not Found
8cf6ff74c6e5d54390b5f38966f35293,soccer_japan_j_league,J League,2026-02-15T04:00:00Z,2026-02-15T05:42:12Z,Kawasaki Frontale @ JEF United Chiba,JEF United Chiba,2026-02-15,DraftKings,7.0,6.71,0.04,2.19,3.0,Not Found
854baf20ac9d88c3cdc2f462bf1fe620,tennis_wta_dubai,WTA Dubai Championships,2026-02-15T07:08:00Z,2026-02-15T07:56:19Z,Ann Li @ Linda Noskova,Ann Li,2026-02-15,DraftKings,8.0,7.74,0.03,4.72,2.0,Not Found
1481c89900b11f60645cad7ce73d15b5,tennis_wta_dubai,WTA Dubai Championships,2026-02-15T09:00:00Z,2026-02-15T09:51:32Z,Elise Mertens @ Marie Bouzkova,Marie Bouzkova,2026-02-15,DraftKings,7.7,5.89,0.31,3.75,2.0,Not Found
09bf8da2a9ab49ed401d5ca56ab26e10,tennis_wta_dubai,WTA Dubai Championships,2026-02-15T08:53:00Z,2026-02-15T09:51:32Z,Kimberly Birrell @ Tatjana Maria,Kimberly Birrell,2026-02-15,DraftKings,1.26,1.22,0.03,2.7,2.0,Not Found
759feabd91596923bbdd2813dee50cc9,tennis_wta_dubai,WTA Dubai Championships,2026-02-15T11:18:00Z,2026-02-15T13:11:24Z,Leylah Fernandez @ Liudmila Samsonova,Liudmila Samsonova,2026-02-15,DraftKings,1.47,1.4,0.05,2.7,2.0,Not Found
ced8fafdc3eca1735d2a71557330cdbb,soccer_denmark_superliga,Denmark Superliga,2026-02-15T13:01:00Z,2026-02-15T13:11:24Z,AGF Aarhus @ FC Fredericia,AGF Aarhus,2026-02-15,DraftKings,2.15,1.8,0.2,2.06,3.0,Not Found
510716a486003d1abdfaee3338317b00,tennis_wta_dubai,WTA Dubai Championships,2026-02-15T15:00:00Z,2026-02-15T15:55:16Z,Alexandra Eala @ Hailey Baptiste,Hailey Baptiste,2026-02-15,FanDuel,4.9,4.58,0.07,3.08,2.0,Not Found
88612b44d4018f12cb08a7bd08edfc63,soccer_spain_segunda_division,La Liga 2 - Spain,2026-02-15T15:15:00Z,2026-02-15T15:55:16Z,AD Ceuta FC @ SD Huesca,Draw,2026-02-15,FanDuel,3.2,3.09,0.04,2.87,3.0,Not Found
38cc9b02adb56093a1770115ce6168ac,soccer_spl,Premiership - Scotland,2026-02-15T16:31:00Z,2026-02-15T17:00:19Z,Hearts @ Rangers,Rangers,2026-02-15,FanDuel,2.0,1.94,0.03,4.72,3.0,Not Found
15b0a667bc55b1f0bd4ca9ad535ba76e,tennis_wta_dubai,WTA Dubai Championships,2026-02-15T16:40:00Z,2026-02-15T17:00:19Z,Sara Bejlek @ Zeynep Sonmez,Zeynep Sonmez,2026-02-15,DraftKings,8.5,7.58,0.12,3.93,2.0,Not Found
83ee55416a5fc4f322e7db6315c3bd7f,soccer_italy_serie_b,Serie B - Italy,2026-02-15T16:16:00Z,2026-02-15T17:00:19Z,Reggiana @ Empoli,Empoli,2026-02-15,FanDuel,4.5,4.31,0.04,3.15,3.0,Not Found
0c167eb18455dd93b9d61c0b8264996f,soccer_spain_segunda_division,La Liga 2 - Spain,2026-02-15T15:15:00Z,2026-02-15T17:00:19Z,Real Racing Club de Santander @ SD Eibar,SD Eibar,2026-02-15,FanDuel,5.6,5.41,0.03,2.45,3.0,Not Found
caa9c3aa585ac28d95f7e5b10b6830f5,basketball_ncaab,NCAAB,2026-02-15T17:01:31Z,2026-02-15T17:36:34Z,Utah Utes @ Cincinnati Bearcats,Utah Utes,2026-02-15,FanDuel,15.0,14.07,0.07,2.48,2.0,Not Found
f388809bd0b806734a4bfb660c49843a,basketball_wncaab,WNCAAB,2026-02-15T17:00:00Z,2026-02-15T17:36:34Z,Vanderbilt Commodores @ Georgia Bulldogs,Georgia Bulldogs,2026-02-15,BetMGM,2.1,2.03,0.04,2.41,2.0,Not Found
