Match,League,Team,Start Time,Pinnacle Edge Book,Pinnacle Edge Odds,Pin Edge Pct,Pinnacle Fair Odds,Result,Scrape Time
Galatasaray @ Eintracht Frankfurt,UEFA Champions League,Eintracht Frankfurt,2025-09-18 15:00:00,Paddy Power,4.0,66.24,2.406,Eintracht Frankfurt,2025-09-18 15:19:40
Seattle Mariners @ Kansas City Royals,MLB,Kansas City Royals,2025-09-18 14:11:00,Unibet (SE),2.95,22.35,2.411,Kansas City Royals,2025-09-18 15:19:40
Cleveland Guardians @ Detroit Tigers,MLB,Cleveland Guardians,2025-09-18 13:11:00,MyBookie.ag,1.4,20.45,1.162,Cleveland Guardians,2025-09-18 15:19:40
FC Kairat @ Sporting Lisbon,UEFA Champions League,Draw,2025-09-18 15:01:00,William Hill,12.0,10.37,10.872,Not Found,2025-09-18 15:19:40
Miami Marlins @ Colorado Rockies,MLB,Colorado Rockies,2025-09-18 15:11:04,Everygame,2.5,10.26,2.267,Miami Marlins,2025-09-18 15:19:40
Oakland Athletics @ Boston Red Sox,MLB,Boston Red Sox,2025-09-18 13:36:00,Bovada,3.5,9.87,3.186,Boston Red Sox,2025-09-18 15:19:40
Napoli @ Manchester City,UEFA Champions League,Napoli,2025-09-18 15:00:00,Paddy Power,6.0,5.93,5.664,Manchester City,2025-09-18 15:19:40
Barcelona @ Newcastle United,UEFA Champions League,Newcastle United,2025-09-18 15:00:00,Paddy Power,2.75,7.16,2.566,Barcelona,2025-09-18 15:36:11
Rochester Red Wings @ Worcester Red Sox,MiLB,Rochester Red Wings,2025-09-18 18:05:00,Bovada,2.2,15.04,1.912,Rochester Red Wings,2025-09-18 16:11:48
Sao Paulo @ LDU Quito,Copa Libertadores,Draw,2025-09-18 18:00:00,Bovada,3.2,6.52,3.004,LDU Quito,2025-09-18 16:48:28
Operario PR @ Botafogo,Brazil Série B,Botafogo,2025-09-18 18:01:00,DraftKings,3.8,15.48,3.291,Not Found,2025-09-18 18:28:48
Omaha Storm Chasers @ Columbus Clippers,MiLB,Omaha Storm Chasers,2025-09-18 18:15:00,Betway,2.4,15.15,2.084,Omaha Storm Chasers,2025-09-18 18:28:48
Los Angeles Angels @ Milwaukee Brewers,MLB,Milwaukee Brewers,2025-09-18 19:41:00,Bovada,1.54,5.94,1.454,Milwaukee Brewers,2025-09-18 18:48:20
Miami Dolphins @ Buffalo Bills,NFL,Miami Dolphins,2025-09-18 20:15:00,Coolbet,7.4,14.69,6.452,Buffalo Bills,2025-09-18 19:10:10
New York Yankees @ Baltimore Orioles,MLB,Baltimore Orioles,2025-09-18 19:16:00,Unibet (SE),4.8,66.28,2.887,New York Yankees,2025-09-18 19:26:51
Chicago Cubs @ Cincinnati Reds,MLB,Chicago Cubs,2025-09-18 19:16:00,Unibet (NL),2.75,16.58,2.359,Cincinnati Reds,2025-09-18 19:26:51
Universidad de Chile @ Alianza Lima,Copa Sudamericana,Draw,2025-09-18 20:30:00,Bovada,3.1,7.76,2.877,Draw,2025-09-18 19:26:51
Indiana Fever @ Atlanta Dream,WNBA,Indiana Fever,2025-09-18 19:33:51,TAB,4.8,16.56,4.118,Indiana Fever,2025-09-18 19:39:19
Salt Lake Bees @ Las Vegas Aviators,MiLB,Salt Lake Bees,2025-09-18 22:05:00,Betway,3.5,34.27,2.607,Salt Lake Bees,2025-09-18 22:19:45
Oklahoma City Baseball Club @ Tacoma Rainiers,MiLB,Tacoma Rainiers,2025-09-18 22:05:00,Betway,2.2,10.0,2.0,Not Found,2025-09-18 22:19:45
San Francisco Giants @ Los Angeles Dodgers,MLB,San Francisco Giants,2025-09-18 22:10:34,Bovada,2.8,7.69,2.6,Los Angeles Dodgers,2025-09-18 23:12:29
Seattle Storm @ Las Vegas Aces,WNBA,Seattle Storm,2025-09-18 21:40:48,Bovada,15.0,439.41,2.781,Las Vegas Aces,2025-09-18 23:43:13
Hanwha Eagles @ KT Wiz,KBO,Hanwha Eagles,2025-09-19 05:30:00,Bovada,1.74,5.11,1.655,Pending,2025-09-19 03:40:24
Yokohama DeNA BayStars @ Hanshin Tigers,NPB,Hanshin Tigers,2025-09-19 05:00:00,William Hill,1.99,9.99,1.809,Hanshin Tigers,2025-09-19 04:44:14
Hiroshima Toyo Carp @ Yomiuri Giants,NPB,Yomiuri Giants,2025-09-19 05:00:39,BetMGM,2.8,72.41,1.624,Yomiuri Giants,2025-09-19 05:12:30
Tokyo Yakult Swallows @ Chunichi Dragons,NPB,Chunichi Dragons,2025-09-19 05:01:02,BetMGM,2.4,28.37,1.87,Tokyo Yakult Swallows,2025-09-19 05:12:30
Henan FC @ Wuhan Three Towns,Super League - China,Wuhan Three Towns,2025-09-19 07:35:00,Coolbet,3.6,6.06,3.394,Henan FC,2025-09-19 05:12:30
Lotte Giants @ NC Dinos,KBO,NC Dinos,2025-09-19 05:30:00,BetRivers,1.8,15.15,1.563,Lotte Giants,2025-09-19 05:32:24
Dalian Yingbo @ Yunnan Yukun,Super League - China,Dalian Yingbo,2025-09-19 08:00:00,Bovada,3.85,7.45,3.583,Draw,2025-09-19 05:32:24
Saitama Seibu Lions @ Tohoku Rakuten Golden Eagles,NPB,Saitama Seibu Lions,2025-09-19 05:00:31,MyBookie.ag,2.25,9.51,2.055,Saitama Seibu Lions,2025-09-19 05:48:25
Hawthorn Hawks @ Geelong Cats,AFL,Geelong Cats,2025-09-19 05:41:00,Unibet,1.74,6.04,1.641,Geelong Cats,2025-09-19 05:48:25
AC Oulu @ FC Haka,Veikkausliiga - Finland,FC Haka,2025-09-19 11:00:00,Bovada,2.55,5.93,2.407,AC Oulu,2025-09-19 09:02:12
TUTO Hockey @ Hermes,Mestis,TUTO Hockey,2025-09-19 11:30:00,Paddy Power,7.5,94.05,3.865,Not Found,2025-09-19 11:48:29
Schweinfurt @ 1. FC Saarbrücken,3. Liga - Germany,Schweinfurt,2025-09-19 13:00:00,Bet Victor,6.5,5.85,6.141,Not Found,2025-09-19 11:48:29
Greuther Fürth @ Arminia Bielefeld,Bundesliga 2 - Germany,Draw,2025-09-19 12:30:00,1xBet,4.25,5.32,4.035,Greuther Fürth,2025-09-19 11:48:29
Jaro @ FC KTP,Veikkausliiga - Finland,FC KTP,2025-09-19 12:00:00,Unibet,3.85,72.35,2.234,Jaro,2025-09-19 12:12:36
SC Preußen Münster @ 1. FC Kaiserslautern,Bundesliga 2 - Germany,SC Preußen Münster,2025-09-19 12:30:00,Nordic Bet,8.6,116.75,3.968,1. FC Kaiserslautern,2025-09-19 12:38:13
Cracovia Kraków @ GKS Katowice,Ekstraklasa - Poland,GKS Katowice,2025-09-19 12:00:00,Coolbet,5.0,80.68,2.767,Cracovia Kraków,2025-09-19 12:38:13
Südtirol @ Frosinone,Serie B - Italy,Südtirol,2025-09-19 13:00:00,Bovada,4.2,10.42,3.804,Draw,2025-09-19 12:52:00
GIF Sundsvall @ Falkenbergs FF,Superettan - Sweden,Falkenbergs FF,2025-09-19 13:00:00,Bovada,1.91,9.34,1.747,Falkenbergs FF,2025-09-19 12:52:00
Besiktas JK @ Goztepe,Turkey Super League,Besiktas JK,2025-09-19 13:01:00,Coolbet,6.0,92.18,3.122,Goztepe,2025-09-19 13:10:44
IK Oddevold @ Västerås SK,Superettan - Sweden,Draw,2025-09-19 13:00:00,Bovada,4.3,5.68,4.069,Västerås SK,2025-09-19 13:10:44
Umeå FC @ Östersunds FK,Superettan - Sweden,Umeå FC,2025-09-19 13:00:00,Paddy Power,12.0,32.42,9.062,Östersunds FK,2025-09-19 13:29:25
FC Fredericia @ OB Odense BK,Denmark Superliga,FC Fredericia,2025-09-19 13:01:00,Unibet,17.0,7.61,15.798,OB Odense BK,2025-09-19 13:48:27
Red Star @ Nancy,Ligue 2 - France,Nancy,2025-09-19 14:00:00,FanDuel,2.85,8.02,2.638,Red Star,2025-09-19 14:15:11
Pau FC @ Boulogne,Ligue 2 - France,Draw,2025-09-19 14:00:00,Sky Bet,26.0,700.0,3.25,Pau FC,2025-09-19 14:45:02
Amiens @ Stade Lavallois,Ligue 2 - France,Stade Lavallois,2025-09-19 14:00:00,DraftKings,7.5,162.81,2.854,Amiens,2025-09-19 14:45:02
Le Mans FC @ USL Dunkerque,Ligue 2 - France,USL Dunkerque,2025-09-19 13:59:00,DraftKings,1.65,39.46,1.183,Draw,2025-09-19 14:45:02
Annecy FC @ Grenoble,Ligue 2 - France,Grenoble,2025-09-19 13:59:00,Tipico,4.3,16.01,3.706,Annecy FC,2025-09-19 14:45:02
FC St. Pauli @ VfB Stuttgart,Bundesliga - Germany,Draw,2025-09-19 14:30:00,BetOnline.ag,3.9,10.34,3.534,VfB Stuttgart,2025-09-19 14:45:02
Clermont @ Rodez AF,Ligue 2 - France,Clermont,2025-09-19 14:00:00,DraftKings,4.5,8.27,4.156,Clermont,2025-09-19 14:45:02
FC Twente Enschede @ Sparta Rotterdam,Dutch Eredivisie,FC Twente Enschede,2025-09-19 14:00:00,Coral,2.7,5.7,2.554,FC Twente Enschede,2025-09-19 14:45:02
Östersunds IK @ Modo Hockey,HockeyAllsvenskan,Östersunds IK,2025-09-19 13:02:00,Unibet (IT),23.0,2200.0,1.0,Modo Hockey,2025-09-19 15:08:12
SD Huesca @ Deportivo La Coruña,La Liga 2 - Spain,Draw,2025-09-19 14:30:00,Tipico,18.0,218.26,5.656,Not Found,2025-09-19 15:08:12
Angers @ Lyon,Ligue 1 - France,Angers,2025-09-19 14:44:00,DraftKings,9.0,28.57,7.0,Lyon,2025-09-19 15:08:12
Jagiellonia Białystok @ Wisła Płock,Ekstraklasa - Poland,Jagiellonia Białystok,2025-09-19 14:31:00,Paddy Power,3.5,14.46,3.058,Jagiellonia Białystok,2025-09-19 15:08:12
Shelbourne Dublin @ Derry City,League of Ireland,Derry City,2025-09-19 14:47:00,FanDuel,2.8,6.96,2.618,Draw,2025-09-19 15:08:12
Waterford FC @ Bohemians,League of Ireland,Waterford FC,2025-09-19 14:45:00,Unibet (SE),18.0,188.06,6.249,Bohemians,2025-09-19 15:24:01
FC Porto @ Rio Ave FC,Primeira Liga - Portugal,Rio Ave FC,2025-09-19 15:16:00,Unibet,26.0,180.14,9.281,Not Found,2025-09-19 15:24:01
Cagliari @ Lecce,Serie A - Italy,Lecce,2025-09-19 14:50:00,Unibet,3.8,128.48,1.663,Cagliari,2025-09-19 15:24:01
Real Sociedad @ Real Betis,La Liga - Spain,Real Sociedad,2025-09-19 15:04:00,TAB,7.5,83.72,4.082,Real Betis,2025-09-19 15:24:01
Galway United @ St Patricks Athletic,League of Ireland,Draw,2025-09-19 14:45:00,Unibet (FR),3.72,13.88,3.267,Draw,2025-09-19 15:24:01
Dender @ Gent,Belgium First Div,Draw,2025-09-19 14:46:00,Sky Bet,6.0,12.43,5.337,Gent,2025-09-19 15:24:01
Shamrock Rovers @ Cork City,League of Ireland,Draw,2025-09-19 14:45:00,Unibet (FR),3.88,10.8,3.502,Draw,2025-09-19 15:24:01
Drogheda United @ Sligo Rovers,League of Ireland,Draw,2025-09-19 14:47:00,Unibet (FR),3.05,9.5,2.785,Draw,2025-09-19 15:24:01
West Bromwich Albion @ Middlesbrough,Championship,West Bromwich Albion,2025-09-19 15:00:00,Coolbet,10.0,176.19,3.621,Middlesbrough,2025-09-19 15:36:38
Bari @ Palermo,Serie B - Italy,Draw,2025-09-19 15:03:00,Bovada,3.55,29.01,2.752,Palermo,2025-09-19 15:48:02
Racing Club @ Atlético Huracán,Primera División - Argentina,Racing Club,2025-09-19 18:00:00,LowVig.ag,4.05,5.42,3.842,Not Found,2025-09-19 16:48:24
Gimnasia La Plata @ Deportivo Riestra,Primera División - Argentina,Deportivo Riestra,2025-09-19 15:59:00,Bovada,2.15,64.89,1.304,Deportivo Riestra,2025-09-19 17:25:54
Atlanta Braves @ Detroit Tigers,MLB,Detroit Tigers,2025-09-19 18:41:00,Winamax (FR),4.7,72.26,2.728,Atlanta Braves,2025-09-19 18:47:38
Velez Sarsfield BA @ San Martin de San Juan,Primera División - Argentina,San Martin de San Juan,2025-09-19 18:15:00,Nordic Bet,5.8,8.9,5.326,Not Found,2025-09-19 18:47:38
Oakland Athletics @ Pittsburgh Pirates,MLB,Oakland Athletics,2025-09-19 18:41:00,GTbets,2.16,8.0,2.0,Not Found,2025-09-19 18:47:38
Chicago Cubs @ Cincinnati Reds,MLB,Cincinnati Reds,2025-09-19 18:41:00,MyBookie.ag,1.96,5.89,1.851,Cincinnati Reds,2025-09-19 18:47:38
Athletic Club (MG) @ Grêmio Novorizontino,Brazil Série B,Draw,2025-09-19 18:00:00,Bovada,3.2,26.57,2.528,Not Found,2025-09-19 19:10:01
Nashville Sounds @ Louisville Bats,MiLB,Nashville Sounds,2025-09-19 19:15:00,BetOnline.ag,2.03,15.23,1.762,Nashville Sounds,2025-09-19 19:10:01
Washington Nationals @ New York Mets,MLB,Washington Nationals,2025-09-19 19:10:25,888sport,4.5,47.92,3.042,New York Mets,2025-09-19 19:26:23
New York Yankees @ Baltimore Orioles,MLB,Baltimore Orioles,2025-09-19 19:06:00,Bovada,2.06,11.29,1.851,New York Yankees,2025-09-19 19:26:23
St. Paul Saints @ Memphis Redbirds,MiLB,Memphis Redbirds,2025-09-19 20:05:00,Caesars,1.8,5.35,1.709,St. Paul Saints,2025-09-19 19:26:23
Boston Red Sox @ Tampa Bay Rays,MLB,Boston Red Sox,2025-09-19 19:36:00,GTbets,1.9,6.46,1.785,Boston Red Sox,2025-09-19 19:38:25
Toronto Blue Jays @ Kansas City Royals,MLB,Kansas City Royals,2025-09-19 19:41:00,MyBookie.ag,2.5,10.83,2.256,Kansas City Royals,2025-09-19 19:49:34
San Diego Padres @ Chicago White Sox,MLB,San Diego Padres,2025-09-19 19:41:00,MyBookie.ag,1.7,7.26,1.585,Chicago White Sox,2025-09-19 19:49:34
Cleveland Guardians @ Minnesota Twins,MLB,Cleveland Guardians,2025-09-19 20:16:00,Bovada,1.92,36.55,1.406,Cleveland Guardians,2025-09-19 20:47:03
Tulsa Golden Hurricane @ Oklahoma State Cowboys,NCAAF,Oklahoma State Cowboys,2025-09-19 19:37:00,FanDuel,3.3,34.51,2.453,Not Found,2025-09-19 20:47:03
Milwaukee Brewers @ St. Louis Cardinals,MLB,St. Louis Cardinals,2025-09-19 20:16:00,Bovada,2.02,25.26,1.613,St. Louis Cardinals,2025-09-19 20:47:03
Iowa Hawkeyes @ Rutgers Scarlet Knights,NCAAF,Rutgers Scarlet Knights,2025-09-19 20:06:27,GTbets,1.88,23.86,1.518,Iowa Hawkeyes,2025-09-19 20:47:03
Seattle Mariners @ Houston Astros,MLB,Seattle Mariners,2025-09-19 20:11:21,Bovada,1.88,21.44,1.548,Seattle Mariners,2025-09-19 20:47:03
Los Angeles Angels @ Colorado Rockies,MLB,Colorado Rockies,2025-09-19 20:11:00,Caesars,2.2,17.45,1.873,Colorado Rockies,2025-09-19 20:47:03
Miami Marlins @ Texas Rangers,MLB,Miami Marlins,2025-09-19 20:08:38,Unibet,3.05,34.77,2.263,Miami Marlins,2025-09-19 22:13:12
Philadelphia Phillies @ Arizona Diamondbacks,MLB,Arizona Diamondbacks,2025-09-19 21:41:00,William Hill,1.8,25.32,1.436,Philadelphia Phillies,2025-09-19 22:13:12
Puebla @ Necaxa,Liga MX,Puebla,2025-09-19 21:00:00,DraftKings,13.0,20.09,10.826,Necaxa,2025-09-19 22:13:12
San Francisco Giants @ Los Angeles Dodgers,MLB,Los Angeles Dodgers,2025-09-19 22:11:00,GTbets,1.79,12.2,1.595,Los Angeles Dodgers,2025-09-19 22:13:12
Salt Lake Bees @ Las Vegas Aviators,MiLB,Salt Lake Bees,2025-09-19 22:05:00,BetRivers,2.5,12.0,2.232,Las Vegas Aviators,2025-09-19 22:13:12
Oklahoma City Baseball Club @ Tacoma Rainiers,MiLB,Tacoma Rainiers,2025-09-19 22:05:00,Bovada,1.8,8.65,1.657,Not Found,2025-09-19 22:13:12
New York Liberty @ Phoenix Mercury,WNBA,New York Liberty,2025-09-19 21:04:07,Unibet (SE),13.0,56.92,8.284,Phoenix Mercury,2025-09-19 23:04:40
León @ Tijuana,Liga MX,Draw,2025-09-19 23:05:00,FanDuel,46.0,335.62,10.56,Tijuana,2025-09-19 23:37:55
Atlas @ Mazatlán FC,Liga MX,Mazatlán FC,2025-09-19 23:14:00,Paddy Power,3.0,9.87,2.73,Draw,2025-09-19 23:50:16
Hiroshima Toyo Carp @ Yomiuri Giants,NPB,Hiroshima Toyo Carp,2025-09-20 01:00:00,FanDuel,2.58,10.57,2.333,Yomiuri Giants,2025-09-20 01:10:19
Saitama Seibu Lions @ Tohoku Rakuten Golden Eagles,NPB,Tohoku Rakuten Golden Eagles,2025-09-20 01:00:00,Caesars,1.91,8.66,1.758,Tohoku Rakuten Golden Eagles,2025-09-20 01:10:19
Chiba Lotte Marines @ Hokkaido Nippon-Ham Fighters,NPB,Chiba Lotte Marines,2025-09-20 01:02:54,FanDuel,4.5,46.83,3.065,Hokkaido Nippon-Ham Fighters,2025-09-20 01:30:49
Orix Buffaloes @ Fukuoka SoftBank Hawks,NPB,Fukuoka SoftBank Hawks,2025-09-20 01:00:55,William Hill,1.66,30.62,1.271,Orix Buffaloes,2025-09-20 01:30:49
Tokyo Yakult Swallows @ Chunichi Dragons,NPB,Tokyo Yakult Swallows,2025-09-20 01:00:38,FanDuel,2.16,11.74,1.933,Chunichi Dragons,2025-09-20 01:30:49
Yokohama DeNA BayStars @ Hanshin Tigers,NPB,Yokohama DeNA BayStars,2025-09-20 01:11:03,Unibet,3.15,21.7,2.588,Yokohama DeNA BayStars,2025-09-20 01:48:14
Sangju Sangmu FC @ Jeonbuk Hyundai Motors,K League 1,Sangju Sangmu FC,2025-09-20 03:30:00,Bovada,4.3,9.17,3.939,Sangju Sangmu FC,2025-09-20 03:09:36
Brisbane Lions @ Collingwood Magpies,AFL,Brisbane Lions,2025-09-20 03:16:05,PointsBet (AU),2.9,21.76,2.382,Brisbane Lions,2025-09-20 03:25:50
Shonan Bellmare @ Nagoya Grampus,J League,Shonan Bellmare,2025-09-20 04:03:00,DraftKings,9.5,107.94,4.569,Nagoya Grampus,2025-09-20 04:13:24
Samsung Lions @ LG Twins,KBO,LG Twins,2025-09-20 04:00:00,BetMGM,3.1,69.68,1.827,Samsung Lions,2025-09-20 04:13:24
Doosan Bears @ SSG Landers,KBO,Doosan Bears,2025-09-20 04:01:23,DraftKings,5.0,53.41,3.259,SSG Landers,2025-09-20 04:13:24
Kiwoom Heroes @ Lotte Giants,KBO,Lotte Giants,2025-09-20 04:01:07,Caesars,1.67,21.81,1.371,Kiwoom Heroes,2025-09-20 04:13:24
Hanwha Eagles @ KT Wiz,KBO,Hanwha Eagles,2025-09-20 04:00:41,FanDuel,1.88,21.67,1.545,KT Wiz,2025-09-20 04:13:24
NC Dinos @ Kia Tigers,KBO,NC Dinos,2025-09-20 04:00:59,FanDuel,4.2,79.38,2.341,Kia Tigers,2025-09-20 04:35:10
Shimizu S Pulse @ Kyoto Purple Sanga,J League,Shimizu S Pulse,2025-09-20 06:00:00,Bovada,3.75,7.65,3.484,Shimizu S Pulse,2025-09-20 05:10:20
Albirex Niigata @ Yokohama FC,J League,Yokohama FC,2025-09-20 05:03:00,Bovada,2.47,5.27,2.346,Yokohama FC,2025-09-20 05:10:20
Fagiano Okayama @ Tokyo Verdy,J League,Fagiano Okayama,2025-09-20 05:03:00,Coolbet,11.0,179.6,3.934,Tokyo Verdy,2025-09-20 05:27:49
Kashiwa Reysol @ Cerezo Osaka,J League,Cerezo Osaka,2025-09-20 05:33:00,Casumo,2.8,8.28,2.586,Draw,2025-09-20 05:50:43
Zhejiang @ Changchun Yatai,Super League - China,Zhejiang,2025-09-20 07:00:00,Bovada,1.93,12.36,1.718,Draw,2025-09-20 06:10:25
FC Tokyo @ Kawasaki Frontale,J League,FC Tokyo,2025-09-20 06:04:00,Tipico,4.5,8.63,4.143,FC Tokyo,2025-09-20 06:10:25
Daegu FC @ Daejeon Citizen,K League 1,Daegu FC,2025-09-20 06:00:00,DraftKings,26.0,582.64,3.809,Daejeon Citizen,2025-09-20 06:31:27
Avispa Fukuoka @ Yokohama F Marinos,J League,Avispa Fukuoka,2025-09-20 06:03:00,Coolbet,7.0,115.15,3.254,Yokohama F Marinos,2025-09-20 06:31:27
Kashima Antlers @ Urawa Red Diamonds,J League,Kashima Antlers,2025-09-20 06:04:00,Unibet (FR),2.55,42.67,1.787,Kashima Antlers,2025-09-20 06:31:27
Elversberg @ Eintracht Braunschweig,Bundesliga 2 - Germany,Elversberg,2025-09-20 07:00:00,Bovada,2.25,7.13,2.1,Elversberg,2025-09-20 06:31:27
Piast Gliwice @ Radomiak Radom,Ekstraklasa - Poland,Radomiak Radom,2025-09-20 06:15:00,Coolbet,2.88,8.83,2.646,Radomiak Radom,2025-09-20 06:48:32
Trelleborgs FF @ Varbergs BoIS,Superettan - Sweden,Trelleborgs FF,2025-09-20 07:00:00,DraftKings,12.0,124.03,5.357,Varbergs BoIS,2025-09-20 07:07:55
FC Schalke 04 @ 1. FC Magdeburg,Bundesliga 2 - Germany,FC Schalke 04,2025-09-20 07:00:00,Suprabets,2.85,58.27,1.801,FC Schalke 04,2025-09-20 07:24:10
SC Paderborn @ Hertha Berlin,Bundesliga 2 - Germany,Draw,2025-09-20 07:01:00,Suprabets,3.85,7.72,3.574,SC Paderborn,2025-09-20 07:24:10
Bryne FK @ Fredrikstad FK,Eliteserien - Norway,Bryne FK,2025-09-20 08:00:00,Coolbet,5.75,11.63,5.151,Draw,2025-09-20 07:36:44
Örgryte IS @ Helsingborgs IF,Superettan - Sweden,Draw,2025-09-20 07:00:00,Bovada,3.4,9.8,3.097,Örgryte IS,2025-09-20 07:36:44
Everton @ Liverpool,EPL,Everton,2025-09-20 07:30:00,Bet Victor,17.0,164.51,6.427,Liverpool,2025-09-20 07:48:25
Wigan Athletic @ Bolton Wanderers,League 1,Wigan Athletic,2025-09-20 07:30:00,Bet Victor,9.5,133.38,4.071,Bolton Wanderers,2025-09-20 07:48:25
Luton @ Lincoln City,League 1,Luton,2025-09-20 07:30:00,PointsBet (AU),4.5,84.64,2.437,Lincoln City,2025-09-20 07:48:25
Fleetwood Town @ Cambridge United,League 2,Fleetwood Town,2025-09-20 07:30:00,Bet Victor,4.8,10.77,4.333,Cambridge United,2025-09-20 07:48:25
Stoke City @ Queens Park Rangers,Championship,Queens Park Rangers,2025-09-20 07:30:00,Tipico,3.2,9.78,2.915,Queens Park Rangers,2025-09-20 07:48:25
Swansea City @ Birmingham City,Championship,Swansea City,2025-09-20 07:31:00,Bovada,4.4,7.77,4.083,Birmingham City,2025-09-20 07:48:25
FC Viktoria Köln 1904 @ VfB Stuttgart II,3. Liga - Germany,VfB Stuttgart II,2025-09-20 08:00:00,BetOnline.ag,2.62,6.93,2.45,Not Found,2025-09-20 07:48:25
SC Bastia @ Montpellier,Ligue 2 - France,SC Bastia,2025-09-20 08:00:00,888sport,29.0,564.3,4.366,Montpellier,2025-09-20 08:18:41
Guingamp @ Troyes,Ligue 2 - France,Troyes,2025-09-20 08:00:00,Tipico,2.9,50.23,1.93,Troyes,2025-09-20 08:18:41
Qingdao West Coast FC @ Meizhou Hakka,Super League - China,Draw,2025-09-20 07:35:00,Bovada,3.35,11.73,2.998,Qingdao West Coast FC,2025-09-20 08:18:41
Shandong Luneng Taishan FC @ Qingdao Hainiu FC,Super League - China,Shandong Luneng Taishan FC,2025-09-20 08:00:00,Unibet (FR),1.9,11.55,1.703,Draw,2025-09-20 08:18:41
Örebro SK @ IK Brage,Superettan - Sweden,Örebro SK,2025-09-20 09:00:00,Coolbet,3.55,7.87,3.291,Örebro SK,2025-09-20 08:18:41
Barnsley @ Blackpool,League 1,Barnsley,2025-09-20 07:30:00,DraftKings,3.15,7.68,2.925,Blackpool,2025-09-20 08:18:41
IF Elfsborg @ GAIS,Allsvenskan - Sweden,GAIS,2025-09-20 09:00:00,888sport,2.05,5.99,1.934,GAIS,2025-09-20 08:18:41
Genoa @ Bologna,Serie A - Italy,Draw,2025-09-20 09:00:00,Bovada,3.25,5.76,3.073,Bologna,2025-09-20 08:18:41
Shrewsbury Town @ Harrogate Town,League 2,Shrewsbury Town,2025-09-20 07:30:00,Paddy Power,15.0,330.43,3.485,Harrogate Town,2025-09-20 08:58:07
Levante @ Girona,La Liga - Spain,Levante,2025-09-20 08:00:00,Unibet (FR),3.88,185.12,1.361,Levante,2025-09-20 08:58:07
Coventry City @ Leicester City,Championship,Coventry City,2025-09-20 07:30:00,FanDuel,4.5,41.72,3.175,Draw,2025-09-20 08:58:07
Erzgebirge Aue @ VfL Osnabrück,3. Liga - Germany,Draw,2025-09-20 08:03:01,Bovada,3.4,14.55,2.968,Not Found,2025-09-20 08:58:07
Wehen Wiesbaden @ FC Ingolstadt 04,3. Liga - Germany,Draw,2025-09-20 08:00:02,Bovada,3.5,14.39,3.06,Not Found,2025-09-20 08:58:07
Waldhof Mannheim @ Alemannia Aachen,3. Liga - Germany,Alemannia Aachen,2025-09-20 08:01:36,Tipico,12.0,679.1,1.54,Alemannia Aachen,2025-09-20 09:30:09
Hansa Rostock @ Rot-Weiss Essen,3. Liga - Germany,Draw,2025-09-20 08:03:01,Casumo,26.0,128.96,11.356,Rot-Weiss Essen,2025-09-20 09:30:09
1. FC Heidenheim @ Hamburger SV,Bundesliga - Germany,Hamburger SV,2025-09-20 09:30:00,Bovada,2.05,10.55,1.854,Hamburger SV,2025-09-20 09:30:09
Sandvikens IF @ Kalmar FF,Superettan - Sweden,Draw,2025-09-20 09:00:00,Bovada,4.5,10.08,4.088,Kalmar FF,2025-09-20 09:30:09
Cesena FC @ Venezia,Serie B - Italy,Draw,2025-09-20 09:12:00,Bovada,3.0,6.75,2.81,Not Found,2025-09-20 09:30:09
Juve Stabia @ Spezia,Serie B - Italy,Juve Stabia,2025-09-20 09:02:00,Bovada,4.2,257.59,1.175,Juve Stabia,2025-09-20 09:47:55
FSV Mainz 05 @ Augsburg,Bundesliga - Germany,Augsburg,2025-09-20 09:30:00,Coolbet,5.5,96.61,2.797,FSV Mainz 05,2025-09-20 09:47:55
Korona Kielce @ Arka Gdynia,Ekstraklasa - Poland,Draw,2025-09-20 08:45:00,Bovada,3.12,24.96,2.497,Draw,2025-09-20 09:47:55
Bayern Munich @ TSG Hoffenheim,Bundesliga - Germany,TSG Hoffenheim,2025-09-20 09:30:00,Suprabets,9.5,20.86,7.86,Bayern Munich,2025-09-20 09:47:55
Djurgardens IF @ Malmo FF,Allsvenskan - Sweden,Djurgardens IF,2025-09-20 09:00:00,Tipico,5.0,14.41,4.37,Djurgardens IF,2025-09-20 09:47:55
Gillingham @ Newport County,League 2,Gillingham,2025-09-20 10:00:00,DraftKings,5.5,171.57,2.025,Gillingham,2025-09-20 10:09:03
Exeter City @ Stevenage,League 1,Exeter City,2025-09-20 10:00:00,Unibet,15.0,164.77,5.665,Stevenage,2025-09-20 10:09:03
SC Freiburg @ Werder Bremen,Bundesliga - Germany,Werder Bremen,2025-09-20 09:30:00,DraftKings,6.0,133.79,2.566,SC Freiburg,2025-09-20 10:09:03
Nottingham Forest @ Burnley,EPL,Burnley,2025-09-20 10:00:00,Bet Victor,8.0,118.64,3.659,Draw,2025-09-20 10:09:03
Swindon Town @ Salford City,League 2,Swindon Town,2025-09-20 10:00:00,DraftKings,6.5,107.92,3.126,Salford City,2025-09-20 10:09:03
Landskrona BoIS @ Utsiktens BK,Superettan - Sweden,Utsiktens BK,2025-09-20 09:00:00,Bovada,3.4,99.66,1.703,Utsiktens BK,2025-09-20 10:09:03
Leeds United @ Wolverhampton Wanderers,EPL,Leeds United,2025-09-20 10:00:00,Betclic (FR),5.25,92.76,2.724,Leeds United,2025-09-20 10:09:03
Tottenham Hotspur @ Brighton and Hove Albion,EPL,Tottenham Hotspur,2025-09-20 10:00:00,Unibet (IT),6.25,78.42,3.503,Draw,2025-09-20 10:09:03
Accrington Stanley @ Milton Keynes Dons,League 2,Accrington Stanley,2025-09-20 10:00:00,DraftKings,8.0,11.15,7.197,Accrington Stanley,2025-09-20 10:09:03
Alverca @ Santa Clara,Primeira Liga - Portugal,Alverca,2025-09-20 10:30:00,Bovada,6.25,9.36,5.715,Santa Clara,2025-09-20 10:09:03
RAAL La Louvière @ Leuven,Belgium First Div,Draw,2025-09-20 10:00:00,Suprabets,3.5,6.72,3.28,RAAL La Louvière,2025-09-20 10:09:03
Wrexham AFC @ Norwich City,Championship,Norwich City,2025-09-20 10:00:00,BetOnline.ag,2.2,6.45,2.067,Wrexham AFC,2025-09-20 10:09:03
Livingston @ Dundee FC,Premiership - Scotland,Dundee FC,2025-09-20 10:00:00,PointsBet (AU),3.34,5.87,3.155,Dundee FC,2025-09-20 10:09:03
CD Castellón @ Cultural Leonesa,La Liga 2 - Spain,Cultural Leonesa,2025-09-20 10:15:00,Winamax (DE),21.0,485.57,3.586,Not Found,2025-09-20 10:28:49
Northampton Town @ Wycombe Wanderers,League 1,Northampton Town,2025-09-20 10:00:00,PointsBet (AU),13.0,164.4,4.917,Wycombe Wanderers,2025-09-20 10:28:49
Mansfield Town @ Port Vale,League 1,Mansfield Town,2025-09-20 09:59:00,Bovada,8.5,148.39,3.422,Port Vale,2025-09-20 10:28:49
Southampton @ Hull City,Championship,Southampton,2025-09-20 10:00:00,Coolbet,5.5,111.79,2.597,Hull City,2025-09-20 10:28:49
Leyton Orient @ Reading,League 1,Leyton Orient,2025-09-20 10:00:00,Coolbet,6.5,109.6,3.101,Reading,2025-09-20 10:28:49
Sheffield Wednesday @ Portsmouth,Championship,Portsmouth,2025-09-20 10:00:00,Coolbet,4.0,101.05,1.99,Sheffield Wednesday,2025-09-20 10:28:49
Bradford City @ Cardiff City,League 1,Cardiff City,2025-09-20 10:00:00,Coolbet,3.5,81.52,1.928,Bradford City,2025-09-20 10:28:49
Espanyol @ Real Madrid,La Liga - Spain,Espanyol,2025-09-20 10:15:00,1xBet,16.7,33.99,12.463,Real Madrid,2025-09-20 10:28:49
Ried @ Austria Wien,Austrian Football Bundesliga,Ried,2025-09-20 11:00:00,Bovada,4.3,16.06,3.705,Austria Wien,2025-09-20 10:28:49
Tranmere Rovers @ Walsall,League 2,Tranmere Rovers,2025-09-20 10:00:00,Paddy Power,13.0,14.99,11.305,Walsall,2025-09-20 10:28:49
Peterborough United @ Plymouth Argyle,League 1,Peterborough United,2025-09-20 10:00:00,Coolbet,4.0,13.23,3.533,Peterborough United,2025-09-20 10:28:49
Chesterfield FC @ Bromley FC,League 2,Chesterfield FC,2025-09-20 10:00:00,Tipico,6.0,9.67,5.471,Draw,2025-09-20 10:28:49
Oldham Athletic @ Cheltenham Town,League 2,Oldham Athletic,2025-09-20 10:00:00,Unibet (SE),2.55,8.9,2.342,Oldham Athletic,2025-09-20 10:28:49
US Catanzaro 1929 @ Reggiana,Serie B - Italy,US Catanzaro 1929,2025-09-20 09:05:00,Tipico,3.8,8.48,3.503,Not Found,2025-09-20 10:28:49
Ipswich Town @ Blackburn Rovers,Championship,Blackburn Rovers,2025-09-20 10:00:00,Coolbet,4.33,7.85,4.015,Draw,2025-09-20 10:28:49
Bristol Rovers @ Colchester United,League 2,Draw,2025-09-20 10:00:00,Bovada,3.1,7.56,2.882,Draw,2025-09-20 10:28:49
Preston North End @ Derby County,Championship,Derby County,2025-09-20 10:00:00,Tipico,2.8,7.05,2.616,Preston North End,2025-09-20 10:28:49
Crewe Alexandra @ Barrow,League 2,Barrow,2025-09-20 10:00:00,888sport,3.4,5.92,3.21,Barrow,2025-09-20 10:28:49
Charlton Athletic @ Sheffield United,Championship,Charlton Athletic,2025-09-20 10:00:00,FanDuel,4.7,5.56,4.453,Charlton Athletic,2025-09-20 10:28:49
Crawley Town @ Notts County,League 2,Crawley Town,2025-09-20 10:00:00,Tipico,12.0,199.67,4.004,Notts County,2025-09-20 10:48:23
Grimsby Town @ Barnet,League 2,Grimsby Town,2025-09-20 10:00:00,Bet Victor,11.5,191.83,3.941,Barnet,2025-09-20 10:48:23
Eyüpspor @ Genclerbirligi SK,Turkey Super League,Eyüpspor,2025-09-20 10:00:00,Coolbet,8.5,173.23,3.111,Genclerbirligi SK,2025-09-20 10:48:23
Crystal Palace @ West Ham United,EPL,Crystal Palace,2025-09-20 10:00:00,MyBookie.ag,2.25,49.21,1.508,Crystal Palace,2025-09-20 10:48:23
SK Brann @ Sandefjord,Eliteserien - Norway,Sandefjord,2025-09-20 10:00:00,Tipico,10.0,16.56,8.58,SK Brann,2025-09-20 10:48:23
TSG Hoffenheim II @ TSV 1860 München,3. Liga - Germany,TSG Hoffenheim II,2025-09-20 10:30:33,Bovada,4.0,13.12,3.536,Not Found,2025-09-20 10:48:23
Wimbledon @ Doncaster Rovers,League 1,Wimbledon,2025-09-20 10:00:00,Coolbet,4.5,11.59,4.032,Wimbledon,2025-09-20 10:48:23
Wolfsberger AC @ Hartberg,Austrian Football Bundesliga,Hartberg,2025-09-20 11:00:00,FanDuel,4.7,8.21,4.343,Draw,2025-09-20 10:48:23
Sturm Graz @ RB Salzburg,Austrian Football Bundesliga,Sturm Graz,2025-09-20 11:00:00,Coolbet,4.2,7.04,3.924,Sturm Graz,2025-09-20 10:48:23
Stockport County FC @ Rotherham United,League 1,Rotherham United,2025-09-20 10:00:00,Coolbet,4.33,6.93,4.049,Stockport County FC,2025-09-20 10:48:23
Atromitos Athens @ Panserraikos FC,Super League - Greece,Draw,2025-09-20 11:00:00,Bet Victor,3.2,5.41,3.036,Draw,2025-09-20 10:48:23
Excelsior @ FC Volendam,Dutch Eredivisie,Excelsior,2025-09-20 10:29:00,Bovada,2.9,50.42,1.928,Excelsior,2025-09-20 11:09:06
Östers IF @ Mjällby AIF,Allsvenskan - Sweden,Östers IF,2025-09-20 11:30:00,Unibet (SE),7.5,16.68,6.428,Draw,2025-09-20 11:09:06
Burton Albion @ Huddersfield Town,League 1,Draw,2025-09-20 10:00:00,Bovada,3.25,15.64,2.81,Draw,2025-09-20 11:09:06
Arouca @ Nacional,Primeira Liga - Portugal,Draw,2025-09-20 10:30:00,Bovada,3.15,12.09,2.81,Not Found,2025-09-20 11:09:06
Rennes @ Nantes,Ligue 1 - France,Nantes,2025-09-20 11:00:00,Suprabets,4.45,8.85,4.088,Draw,2025-09-20 11:09:06
Aris Thessaloniki @ AE Kifisia FC,Super League - Greece,Draw,2025-09-20 11:00:00,Suprabets,3.7,7.03,3.457,Aris Thessaloniki,2025-09-20 11:09:06
Maryland Terrapins @ Wisconsin Badgers,NCAAF,Maryland Terrapins,2025-09-20 11:59:00,BetUS,4.38,8.23,4.047,Maryland Terrapins,2025-09-20 11:39:04
Sampdoria @ Monza,Serie B - Italy,Sampdoria,2025-09-20 11:18:00,DraftKings,11.0,130.37,4.775,Monza,2025-09-20 11:50:06
KalPa @ TPS,Liiga,KalPa,2025-09-20 10:00:00,William Hill,2.05,105.0,1.0,Not Found,2025-09-20 12:11:48
Arkansas Razorbacks @ Memphis Tigers,NCAAF,Memphis Tigers,2025-09-20 11:59:00,FanDuel,5.5,65.36,3.326,Memphis Tigers,2025-09-20 12:11:48
North Texas Mean Green @ Army Black Knights,NCAAF,Army Black Knights,2025-09-20 12:00:00,Unibet (SE),2.7,18.25,2.283,North Texas Mean Green,2025-09-20 12:11:48
SMU Mustangs @ TCU Horned Frogs,NCAAF,SMU Mustangs,2025-09-20 12:03:00,DraftKings,3.5,14.55,3.056,TCU Horned Frogs,2025-09-20 12:11:48
Bowling Green Falcons @ Louisville Cardinals,NCAAF,Bowling Green Falcons,2025-09-20 12:05:00,DraftKings,21.0,9.96,19.097,Louisville Cardinals,2025-09-20 12:11:48
1. FC Köln @ RB Leipzig,Bundesliga - Germany,Draw,2025-09-20 12:30:00,1xBet,4.36,8.01,4.037,RB Leipzig,2025-09-20 12:11:48
Charlotte FC @ New York City FC,MLS,New York City FC,2025-09-20 12:00:00,Bovada,1.93,7.64,1.793,New York City FC,2025-09-20 12:11:48
SV Zulte-Waregem @ Charleroi,Belgium First Div,Draw,2025-09-20 12:15:00,Unibet (NL),4.0,6.74,3.748,SV Zulte-Waregem,2025-09-20 12:11:48
CA Osasuna @ Villarreal,La Liga - Spain,Draw,2025-09-20 12:30:00,Bovada,4.1,6.53,3.849,Villarreal,2025-09-20 12:11:48
UNLV Rebels @ Miami (OH) RedHawks,NCAAF,UNLV Rebels,2025-09-20 12:05:00,Bovada,2.05,6.45,1.926,UNLV Rebels,2025-09-20 12:11:48
Juventus @ Hellas Verona,Serie A - Italy,Hellas Verona,2025-09-20 12:00:00,FanDuel,8.0,6.23,7.531,Draw,2025-09-20 12:11:48
Lech Poznań @ Nieciecza,Ekstraklasa - Poland,Nieciecza,2025-09-20 11:32:00,DraftKings,11.0,208.28,3.568,Lech Poznań,2025-09-20 12:32:53
Kayserispor @ Antalyaspor,Turkey Super League,Kayserispor,2025-09-20 13:00:00,Bovada,3.6,9.8,3.279,Draw,2025-09-20 12:32:53
Sevilla @ Alavés,La Liga - Spain,Draw,2025-09-20 12:30:00,Sky Bet,3.2,6.3,3.01,Sevilla,2025-09-20 12:32:53
Benfica @ AVS Futebol SAD,Primeira Liga - Portugal,AVS Futebol SAD,2025-09-20 13:00:00,Marathon Bet,17.75,5.73,16.788,Not Found,2025-09-20 12:32:53
Texas Tech Red Raiders @ Utah Utes,NCAAF,Utah Utes,2025-09-20 12:10:43,MyBookie.ag,3.0,18.05,2.541,Texas Tech Red Raiders,2025-09-20 12:48:28
Las Palmas @ Leganés,La Liga 2 - Spain,Las Palmas,2025-09-20 12:31:00,Paddy Power,4.2,13.27,3.708,Las Palmas,2025-09-20 12:48:28
KFUM @ Vålerenga,Eliteserien - Norway,KFUM,2025-09-20 12:00:00,Coolbet,3.25,11.95,2.903,Draw,2025-09-20 12:48:28
Gazişehir Gaziantep @ Trabzonspor,Turkey Super League,Gazişehir Gaziantep,2025-09-20 13:00:00,Bovada,5.15,5.55,4.879,Draw,2025-09-20 12:48:28
Viborg FF @ FC Midtjylland,Denmark Superliga,Viborg FF,2025-09-20 12:00:00,Tipico,4.5,5.05,4.284,FC Midtjylland,2025-09-20 12:48:28
Chelsea @ Manchester United,EPL,Draw,2025-09-20 12:30:00,Winamax (FR),29.0,256.87,8.126,Manchester United,2025-09-20 13:07:49
Nice @ Brest,Ligue 1 - France,Nice,2025-09-20 13:00:00,Casumo,4.5,90.95,2.357,Brest,2025-09-20 13:07:49
CD Mirandés @ Andorra CF,La Liga 2 - Spain,Andorra CF,2025-09-20 12:30:00,Betway,1.95,46.41,1.332,Not Found,2025-09-20 13:07:49
Scranton/Wilkes-Barre RailRiders @ Buffalo Bisons,MiLB,Buffalo Bisons,2025-09-20 13:05:00,William Hill,2.3,10.97,2.073,Not Found,2025-09-20 13:07:49
Asteras Tripolis @ Volos FC,Super League - Greece,Draw,2025-09-20 13:00:00,1xBet,3.3,5.2,3.137,Volos FC,2025-09-20 13:07:49
SC Telstar @ Groningen,Dutch Eredivisie,SC Telstar,2025-09-20 12:45:00,Tipico,18.0,209.89,5.809,Groningen,2025-09-20 13:25:37
Syracuse Orange @ Clemson Tigers,NCAAF,Clemson Tigers,2025-09-20 11:51:00,BetMGM,3.3,126.26,1.458,Syracuse Orange,2025-09-20 13:25:37
Atlanta Braves @ Detroit Tigers,MLB,Atlanta Braves,2025-09-20 13:11:00,Nordic Bet,2.71,16.04,2.335,Atlanta Braves,2025-09-20 13:25:37
Modena @ Mantova,Serie B - Italy,Modena,2025-09-20 13:30:00,Bovada,2.44,7.81,2.263,Modena,2025-09-20 13:25:37
Panetolikos Agrinio @ PAOK Thessaloniki,Super League - Greece,Panetolikos Agrinio,2025-09-20 13:30:00,1xBet,26.0,6.39,24.438,Draw,2025-09-20 13:25:37
New England Revolution @ Philadelphia Union,MLS,New England Revolution,2025-09-20 14:30:00,Bovada,6.25,11.57,5.602,Philadelphia Union,2025-09-20 13:36:55
Sarmiento de Junin @ Barracas Central,Primera División - Argentina,Sarmiento de Junin,2025-09-20 13:30:00,Bovada,4.2,5.87,3.967,Sarmiento de Junin,2025-09-20 13:48:25
Stade de Reims @ Saint Etienne,Ligue 2 - France,Saint Etienne,2025-09-20 14:00:00,DraftKings,2.25,6.5,2.113,Saint Etienne,2025-09-20 14:12:58
FC Utrecht @ Fortuna Sittard,Dutch Eredivisie,FC Utrecht,2025-09-20 14:00:00,Coral,4.8,90.97,2.514,Fortuna Sittard,2025-09-20 14:36:16
Cleveland Guardians @ Minnesota Twins,MLB,Minnesota Twins,2025-09-20 14:11:00,Caesars,3.9,61.76,2.411,Cleveland Guardians,2025-09-20 14:36:16
AC Milan @ Udinese,Serie A - Italy,AC Milan,2025-09-20 14:45:00,Bovada,1.85,6.4,1.739,AC Milan,2025-09-20 14:36:16
Legia Warszawa @ Raków Częstochowa,Ekstraklasa - Poland,Legia Warszawa,2025-09-20 14:15:00,FanDuel,2.8,64.58,1.701,Draw,2025-09-20 15:07:05
Purdue Boilermakers @ Notre Dame Fighting Irish,NCAAF,Purdue Boilermakers,2025-09-20 15:30:00,Ladbrokes,17.0,16.09,14.644,Notre Dame Fighting Irish,2025-09-20 15:07:05
Paysandu @ Goiás,Brazil Série B,Paysandu,2025-09-20 15:03:00,FanDuel,5.5,7.13,5.134,Goiás,2025-09-20 15:07:05
Fluminense @ Vitoria,Brazil Série A,Vitoria,2025-09-20 15:00:00,Coolbet,3.0,7.1,2.801,Fluminense,2025-09-20 15:07:05
VfL Bochum @ 1. FC Nürnberg,Bundesliga 2 - Germany,VfL Bochum,2025-09-20 14:30:00,Tipico,3.3,5.71,3.122,1. FC Nürnberg,2025-09-20 15:07:05
Royal Antwerp @ Anderlecht,Belgium First Div,Royal Antwerp,2025-09-20 14:45:00,Tipico,5.5,5.39,5.219,Draw,2025-09-20 15:07:05
Ball State Cardinals @ UConn Huskies,NCAAF,Ball State Cardinals,2025-09-20 15:30:00,DraftKings,11.0,5.28,10.449,UConn Huskies,2025-09-20 15:07:05
Brentford @ Fulham,EPL,Fulham,2025-09-20 15:00:00,Unibet,4.8,96.79,2.439,Fulham,2025-09-20 15:21:31
Athletic Bilbao @ Valencia,La Liga - Spain,Valencia,2025-09-20 15:01:00,Tipico,4.3,19.94,3.585,Valencia,2025-09-20 15:21:31
Braga @ Vitória SC,Primeira Liga - Portugal,Vitória SC,2025-09-20 15:30:00,1xBet,4.6,6.14,4.334,Not Found,2025-09-20 15:21:31
Lille @ RC Lens,Ligue 1 - France,Lille,2025-09-20 15:05:00,FanDuel,7.0,112.73,3.291,RC Lens,2025-09-20 15:35:14
Sporting Gijón @ Almería,La Liga 2 - Spain,Almería,2025-09-20 15:00:00,PointsBet (AU),4.0,101.1,1.989,Not Found,2025-09-20 15:35:14
Northern Illinois Huskies @ Mississippi State Bulldogs,NCAAF,Northern Illinois Huskies,2025-09-20 16:15:00,Marathon Bet,15.75,23.41,12.762,API Error,2025-09-20 15:35:14
Heracles Almelo @ NAC Breda,Dutch Eredivisie,NAC Breda,2025-09-20 15:01:00,Ladbrokes,3.6,11.07,3.241,NAC Breda,2025-09-20 15:35:14
St. Paul Saints @ Memphis Redbirds,MiLB,Memphis Redbirds,2025-09-20 16:05:00,BetOnline.ag,1.91,8.64,1.758,St. Paul Saints,2025-09-20 15:35:14
Temple Owls @ Georgia Tech Yellow Jackets,NCAAF,Temple Owls,2025-09-20 16:30:00,Marathon Bet,15.25,5.52,14.452,API Error,2025-09-20 15:47:49
Eduardo Hernandez @ Joel Iriarte,Boxing,Eduardo Hernandez,2025-09-20 17:00:00,Paddy Power,41.0,121.92,18.475,Not Found,2025-09-20 16:10:18
North Carolina Tar Heels @ UCF Knights,NCAAF,North Carolina Tar Heels,2025-09-20 15:49:00,Caesars,5.5,65.0,3.333,UCF Knights,2025-09-20 16:10:18
NC State Wolfpack @ Duke Blue Devils,NCAAF,Duke Blue Devils,2025-09-20 16:05:12,FanDuel,2.2,29.7,1.696,Not Found,2025-09-20 16:10:18
Malik Lewis @ Oscar Alan Perez,Boxing,Malik Lewis,2025-09-20 17:00:00,1xBet,10.0,10.89,9.018,Not Found,2025-09-20 16:10:18
Independiente Rivadavia @ Union Santa Fe,Primera División - Argentina,Independiente Rivadavia,2025-09-20 15:45:00,Bet Victor,5.25,162.82,1.998,Draw,2025-09-20 16:28:10
Washington Nationals @ New York Mets,MLB,Washington Nationals,2025-09-20 16:10:26,William Hill,3.3,28.06,2.577,New York Mets,2025-09-20 16:28:10
Tulane Green Wave @ Ole Miss Rebels,NCAAF,Tulane Green Wave,2025-09-20 12:35:00,Caesars,9.5,21.51,7.818,Ole Miss Rebels,2025-09-20 16:28:10
Omaha Storm Chasers @ Columbus Clippers,MiLB,Omaha Storm Chasers,2025-09-20 17:05:00,BetOnline.ag,2.25,7.95,2.084,Omaha Storm Chasers,2025-09-20 16:28:10
Auburn Tigers @ Oklahoma Sooners,NCAAF,Auburn Tigers,2025-09-20 12:12:00,GTbets,3.07,12.87,2.72,Oklahoma Sooners,2025-09-20 16:39:44
Michigan Wolverines @ Nebraska Cornhuskers,NCAAF,Michigan Wolverines,2025-09-20 11:59:00,BetMGM,1.8,33.37,1.35,Michigan Wolverines,2025-09-20 17:08:16
Idaho Vandals @ San Jose State Spartans,NCAAF,Idaho Vandals,2025-09-20 17:00:00,Betsson,6.29,9.14,5.763,Not Found,2025-09-20 17:08:16
San Diego FC @ Atlanta United FC,MLS,San Diego FC,2025-09-20 16:40:00,PointsBet (AU),2.85,8.95,2.616,Not Found,2025-09-20 17:08:16
James Madison Dukes @ Liberty Flames,NCAAF,Liberty Flames,2025-09-20 15:30:00,FanDuel,3.4,7.97,3.149,James Madison Dukes,2025-09-20 17:24:39
Duquesne Dukes @ Akron Zips,NCAAF,Duquesne Dukes,2025-09-20 18:07:00,Paddy Power,4.33,6.34,4.072,Not Found,2025-09-20 17:36:30
Volta Redonda @ Amazonas FC,Brazil Série B,Volta Redonda,2025-09-20 17:31:00,Unibet,10.5,160.65,4.028,Not Found,2025-09-20 17:48:21
Ferroviária @ Avai,Brazil Série B,Avai,2025-09-20 17:30:00,FanDuel,2.58,53.8,1.678,Draw,2025-09-20 17:48:21
Arkansas State Red Wolves @ Kennesaw State Owls,NCAAF,Arkansas State Red Wolves,2025-09-20 18:02:23,FanDuel,2.12,34.59,1.575,Not Found,2025-09-20 18:08:55
West Virginia Mountaineers @ Kansas Jayhawks,NCAAF,West Virginia Mountaineers,2025-09-20 18:11:00,FanDuel,6.0,23.05,4.876,Not Found,2025-09-20 18:08:55
Delaware Blue Hens @ Florida International Panthers,NCAAF,Florida International Panthers,2025-09-20 18:02:49,FanDuel,1.85,15.12,1.607,Not Found,2025-09-20 18:08:55
Aldosivi Mar del Plata @ CA Tigre BA,Primera División - Argentina,CA Tigre BA,2025-09-20 17:59:00,DraftKings,2.15,14.29,1.881,Not Found,2025-09-20 18:08:55
Coastal Carolina Chanticleers @ South Alabama Jaguars,NCAAF,Coastal Carolina Chanticleers,2025-09-20 19:00:00,DraftKings,6.5,8.49,5.991,Not Found,2025-09-20 18:08:55
Atletico Mineiro @ Botafogo,Brazil Série A,Draw,2025-09-20 17:31:00,Bovada,3.1,7.7,2.878,Botafogo,2025-09-20 18:08:55
Bahia @ Ceará,Brazil Série A,Bahia,2025-09-20 17:29:00,Unibet (IT),10.0,199.94,3.334,Draw,2025-09-20 18:28:37
Oakland Athletics @ Pittsburgh Pirates,MLB,Oakland Athletics,2025-09-20 18:40:00,BetMGM,2.1,7.68,1.95,Oakland Athletics,2025-09-20 18:48:20
Maine Black Bears @ Georgia Southern Eagles,NCAAF,Maine Black Bears,2025-09-20 19:07:00,Ladbrokes,12.5,18.61,10.538,Not Found,2025-09-20 19:09:10
UT Martin Skyhawks @ Missouri State Bears,NCAAF,UT Martin Skyhawks,2025-09-20 19:07:00,BetMGM,6.5,15.78,5.614,Not Found,2025-09-20 19:09:10
Nevada Wolf Pack @ Western Kentucky Hilltoppers,NCAAF,Nevada Wolf Pack,2025-09-20 19:02:17,MyBookie.ag,4.1,7.85,3.802,Not Found,2025-09-20 19:09:10
Chicago Cubs @ Cincinnati Reds,MLB,Chicago Cubs,2025-09-20 18:41:00,GTbets,2.35,6.21,2.213,Cincinnati Reds,2025-09-20 19:09:10
Boise State Broncos @ Air Force Falcons,NCAAF,Boise State Broncos,2025-09-20 19:03:12,DraftKings,1.37,5.64,1.297,Not Found,2025-09-20 19:09:10
Marshall Thundering Herd @ Middle Tennessee Blue Raiders,NCAAF,Marshall Thundering Herd,2025-09-20 19:02:23,BetMGM,1.91,5.24,1.815,Not Found,2025-09-20 19:09:10
New York Yankees @ Baltimore Orioles,MLB,Baltimore Orioles,2025-09-20 19:06:00,Unibet,6.1,134.62,2.6,Baltimore Orioles,2025-09-20 19:25:45
Boston Red Sox @ Tampa Bay Rays,MLB,Tampa Bay Rays,2025-09-20 19:06:00,GTbets,2.99,63.72,1.826,Boston Red Sox,2025-09-20 19:25:45
Milwaukee Brewers @ St. Louis Cardinals,MLB,Milwaukee Brewers,2025-09-20 19:16:00,GTbets,1.9,7.62,1.765,St. Louis Cardinals,2025-09-20 19:25:45
Southern Mississippi Golden Eagles @ Louisiana Tech Bulldogs,NCAAF,Southern Mississippi Golden Eagles,2025-09-20 19:32:26,BetMGM,3.6,50.68,2.389,Not Found,2025-09-20 19:37:55
Seattle Mariners @ Houston Astros,MLB,Houston Astros,2025-09-20 19:11:00,BetMGM,3.2,38.56,2.31,Seattle Mariners,2025-09-20 19:37:55
Arizona State Sun Devils @ Baylor Bears,NCAAF,Baylor Bears,2025-09-20 19:38:00,Unibet (SE),2.28,30.12,1.752,Not Found,2025-09-20 19:37:55
San Diego Padres @ Chicago White Sox,MLB,Chicago White Sox,2025-09-20 19:11:00,William Hill,2.5,24.68,2.005,Chicago White Sox,2025-09-20 19:37:55
Miami Marlins @ Texas Rangers,MLB,Texas Rangers,2025-09-20 19:08:23,TAB,2.05,14.06,1.797,Miami Marlins,2025-09-20 19:37:55
Atletico Goianiense @ Remo,Brazil Série B,Remo,2025-09-20 19:31:00,Coolbet,5.0,100.91,2.489,Atlético Goianiense,2025-09-20 19:48:25
Querétaro @ Pachuca,Liga MX,Pachuca,2025-09-20 19:00:00,Unibet (SE),3.8,49.47,2.542,Queretaro FC,2025-09-20 19:48:25
Fortaleza @ Palmeiras,Brazil Série A,Fortaleza,2025-09-20 20:00:00,Bovada,9.25,5.86,8.738,Palmeiras,2025-09-20 19:48:25
Colorado Rapids @ FC Dallas,MLS,Colorado Rapids,2025-09-20 20:30:00,Unibet (IT),6.75,114.35,3.149,FC Dallas,2025-09-20 20:55:14
Vancouver Whitecaps FC @ Sporting Kansas City,MLS,Sporting Kansas City,2025-09-20 20:30:00,Unibet,9.0,101.89,4.458,Vancouver Whitecaps FC,2025-09-20 20:55:14
Nashville SC @ Orlando City SC,MLS,Orlando City SC,2025-09-20 19:40:00,Unibet,2.7,82.56,1.479,Not Found,2025-09-20 20:55:14
Toronto FC @ Columbus Crew SC,MLS,Columbus Crew SC,2025-09-20 19:40:00,Unibet,2.04,62.33,1.257,Not Found,2025-09-20 20:55:14
River Plate @ Atlético Tucuman,Primera División - Argentina,Atlético Tucuman,2025-09-20 20:14:00,Bovada,2.5,46.68,1.704,Atlético Tucuman,2025-09-20 20:55:14
Toronto Blue Jays @ Kansas City Royals,MLB,Kansas City Royals,2025-09-20 19:11:00,Bovada,1.87,45.56,1.285,Kansas City Royals,2025-09-20 20:55:14
D.C. United @ Inter Miami CF,MLS,Inter Miami CF,2025-09-20 19:30:00,Betway,1.8,44.15,1.249,Not Found,2025-09-20 20:55:14
Philadelphia Phillies @ Arizona Diamondbacks,MLB,Philadelphia Phillies,2025-09-20 20:11:00,GTbets,2.16,32.27,1.633,Arizona Diamondbacks,2025-09-20 20:55:14
New York Red Bulls @ CF Montreal,MLS,CF Montreal,2025-09-20 19:40:00,Unibet,23.0,25.34,18.35,New York Red Bulls,2025-09-20 20:55:14
Kevin Johnson @ Ruslan Abdullaev,Boxing,Kevin Johnson,2025-09-20 21:15:00,Paddy Power,21.0,24.38,16.883,Not Found,2025-09-20 20:55:14
BYU Cougars @ East Carolina Pirates,NCAAF,BYU Cougars,2025-09-20 19:36:00,MyBookie.ag,1.6,13.84,1.405,Not Found,2025-09-20 20:55:14
Los Angeles Angels @ Colorado Rockies,MLB,Colorado Rockies,2025-09-20 20:11:00,Paddy Power,2.62,10.56,2.37,Los Angeles Angels,2025-09-20 20:55:14
Portland Timbers @ Houston Dynamo,MLS,Portland Timbers,2025-09-20 20:30:00,DraftKings,4.2,8.7,3.864,Houston Dynamo,2025-09-20 20:55:14
Tigres @ Pumas,Liga MX,Tigres,2025-09-20 21:00:00,LowVig.ag,3.82,7.45,3.555,Not Found,2025-09-20 20:55:14
Oklahoma City Baseball Club @ Tacoma Rainiers,MiLB,Tacoma Rainiers,2025-09-20 21:05:00,Bovada,1.87,6.64,1.753,Not Found,2025-09-20 20:55:14
Florida Gators @ Miami Hurricanes,NCAAF,Florida Gators,2025-09-20 19:44:53,DraftKings,15.0,315.43,3.611,Not Found,2025-09-20 22:38:45
San Francisco Giants @ Los Angeles Dodgers,MLB,San Francisco Giants,2025-09-20 21:10:00,TAB,2.0,27.36,1.57,Not Found,2025-09-20 22:38:45
América @ Monterrey,Liga MX,América,2025-09-20 23:05:00,BetOnline.ag,3.45,6.27,3.246,Not Found,2025-09-20 22:38:45
FC Cincinnati @ LA Galaxy,MLS,FC Cincinnati,2025-09-20 22:40:00,PointsBet (AU),1.69,31.17,1.288,Not Found,2025-09-20 23:29:14
Wyoming Cowboys @ Colorado Buffaloes,NCAAF,Wyoming Cowboys,2025-09-20 22:26:00,DraftKings,36.0,420.31,6.919,Not Found,2025-09-20 23:54:47
Michigan State Spartans @ USC Trojans,NCAAF,Michigan State Spartans,2025-09-20 19:10:00,Nordic Bet,7.0,9.41,6.398,Not Found,2025-09-20 23:54:47
St. Louis City SC @ San Jose Earthquakes,MLS,Draw,2025-09-20 22:40:00,Sky Bet,14.0,147.65,5.653,Not Found,2025-09-21 00:20:43
NC Dinos @ Kia Tigers,KBO,Kia Tigers,2025-09-21 01:00:00,Fanatics,1.8,6.8,1.685,Not Found,2025-09-21 00:20:43
Saitama Seibu Lions @ Tohoku Rakuten Golden Eagles,NPB,Tohoku Rakuten Golden Eagles,2025-09-21 00:06:14,FanDuel,5.8,187.68,2.016,Not Found,2025-09-21 00:40:28
Yomiuri Giants @ Chunichi Dragons,NPB,Chunichi Dragons,2025-09-21 00:30:00,BetMGM,5.25,185.5,1.839,Not Found,2025-09-21 00:40:28
Orix Buffaloes @ Fukuoka SoftBank Hawks,NPB,Orix Buffaloes,2025-09-21 01:00:00,Unibet,3.0,14.25,2.626,Not Found,2025-09-21 01:10:32
Doosan Bears @ SSG Landers,KBO,SSG Landers,2025-09-21 01:00:00,MyBookie.ag,1.8,9.19,1.649,Not Found,2025-09-21 01:10:32
Samsung Lions @ KT Wiz,KBO,Samsung Lions,2025-09-21 01:00:00,Bovada,4.75,63.28,2.909,Not Found,2025-09-21 01:30:52
Chiba Lotte Marines @ Hokkaido Nippon-Ham Fighters,NPB,Hokkaido Nippon-Ham Fighters,2025-09-21 01:00:52,William Hill,1.53,30.48,1.173,Not Found,2025-09-21 01:30:52
Go Ahead Eagles @ FC Zwolle,Dutch Eredivisie,Draw,2025-09-21 06:15:00,Unibet (NL),3.8,5.02,3.618,Not Found,2025-09-21 02:14:58
Shanghai SIPG FC @ Beijing FC,Super League - China,Beijing FC,2025-09-21 06:00:00,Bovada,2.39,8.01,2.213,Not Found,2025-09-21 03:09:41
AS Roma @ Lazio,Serie A - Italy,Draw,2025-09-21 06:30:00,1xBet,3.33,5.22,3.165,Not Found,2025-09-21 03:36:55
Gangwon FC @ Suwon FC,K League 1,Suwon FC,2025-09-21 03:30:00,Paddy Power,4.0,20.29,3.325,Not Found,2025-09-21 03:48:00
FC Anyang @ Ulsan Hyundai FC,K League 1,Ulsan Hyundai FC,2025-09-21 03:30:00,DraftKings,2.15,5.02,2.047,Not Found,2025-09-21 04:12:40
Jeju United FC @ Pohang Steelers,K League 1,Pohang Steelers,2025-09-21 06:00:00,Bovada,1.92,10.0,1.746,Not Found,2025-09-21 04:33:09
Hanshin Tigers @ Tokyo Yakult Swallows,NPB,Tokyo Yakult Swallows,2025-09-21 05:00:00,BetUS,2.65,5.47,2.512,Not Found,2025-09-21 04:33:09
Hiroshima Toyo Carp @ Yokohama DeNA BayStars,NPB,Hiroshima Toyo Carp,2025-09-21 05:00:00,Everygame,3.3,25.68,2.626,Not Found,2025-09-21 04:48:22
Gwangju FC @ FC Seoul,K League 1,FC Seoul,2025-09-21 06:00:00,PointsBet (AU),2.29,7.4,2.132,Not Found,2025-09-21 06:10:14
Zaragoza @ AD Ceuta FC,La Liga 2 - Spain,AD Ceuta FC,2025-09-21 08:00:00,Bovada,2.5,13.5,2.203,Not Found,2025-09-21 06:30:53
Motor Lublin @ Zagłębie Lubin,Ekstraklasa - Poland,Motor Lublin,2025-09-21 06:15:00,Paddy Power,8.0,11.98,7.144,Not Found,2025-09-21 06:47:52
Karlsruher SC @ Holstein Kiel,Bundesliga 2 - Germany,Karlsruher SC,2025-09-21 07:30:00,Suprabets,3.7,7.85,3.431,Not Found,2025-09-21 06:47:52
Shenzhen Peng City FC @ Tianjin Jinmen Tiger FC,Super League - China,Shenzhen Peng City FC,2025-09-21 07:35:00,Bovada,4.2,6.35,3.949,Not Found,2025-09-21 07:07:43
BK Hacken @ Hammarby IF,Allsvenskan - Sweden,BK Hacken,2025-09-21 08:00:00,Unibet (SE),5.2,10.25,4.716,Not Found,2025-09-21 07:23:16
Chengdu Rongcheng FC @ Shanghai Shenhua FC,Super League - China,Chengdu Rongcheng FC,2025-09-21 08:00:00,Bovada,3.2,18.94,2.69,Not Found,2025-09-21 07:35:50
Hannover 96 @ Dynamo Dresden,Bundesliga 2 - Germany,Draw,2025-09-21 07:30:00,Suprabets,4.1,6.58,3.847,Not Found,2025-09-21 07:35:50
Celta Vigo @ Rayo Vallecano,La Liga - Spain,Rayo Vallecano,2025-09-21 08:00:00,Bovada,2.23,6.23,2.099,Not Found,2025-09-21 07:35:50
Union Saint-Gilloise @ Genk,Belgium First Div,Genk,2025-09-21 07:34:00,Suprabets,7.2,131.03,3.116,Not Found,2025-09-21 07:47:49
SonderjyskE @ Vejle Boldklub,Denmark Superliga,Vejle Boldklub,2025-09-21 08:01:00,Unibet,4.6,83.69,2.504,Not Found,2025-09-21 08:18:38
SV Darmstadt 98 @ Fortuna Düsseldorf,Bundesliga 2 - Germany,SV Darmstadt 98,2025-09-21 07:30:00,Coolbet,2.8,13.28,2.472,Not Found,2025-09-21 08:18:38
MSV Duisburg @ TSV Havelse,3. Liga - Germany,TSV Havelse,2025-09-21 07:30:00,Tipico,6.0,12.64,5.326,Not Found,2025-09-21 08:18:38
Lechia Gdańsk @ Pogoń Szczecin,Ekstraklasa - Poland,Lechia Gdańsk,2025-09-21 08:45:00,Unibet,3.9,5.57,3.694,Not Found,2025-09-21 08:18:38
WSG Tirol @ Rheindorf Altach,Austrian Football Bundesliga,Rheindorf Altach,2025-09-21 08:31:00,Unibet (SE),5.0,126.62,2.206,Not Found,2025-09-21 08:57:16
NEC Nijmegen @ Heerenveen,Dutch Eredivisie,NEC Nijmegen,2025-09-21 08:30:00,Ladbrokes,5.75,98.61,2.895,Not Found,2025-09-21 08:57:16
IF Brommapojkarna @ IFK Goteborg,Allsvenskan - Sweden,IF Brommapojkarna,2025-09-21 08:00:00,Tipico,6.0,26.57,4.741,Not Found,2025-09-21 08:57:16
Ajax @ PSV Eindhoven,Dutch Eredivisie,PSV Eindhoven,2025-09-21 08:30:00,Bovada,1.72,24.81,1.378,Not Found,2025-09-21 08:57:16
Bodø/Glimt @ Rosenborg,Eliteserien - Norway,Rosenborg,2025-09-21 08:30:00,Tipico,7.0,16.82,5.992,Not Found,2025-09-21 08:57:16
Newcastle United @ Bournemouth,EPL,Newcastle United,2025-09-21 09:00:00,Bovada,3.55,10.83,3.203,Not Found,2025-09-21 08:57:16
Atalanta BC @ Torino,Serie A - Italy,Torino,2025-09-21 09:00:00,1xBet,4.42,7.24,4.122,Not Found,2025-09-21 08:57:16
Strasbourg @ Paris FC,Ligue 1 - France,Paris FC,2025-09-21 09:00:00,Coolbet,6.0,138.77,2.513,Not Found,2025-09-21 09:30:06
Avellino @ Carrarese,Serie B - Italy,Avellino,2025-09-21 09:02:00,Coolbet,9.0,132.82,3.866,Not Found,2025-09-21 09:30:06
Parma @ Cremonese,Serie A - Italy,Parma,2025-09-21 09:01:00,Bovada,2.83,20.19,2.355,Not Found,2025-09-21 09:30:06
AEK Athens @ AEL,Super League - Greece,AEL,2025-09-21 10:30:00,Bovada,7.75,9.43,7.082,Not Found,2025-09-21 09:30:06
Aston Villa @ Sunderland,EPL,Draw,2025-09-21 09:00:00,Unibet (FR),3.25,5.92,3.068,Not Found,2025-09-21 09:30:06
FC Blau-Weiß Linz @ LASK,Austrian Football Bundesliga,FC Blau-Weiß Linz,2025-09-21 08:32:00,Tipico,5.2,18.33,4.395,Not Found,2025-09-21 09:48:04
Union Berlin @ Eintracht Frankfurt,Bundesliga - Germany,Eintracht Frankfurt,2025-09-21 09:30:00,Coolbet,7.0,307.12,1.719,Not Found,2025-09-21 10:08:46
Silkeborg IF @ FC Copenhagen,Denmark Superliga,FC Copenhagen,2025-09-21 10:02:00,Suprabets,1.88,35.0,1.393,Not Found,2025-09-21 10:08:46
Çaykur Rizespor @ Kocaelispor,Turkey Super League,Kocaelispor,2025-09-21 10:02:00,1xBet,3.0,6.67,2.812,Not Found,2025-09-21 10:08:46
Oxford United @ Bristol City,Championship,Draw,2025-09-21 10:00:00,1xBet,4.34,5.73,4.105,Not Found,2025-09-21 10:08:46
Degerfors IF @ IK Sirius,Allsvenskan - Sweden,Draw,2025-09-21 10:30:00,Unibet (SE),5.0,5.16,4.754,Not Found,2025-09-21 10:08:46
Atlético Madrid @ Mallorca,La Liga - Spain,Mallorca,2025-09-21 10:15:00,FanDuel,14.0,187.5,4.87,Not Found,2025-09-21 10:28:30
Standard Liege @ Westerlo,Belgium First Div,Westerlo,2025-09-21 10:00:00,Paddy Power,4.2,94.92,2.155,Not Found,2025-09-21 10:28:30
Pakistan @ India,Asia Cup,Pakistan,2025-09-21 10:30:00,Coral,5.0,19.23,4.194,Not Found,2025-09-21 10:28:30
HamKam @ Tromso,Eliteserien - Norway,HamKam,2025-09-21 11:00:00,Nordic Bet,8.9,8.38,8.212,Not Found,2025-09-21 10:28:30
Real Valladolid CF @ Albacete,La Liga 2 - Spain,Draw,2025-09-21 10:14:00,1xBet,3.38,6.12,3.185,Not Found,2025-09-21 10:28:30
Alanyaspor @ Basaksehir,Turkey Super League,Basaksehir,2025-09-21 10:00:00,Coolbet,2.1,5.64,1.988,Not Found,2025-09-21 10:28:30
