Match,Team,Start Time,League,Last Update,1Xbet,888Sport,Bet Right,Bet Victor,Betmgm,Betonline.Ag,Betrivers,Betus,Betclic (Fr),Betr,Betsson,Betway,Bovada,Boylesports,Caesars,Casumo,Coolbet,Coral,Dabble Au,Draftkings,Everygame,Fanduel,Fanatics,Gtbets,Grosvenor,Ladbrokes,Leovegas,Livescore Bet,Lowvig.Ag,Marathon Bet,Mybookie.Ag,Neds,Nordic Bet,Paddy Power,Parions Sport (Fr),Pinnacle,Playup,Pointsbet (Au),Sky Bet,Sportsbet,Tab,Tabtouch,Tipico,Unibet,Unibet (Fr),Unibet (It),Unibet (Nl),Virgin Bet,William Hill,Winamax (De),Winamax (Fr),Boombet,Bet365 Au,Betanysports,Z Score,Best Odds,Best Bookmaker,Result,Scrape Time
Carlos Alcaraz @ Novak Djokovic,Carlos Alcaraz,2025-09-05 15:15:00,ATP US Open,2025-09-05 15:44:41,,1.14,,,1.12,,,,,,1.1,1.12,1.18,,1.11,1.12,1.14,1.12,,1.14,,1.13,1.12,,1.11,1.12,1.11,1.11,,,1.15,,1.1,1.11,,1.24,,1.09,,,1.15,1.14,,1.12,,1.14,1.14,1.11,,1.12,1.14,,,,3.9,1.24,Pinnacle,Not Found,2025-09-05 15:44:43
France @ Ukraine,Ukraine,2025-09-05 14:45:00,FIFA World Cup Qualifiers - Europe,2025-09-05 15:43:48,,29.0,,26.0,,,26.0,,28.0,,24.0,26.0,,,,31.0,40.0,23.0,,26.0,,,,,,23.0,26.0,26.0,,,,,24.0,26.0,,25.48,,,26.0,,,,,31.0,,,,26.0,,29.0,30.0,,,,3.42,40.0,Coolbet,France,2025-09-05 15:44:43
Scotland @ Denmark,Denmark,2025-09-05 14:46:00,FIFA World Cup Qualifiers - Europe,2025-09-05 15:43:48,,1.8,,1.8,,,1.79,,1.78,,1.82,1.83,,,,1.8,1.9,1.83,,1.83,,,,,,1.83,1.8,1.8,,,,,1.82,1.83,,1.91,,,,,,,,1.8,,,1.8,1.8,,1.8,1.76,,,,2.7,1.91,Pinnacle,Draw,2025-09-05 15:44:43
Washington Nationals @ Chicago Cubs,Chicago Cubs,2025-09-05 14:21:00,MLB,2025-09-05 15:44:34,,,,,1.01,,,,,,1.01,1.02,,,,,1.01,,,,,1.01,1.01,1.03,,,,,,,,,1.01,,,,,1.01,,,,,,,,,,,,1.01,1.01,,,,2.67,1.03,GTbets,Chicago Cubs,2025-09-05 15:44:43
CD Castellón @ Córdoba,CD Castellón,2025-09-05 15:32:00,La Liga 2 - Spain,2025-09-05 15:44:39,,,,2.88,2.85,,,,2.8,,2.88,2.88,2.85,,,3.05,3.0,2.8,,2.95,,2.75,,,2.95,2.75,2.95,3.0,3.2,,,,2.88,2.75,,,,2.9,2.75,2.8,,3.0,2.9,3.05,2.85,3.05,3.05,3.0,2.9,2.85,2.75,,,,2.63,3.2,LowVig.ag,Not Found,2025-09-05 15:44:43
Estonia @ Italy,Draw,2025-09-05 14:46:00,FIFA World Cup Qualifiers - Europe,2025-09-05 15:43:50,,8.5,,6.5,,,7.0,,,,6.3,6.5,,,,7.5,7.0,7.0,,6.0,,,,,,7.0,7.0,7.0,,,,,6.3,6.5,,,,,6.0,,,,,7.5,,7.5,7.5,7.0,,6.25,6.0,,,,2.6,8.5,888sport,Italy,2025-09-05 15:44:43
Volta Redonda @ Paysandu,Volta Redonda,2025-09-05 18:00:00,Brazil Série B,2025-09-05 15:43:36,4.03,,,4.0,3.8,3.9,4.0,4.42,,,4.05,4.0,4.15,3.8,,4.0,4.2,3.7,,4.1,,4.2,,,3.85,3.7,4.0,3.85,3.9,4.05,,3.7,,4.0,,4.37,4.0,4.0,,4.0,,3.9,4.2,4.0,,4.0,4.0,3.85,3.9,,,,,,2.58,4.42,BetUS,Volta Redonda,2025-09-05 15:44:43
Czechia @ Montenegro,Draw,2025-09-05 14:45:00,FIFA World Cup Qualifiers - Europe,2025-09-05 15:43:50,,4.8,,4.8,,,4.8,,,,4.6,4.75,,,,5.1,5.5,4.6,,4.9,,,,,,4.6,4.9,4.9,,,,,4.6,4.5,,5.2,,,4.5,,,,,5.1,,5.1,5.1,4.9,,4.9,4.6,,,,2.52,5.5,Coolbet,Czechia,2025-09-05 15:44:43
Azerbaijan @ Iceland,Azerbaijan,2025-09-05 14:45:00,FIFA World Cup Qualifiers - Europe,2025-09-05 15:43:48,,26.0,,26.0,,,26.0,,,,24.0,26.0,,,,34.0,35.0,26.0,,26.0,,,,,,26.0,26.0,26.0,,,,,24.0,26.0,,23.57,,,26.0,,,,,34.0,,,,26.0,,26.0,26.0,,,,2.45,35.0,Coolbet,Iceland,2025-09-05 15:44:43
Remo @ Amazonas FC,Draw,2025-09-05 16:00:00,Brazil Série B,2025-09-05 15:43:36,3.1,,,2.9,2.95,2.95,2.95,3.0,,,2.98,2.9,2.95,,,3.0,2.95,2.87,,3.0,,2.95,,,2.88,2.88,2.95,2.88,2.95,3.1,,2.88,2.98,2.88,,3.07,2.9,2.9,,2.87,,2.9,2.95,3.0,,3.0,3.0,2.88,2.9,,,,,,2.41,3.1,Marathon Bet,Not Found,2025-09-05 15:44:43
Milwaukee Brewers @ Pittsburgh Pirates,Milwaukee Brewers,2025-09-05 18:41:00,MLB,2025-09-05 15:44:34,1.72,1.71,1.72,,1.71,1.77,1.71,1.77,,1.71,1.69,1.74,1.74,1.67,1.74,1.72,1.72,1.7,1.75,1.72,1.77,1.74,1.71,1.77,1.72,1.7,1.72,1.71,1.77,1.71,1.73,1.7,1.69,1.75,1.69,1.78,1.7,1.71,,1.72,1.7,1.7,1.65,1.7,1.68,1.7,1.71,1.71,1.67,1.7,1.7,,,,2.2,1.78,Pinnacle,Milwaukee Brewers,2025-09-05 15:44:43
Sweden @ Slovenia,Sweden,2025-09-05 14:45:00,FIFA World Cup Qualifiers - Europe,2025-09-05 15:43:48,,1.33,,1.29,,,1.3,,1.25,,1.28,1.3,,,,1.3,1.35,1.3,,1.32,,,,,,1.3,1.3,1.3,,,,,1.28,1.33,,1.33,,,1.33,,,,,1.3,,,1.3,1.3,,1.29,1.3,,,,2.16,1.35,Coolbet,Draw,2025-09-05 15:44:43
Croatia @ Faroe Islands,Croatia,2025-09-05 14:45:00,FIFA World Cup Qualifiers - Europe,2025-09-05 15:43:50,,1.11,,1.06,,,1.07,,,,1.08,1.09,,,,1.08,1.12,1.11,,1.1,,,,,,1.11,1.07,1.08,,,,,1.08,1.08,,,,,1.08,,,,,1.08,,1.08,1.08,1.08,,1.07,1.1,,,,2.12,1.12,Coolbet,Croatia,2025-09-05 15:44:43
Antigua & Barbuda Falcons @ Barbados Royals,Barbados Royals,2025-09-05 19:00:00,CPLT20,2025-09-05 16:10:58,,,,,,,,,,,,1.7,1.67,1.62,,1.65,,1.67,,,,,,,1.65,1.67,1.65,1.65,,1.67,,,,,,1.68,,1.65,,1.66,,1.65,,1.65,,,,1.65,1.67,,,,,,2.32,1.7,Betway,Not Found,2025-09-05 16:11:23
Chicago White Sox @ Detroit Tigers,Chicago White Sox,2025-09-05 18:40:00,MLB,2025-09-05 16:31:18,2.55,2.55,2.6,2.62,2.55,2.66,2.55,2.64,,2.55,2.48,2.6,2.56,2.6,2.58,2.6,2.62,2.5,2.55,2.57,2.6,2.6,2.6,2.64,2.6,2.55,2.6,2.6,2.66,2.54,2.61,2.55,2.48,2.5,,2.75,2.55,2.65,,2.59,2.5,2.55,2.6,2.55,2.55,2.55,2.6,2.6,2.6,2.55,2.5,,,,3.35,2.75,Pinnacle,Chicago White Sox,2025-09-05 16:32:07
New York Mets @ Cincinnati Reds,New York Mets,2025-09-05 18:41:00,MLB,2025-09-05 16:47:53,1.88,1.85,1.87,1.87,1.87,1.91,1.83,1.91,,1.86,1.85,1.87,1.88,,1.87,1.85,1.88,1.85,1.85,1.87,1.92,1.85,1.87,1.91,1.85,1.87,1.85,1.85,1.91,1.87,1.9,1.87,1.85,1.8,1.82,1.93,1.87,1.83,,1.82,1.9,1.83,1.8,1.83,1.84,1.83,1.85,1.85,1.91,1.84,1.82,,,,2.21,1.93,Pinnacle,New York Mets,2025-09-05 16:48:16
Nashville Sounds @ Norfolk Tides,Norfolk Tides,2025-09-05 18:35:00,MiLB,2025-09-05 16:45:58,2.06,,,,,2.05,2.02,,,,,2.15,2.05,,2.05,,,,,,,2.2,,,,,,,,,,,,,,2.03,,,,,,,,,,,,,2.1,,,,,,2.02,2.2,FanDuel,Norfolk Tides,2025-09-05 16:48:16
Felix Auger-Aliassime @ Jannik Sinner,Felix Auger-Aliassime,2025-09-05 19:00:00,ATP US Open,2025-09-05 17:08:29,16.5,12.0,,,11.0,13.65,14.0,11.0,,11.25,13.0,12.0,15.0,,10.0,14.0,13.0,12.0,,13.0,11.0,15.0,15.0,13.23,14.0,11.5,14.0,14.0,13.65,14.5,10.5,11.5,13.0,15.0,15.0,15.13,14.0,11.0,,12.5,,14.0,,14.0,,14.0,14.0,14.0,12.0,16.0,15.0,,,,2.02,16.5,1xBet,Not Found,2025-09-05 17:09:16
Scranton/Wilkes-Barre RailRiders @ Worcester Red Sox,Scranton/Wilkes-Barre RailRiders,2025-09-05 18:05:00,MiLB,2025-09-05 17:26:20,1.79,,,,,1.83,1.74,,,,,1.74,1.91,,1.83,,,,,,,1.77,,,,,,,,,,,,,,2.08,,,,,,,,,,,,,1.7,,,,,,2.24,2.08,Pinnacle,Not Found,2025-09-05 17:26:23
Jack Bateson @ Michael Conlan,Michael Conlan,2025-09-05 17:23:00,Boxing,2025-09-05 17:38:53,,1.12,,,1.1,,,,,,1.1,1.14,1.29,,,,,1.11,,1.08,,1.09,,,,,,,,,,,1.1,1.08,,,,,,,,,,,,,,,,,,,,,2.72,1.29,Bovada,Pending,2025-09-05 17:39:00
James Madison Dukes @ Louisville Cardinals,Louisville Cardinals,2025-09-05 19:00:00,NCAAF,2025-09-05 18:08:34,,,1.14,,1.15,1.14,1.14,1.14,,1.14,1.14,,1.15,,1.14,,1.14,1.14,,1.15,1.15,1.14,1.14,1.15,,1.15,1.14,,1.14,1.14,1.15,1.15,1.14,1.15,,1.16,1.14,1.14,,1.13,1.14,,,1.13,,1.13,1.14,,,,,,,,2.6,1.16,Pinnacle,Not Found,2025-09-05 18:09:36
Jacksonville Jumbo Shrimp @ Charlotte Knights,Jacksonville Jumbo Shrimp,2025-09-05 19:04:00,MiLB,2025-09-05 18:08:50,1.61,,,,,1.65,1.63,,,,,1.61,1.62,,1.62,,,,,,,1.62,,,,,,,,,,,,,,1.61,,,,,,,,,,,,,1.62,,,,,,2.28,1.65,BetOnline.ag,Not Found,2025-09-05 18:09:36
Northern Illinois Huskies @ Maryland Terrapins,Northern Illinois Huskies,2025-09-05 19:30:00,NCAAF,2025-09-05 19:09:19,,,,,6.5,6.61,6.4,6.8,,,6.29,,6.25,,7.0,,6.4,6.5,,6.5,6.5,6.7,6.5,,,6.2,6.4,,6.61,7.3,6.63,6.2,6.29,6.0,,6.4,6.25,,,6.7,,,,6.4,,6.4,6.4,,,,,,,,3.08,7.3,Marathon Bet,Not Found,2025-09-05 19:10:15
Toronto Blue Jays @ New York Yankees,New York Yankees,2025-09-05 19:06:00,MLB,2025-09-05 19:09:21,,1.75,1.8,,1.83,1.87,1.8,1.85,,1.79,1.77,1.8,1.83,,1.83,1.81,1.8,1.83,1.82,1.79,1.84,1.79,1.83,1.79,1.81,1.82,1.81,1.81,1.87,1.8,1.8,1.82,1.77,1.75,1.74,1.83,1.83,1.8,,1.78,1.75,1.79,1.75,1.8,1.77,1.79,1.81,1.81,1.73,1.78,1.76,,,,2.18,1.87,LowVig.ag,Toronto Blue Jays,2025-09-05 19:10:15
Philadelphia Phillies @ Miami Marlins,Miami Marlins,2025-09-05 19:11:00,MLB,2025-09-05 19:09:21,2.89,2.95,3.0,,2.95,3.19,2.95,3.1,,2.95,3.14,2.85,2.85,,3.15,2.95,2.98,2.9,3.0,2.83,3.0,3.1,3.05,3.11,2.95,2.95,2.95,2.95,3.19,2.91,2.98,2.95,3.14,3.0,2.8,3.08,3.1,3.0,,3.1,3.2,2.95,3.0,2.95,2.88,2.95,2.95,2.95,2.9,2.9,2.85,,,,2.11,3.2,TAB,Philadelphia Phillies,2025-09-05 19:10:15
Los Angeles Dodgers @ Baltimore Orioles,Baltimore Orioles,2025-09-05 19:06:00,MLB,2025-09-05 19:26:00,,2.05,,2.2,2.25,,2.15,,,,2.14,2.2,2.25,,2.15,2.2,2.25,,,2.14,,2.14,2.15,2.16,2.16,,2.16,2.17,,,2.2,,2.14,2.15,,,,,,,2.3,2.17,2.1,2.2,2.34,2.12,2.2,2.17,2.3,2.2,2.1,,,,2.55,2.34,Unibet (FR),Baltimore Orioles,2025-09-05 19:27:04
Chicago Sky @ Indiana Fever,Indiana Fever,2025-09-05 19:33:00,WNBA,2025-09-05 19:24:47,,1.15,1.16,,1.13,1.15,1.12,1.13,,1.16,1.13,1.14,1.13,,1.14,,1.15,,,1.14,,1.13,1.13,1.14,,1.16,1.12,,1.17,,1.13,1.16,1.13,1.12,1.11,1.15,,,,1.13,1.14,1.12,,1.12,,1.12,1.12,,,,,,,,2.18,1.17,LowVig.ag,Indiana Fever,2025-09-05 19:27:04
Los Angeles Sparks @ Atlanta Dream,Los Angeles Sparks,2025-09-05 19:30:00,WNBA,2025-09-05 19:24:47,,2.9,2.88,,3.0,2.92,2.9,2.8,,2.95,2.9,2.9,2.9,,3.1,,2.85,,,2.95,,2.98,3.05,2.9,,2.8,3.0,,2.92,,2.93,2.8,2.9,2.88,2.7,2.96,,,,2.98,2.9,3.0,,3.0,,3.0,3.0,,,,,,,,2.15,3.1,Caesars,Atlanta Dream,2025-09-05 19:27:04
Cleveland Guardians @ Tampa Bay Rays,Tampa Bay Rays,2025-09-05 19:36:00,MLB,2025-09-05 19:26:00,1.67,1.65,1.7,1.67,1.65,1.68,1.63,1.68,,1.66,1.66,1.67,1.67,,1.65,1.65,1.68,1.65,1.66,1.67,1.69,1.68,1.67,1.68,1.65,1.64,1.65,1.64,1.68,1.66,1.66,1.64,1.66,1.62,1.62,1.7,1.65,1.69,,1.66,1.68,1.63,1.65,1.63,1.65,1.63,1.64,1.64,1.67,1.66,1.64,,,,2.08,1.7,Bet Right,Tampa Bay Rays,2025-09-05 19:27:04
Seattle Mariners @ Atlanta Braves,Atlanta Braves,2025-09-05 19:16:00,MLB,2025-09-05 19:39:21,,,,1.4,1.4,,1.36,,,,1.35,1.4,1.48,,1.43,1.38,1.42,,,1.36,,1.38,1.41,1.37,1.36,,1.36,1.38,,,1.4,,1.35,1.36,,1.49,,1.36,,,1.42,1.38,1.35,1.38,1.73,1.41,1.38,1.38,1.73,1.38,1.36,,,,3.54,1.73,Unibet (FR),Atlanta Braves,2025-09-05 19:39:33
Rochester Red Wings @ Memphis Redbirds,Memphis Redbirds,2025-09-05 20:05:00,MiLB,2025-09-05 19:38:27,1.61,,,,,1.67,1.61,,,,,1.61,1.61,,1.62,,,,,,,1.6,,,,,,,,,,,,,,1.6,,,,,,,,,,,,,1.6,,,,,,2.54,1.67,BetOnline.ag,Memphis Redbirds,2025-09-05 19:39:33
Kansas City Chiefs @ Los Angeles Chargers,Los Angeles Chargers,2025-09-05 20:00:00,NFL,2025-09-05 19:39:18,,2.4,2.34,2.4,2.4,2.42,2.55,2.42,2.25,2.4,2.4,2.45,2.4,,2.48,,2.43,2.4,,2.45,2.4,2.44,2.4,2.45,,2.35,2.6,,2.42,2.3,2.41,2.35,2.4,2.4,,2.41,2.4,2.4,,2.46,2.4,,2.4,2.6,2.31,2.55,2.6,,2.38,,,2.38,,,2.39,2.6,LeoVegas,Kansas City Chiefs,2025-09-05 19:39:33
Houston Astros @ Texas Rangers,Houston Astros,2025-09-05 20:06:00,MLB,2025-09-05 19:39:21,1.97,2.0,1.95,2.0,1.98,2.03,1.93,2.05,,1.97,1.95,1.95,1.99,,2.0,1.94,1.99,2.0,2.0,1.98,2.03,1.98,1.95,2.05,1.94,1.98,1.94,1.95,2.04,1.96,1.99,1.98,1.95,1.91,1.93,2.03,1.95,1.95,,1.96,2.0,1.93,1.97,1.93,1.95,1.93,1.94,1.95,2.0,1.96,1.94,,,,2.25,2.05,GTbets,Texas Rangers,2025-09-05 19:39:33
Omaha Storm Chasers @ Iowa Cubs,Iowa Cubs,2025-09-05 20:08:00,MiLB,2025-09-05 19:49:09,1.67,,,,,1.71,1.68,,,,,1.67,1.69,,1.69,,,,,,,1.68,,,,,,,,,,,,,,1.68,,,,,,,,,,,,,1.67,,,,,,2.13,1.71,BetOnline.ag,Iowa Cubs,2025-09-05 19:50:31
BC Lions @ Ottawa Redblacks,Ottawa Redblacks,2025-09-05 19:38:28,CFL,2025-09-05 19:50:15,,,,,2.75,,,,,,,2.5,3.1,,3.05,,2.57,,,2.7,,2.68,2.6,,,2.9,2.7,,,,,2.9,,,,,,2.65,,,,,,2.75,,2.75,2.75,,,,,,,,2.05,3.1,Bovada,Not Found,2025-09-05 19:50:31
San Francisco Giants @ St. Louis Cardinals,San Francisco Giants,2025-09-05 20:16:00,MLB,2025-09-05 20:47:15,,1.36,,1.4,1.43,,1.35,,,,1.42,1.43,1.49,,1.36,1.36,1.42,,,1.42,,1.38,1.4,1.41,1.36,,1.36,1.37,,,1.4,,1.42,1.4,,1.46,,1.4,,,1.45,1.36,1.37,1.36,1.97,1.36,1.36,1.37,2.0,1.41,1.38,,,,3.87,2.0,William Hill,San Francisco Giants,2025-09-05 20:48:00
Minnesota Twins @ Kansas City Royals,Kansas City Royals,2025-09-05 19:41:00,MLB,2025-09-05 20:47:15,,1.15,,1.2,1.16,,1.16,,,,1.19,1.17,1.14,,1.25,1.17,1.18,,,1.16,,1.16,1.15,1.19,1.17,,1.17,1.17,,,1.18,,1.19,1.14,,1.19,,1.17,,,1.18,1.17,1.16,1.17,,1.17,1.17,1.17,,1.17,1.17,,,,3.86,1.25,Caesars,Kansas City Royals,2025-09-05 20:48:00
Ferroviária @ Coritiba,Draw,2025-09-05 20:30:00,Brazil Série B,2025-09-05 20:47:31,,,,3.25,3.25,,,,,,3.2,3.3,3.5,,,3.35,3.25,3.2,,3.35,,3.4,,,3.25,3.2,3.25,3.25,,,,,3.2,3.25,,3.47,,,,,,3.25,,3.35,,3.35,3.35,3.25,,,,,,,2.41,3.5,Bovada,Coritiba,2025-09-05 20:48:00
Oakland Athletics @ Los Angeles Angels,Los Angeles Angels,2025-09-05 21:39:00,MLB,2025-09-05 20:47:15,1.66,1.65,1.65,1.67,1.67,1.7,1.64,1.7,,1.63,1.63,1.62,1.65,1.62,1.65,1.65,1.65,1.67,1.64,1.64,1.69,1.66,1.67,1.7,1.65,1.65,1.65,1.65,1.7,1.65,1.65,1.65,1.63,1.6,1.61,1.69,1.65,1.67,,1.65,1.65,1.63,1.65,1.64,1.63,1.63,1.65,1.65,1.62,1.64,1.6,,,,2.09,1.7,LowVig.ag,Oakland Athletics,2025-09-05 20:48:00
Las Vegas Aviators @ Sacramento River Cats,Las Vegas Aviators,2025-09-05 21:45:00,MiLB,2025-09-05 20:47:42,1.78,,,,,1.8,1.79,,,,,1.8,1.8,,1.8,,,,,,,1.82,,,,,,,,,,,,,,1.79,,,,,,,,,,,,,1.8,,,,,,2.03,1.82,FanDuel,Las Vegas Aviators,2025-09-05 20:48:00
San Diego Padres @ Colorado Rockies,Colorado Rockies,2025-09-05 20:40:43,MLB,2025-09-05 22:12:42,,,,,1.34,,1.23,,,,1.27,1.3,1.27,,1.29,1.3,1.3,,,1.3,,1.26,1.31,1.3,1.29,,1.29,1.3,,,1.22,,1.27,1.29,,1.38,,1.31,,,1.25,1.3,1.25,1.3,,1.3,1.3,1.3,,1.3,1.29,,,,2.93,1.38,Pinnacle,Colorado Rockies,2025-09-05 22:13:39
New York Liberty @ Seattle Storm,Seattle Storm,2025-09-05 22:02:39,WNBA,2025-09-05 22:11:43,,1.91,1.8,,1.91,1.87,1.89,1.83,,1.8,1.8,1.87,2.0,1.8,1.91,,1.9,,,1.95,,1.83,1.95,1.96,,1.8,1.91,,1.87,,2.1,1.8,1.8,1.73,1.73,1.8,,,,1.82,1.9,1.92,,1.93,,1.93,1.93,,,,,,,,2.85,2.1,MyBookie.ag,Seattle Storm,2025-09-05 22:13:39
Boston Red Sox @ Arizona Diamondbacks,Arizona Diamondbacks,2025-09-05 21:41:00,MLB,2025-09-05 22:12:42,,1.61,,,1.59,,1.93,,,,1.71,1.62,1.87,,1.91,1.73,1.65,,,1.68,,1.68,1.61,1.65,1.71,,1.71,1.72,,,2.05,,1.88,1.67,,1.76,,1.67,,,1.92,1.72,1.6,1.73,,1.73,1.73,1.72,2.1,1.64,1.58,,,,2.74,2.1,William Hill,Arizona Diamondbacks,2025-09-05 22:13:39
Wests Tigers @ Gold Coast Titans,Draw,2025-09-06 03:30:00,NRL,2025-09-05 22:13:22,,,,,,,,,,,22.0,,20.0,,,,,21.0,,,,,,,,21.0,,,,27.0,,,22.0,,,,,,,,,,20.0,,,,,,,21.0,22.0,,,,2.48,27.0,Marathon Bet,Gold Coast Titans,2025-09-05 22:13:39
LG Twins @ Doosan Bears,Doosan Bears,2025-09-06 04:00:00,KBO,2025-09-05 22:13:05,2.03,,,,2.0,2.2,2.02,,,,2.05,1.95,2.05,2.0,2.0,,2.06,1.95,,2.05,1.95,2.04,2.05,,,,,,2.2,,2.0,,2.05,,1.88,2.07,,,,,,,,2.02,,,,,2.0,,,,,,2.39,2.2,LowVig.ag,Not Found,2025-09-05 22:13:39
Penrith Panthers @ St George Illawarra Dragons,Draw,2025-09-06 01:00:00,NRL,2025-09-05 22:13:22,,,,,,,,,,,25.0,,26.0,,,,,26.0,,,,,,,,26.0,,,,36.0,,,25.0,,,,,,,,,,30.0,,,,,,,28.0,29.0,,,,2.31,36.0,Marathon Bet,Penrith Panthers,2025-09-05 22:13:39
Hawthorn Hawks @ Greater Western Sydney Giants,Hawthorn Hawks,2025-09-06 01:15:53,AFL,2025-09-05 22:13:31,,,2.1,,,,,,,2.0,1.95,,2.0,,,2.05,2.02,2.0,2.05,1.95,1.95,,,,2.05,2.0,2.05,2.02,,2.0,,2.02,1.95,2.0,,2.06,2.0,2.05,,2.07,2.0,,,2.02,,,2.05,2.05,,,,2.02,2.02,,2.15,2.1,Bet Right,Hawthorn Hawks,2025-09-05 22:13:39
Yomiuri Giants @ Chunichi Dragons,Yomiuri Giants,2025-09-06 01:00:00,NPB,2025-09-05 23:03:08,2.01,1.91,,,1.98,1.95,1.94,1.93,,,2.0,1.91,2.0,1.95,1.91,,2.02,1.95,,2.02,1.95,1.98,1.91,,,,,,1.95,,1.95,,2.0,,1.84,2.06,,,,,,,2.0,1.95,,,,,1.99,,,,,,2.06,2.06,Pinnacle,Yomiuri Giants,2025-09-05 23:03:55
Hokkaido Nippon-Ham Fighters @ Orix Buffaloes,Orix Buffaloes,2025-09-06 01:00:00,NPB,2025-09-06 00:59:23,,1.75,,,1.8,1.95,1.92,,,,1.82,1.74,1.91,,1.8,,1.8,1.85,,1.77,1.9,1.77,1.65,,,,,,1.95,,1.85,,1.8,,1.8,1.98,,,,,,,1.8,1.92,,,,,2.08,,,,,,2.42,2.08,William Hill,Orix Buffaloes,2025-09-06 01:09:51
Tohoku Rakuten Golden Eagles @ Fukuoka SoftBank Hawks,Fukuoka SoftBank Hawks,2025-09-06 01:00:47,NPB,2025-09-06 01:47:31,,1.33,,,1.29,,,,,,1.22,1.33,1.57,,1.33,,1.3,,,1.37,,1.34,1.3,,,,,,,,1.25,,1.34,,,1.25,,,,,,,1.22,,,,,,,,,,,,2.92,1.57,Bovada,Fukuoka SoftBank Hawks,2025-09-06 01:48:13
Chiba Lotte Marines @ Saitama Seibu Lions,Chiba Lotte Marines,2025-09-06 04:00:00,NPB,2025-09-06 03:08:51,1.97,1.91,,,1.98,1.95,1.91,1.89,,,2.0,1.91,,1.95,1.91,,1.98,1.95,,2.02,1.95,1.96,1.91,,,,,,1.95,,1.93,,2.0,,1.83,2.05,,,,,,,1.95,1.91,,,,,1.99,,,,,,2.14,2.05,Pinnacle,Saitama Seibu Lions,2025-09-06 03:09:02
Cronulla Sutherland Sharks @ Canterbury Bulldogs,Draw,2025-09-06 05:35:00,NRL,2025-09-06 03:36:35,,,,,,,,,,,22.0,,21.0,,,,,21.0,,,,,,,,21.0,,,,29.0,,,22.0,,,,,,,,,,20.0,,,,,,,21.0,22.0,,,,2.58,29.0,Marathon Bet,Cronulla Sutherland Sharks,2025-09-06 03:37:38
Sri Lanka @ Zimbabwe,Zimbabwe,2025-09-06 07:30:00,International Twenty20,2025-09-06 04:11:20,,,3.25,3.1,,3.36,,,,3.2,3.1,3.1,,3.5,,3.3,,,,3.8,,3.45,,3.36,3.3,3.15,3.3,3.3,,3.26,,3.15,3.1,3.25,,,3.25,3.2,,3.45,3.2,3.3,,3.3,,,,3.3,3.3,,,,,,3.47,3.8,DraftKings,Not Found,2025-09-06 04:12:10
Bristol Rovers @ Newport County,Draw,2025-09-06 07:30:00,League 2,2025-09-06 04:11:35,3.66,3.4,3.45,3.6,3.5,3.5,3.6,3.6,,3.6,3.7,3.75,3.6,3.75,,3.65,3.5,3.6,,3.65,3.6,,,,3.65,3.6,3.65,3.55,3.5,3.66,,3.6,3.7,3.7,,3.88,3.65,3.5,3.5,3.4,,3.65,3.6,3.65,,3.65,3.65,3.55,3.4,,,,,,2.76,3.88,Pinnacle,Newport County,2025-09-06 04:12:10
Serbia @ Latvia,Serbia,2025-09-06 09:00:00,FIFA World Cup Qualifiers - Europe,2025-09-06 04:11:26,1.34,1.3,,1.29,,1.31,1.29,,1.28,,1.31,1.29,,,,1.3,1.3,1.3,,1.31,,,,,,1.3,1.3,1.3,,,,,1.31,1.25,1.28,1.31,,,1.29,1.25,,,,1.3,,,1.3,1.3,1.3,1.29,1.28,,,,2.49,1.34,1xBet,Serbia,2025-09-06 04:12:10
Gold Coast Suns @ Fremantle Dockers,Gold Coast Suns,2025-09-06 05:35:23,AFL,2025-09-06 04:11:38,,,2.45,,,,,2.4,,2.35,2.25,,2.35,,,2.35,2.35,2.25,2.35,2.3,2.3,,,,2.35,2.25,2.35,2.35,,2.38,,2.4,2.25,2.25,,2.41,2.35,2.4,,2.33,,,,2.35,,,2.35,2.35,,,,2.34,2.4,,2.02,2.45,Bet Right,Gold Coast Suns,2025-09-06 04:12:10
Hanwha Eagles @ Samsung Lions,Hanwha Eagles,2025-09-06 04:00:38,KBO,2025-09-06 04:47:17,,,,,1.24,,1.25,,,,,1.29,1.25,,1.29,,1.28,,,1.3,,1.28,1.27,,,,,,,,1.22,,1.28,,,1.28,,,,,,,1.25,1.26,,,,,2.0,,,,,,3.59,2.0,William Hill,Hanwha Eagles,2025-09-06 04:47:43
Kia Tigers @ NC Dinos,NC Dinos,2025-09-06 04:01:44,KBO,2025-09-06 04:45:01,,,,,1.5,,1.5,,,,,1.44,1.57,,1.53,,1.53,,,1.53,,1.45,1.49,,,,,,,,1.5,,1.48,,,1.95,,,,,,,1.47,1.5,,,,,1.7,,,,,,3.18,1.95,Pinnacle,Kia Tigers,2025-09-06 04:47:43
Accrington Stanley @ Cheltenham Town,Draw,2025-09-06 10:00:00,League 2,2025-09-06 05:08:40,3.44,3.25,3.3,3.4,3.4,3.3,3.35,3.4,,3.4,3.55,3.3,3.4,3.4,,3.4,3.4,3.5,,3.55,3.45,,,,3.4,3.45,3.4,3.3,3.3,3.44,,3.45,3.55,3.5,,3.64,3.4,3.3,,3.25,,3.4,3.3,3.4,,3.4,3.4,3.3,3.25,,,,,,2.7,3.64,Pinnacle,Accrington Stanley,2025-09-06 05:09:43
Hiroshima Toyo Carp @ Hanshin Tigers,Hiroshima Toyo Carp,2025-09-06 05:00:00,NPB,2025-09-06 05:25:19,,1.73,,,1.69,,1.75,,,,1.75,1.74,,,1.77,,1.72,,,1.77,,1.78,1.65,,,,,,,,1.7,,1.75,,,1.79,,,,,,,1.8,1.79,,,,,2.38,,,,,,3.63,2.38,William Hill,Hanshin Tigers,2025-09-06 05:26:29
Tokyo Yakult Swallows @ Yokohama DeNA BayStars,Yokohama DeNA BayStars,2025-09-06 05:00:00,NPB,2025-09-06 05:25:19,,1.57,,,1.54,,1.54,,,,1.6,1.56,,,1.62,,1.57,,,1.57,,1.56,1.5,,,,,,,,,,1.6,,,1.66,,,,,,,1.57,1.56,,,,,1.71,,,,,,2.5,1.71,William Hill,Tokyo Yakult Swallows,2025-09-06 05:26:29
Swindon Town @ Barrow,Barrow,2025-09-06 10:00:00,League 2,2025-09-06 05:36:24,3.1,3.1,3.1,3.12,,3.15,3.05,3.1,,,3.15,3.1,2.95,,,3.1,3.15,3.0,,3.1,3.05,,,,3.1,3.0,3.1,3.0,3.15,3.1,,2.95,3.15,3.1,,3.31,3.1,3.1,,2.9,,3.1,,3.1,,3.1,3.1,3.0,3.1,,,,,,3.06,3.31,Pinnacle,Barrow,2025-09-06 05:38:00
Wimbledon @ Bolton Wanderers,Draw,2025-09-06 10:00:00,League 1,2025-09-06 07:07:21,4.2,,3.9,4.2,,3.95,4.2,4.1,,4.0,4.15,4.0,4.1,4.0,,4.2,4.0,4.33,,4.2,4.0,,,,4.2,4.1,4.25,4.1,3.95,4.2,,4.1,4.15,4.2,,4.37,4.1,4.0,4.0,4.2,4.0,4.2,4.0,4.2,,4.2,4.2,4.1,3.9,,,,,,2.24,4.37,Pinnacle,Wimbledon,2025-09-06 07:07:27
Kent @ Lancashire,Lancashire,2025-09-06 09:30:00,T20 Blast,2025-09-06 07:06:58,,,,1.53,,1.59,,,,1.5,1.5,1.57,,1.53,,1.54,,1.57,,,,,,,1.54,1.57,1.54,1.54,,1.55,,,1.5,1.53,,1.57,,,,1.53,1.52,1.54,,1.54,,,,1.54,1.53,,,,,,2.12,1.59,BetOnline.ag,Not Found,2025-09-06 07:07:27
Shrewsbury Town @ Barnet,Barnet,2025-09-06 10:00:00,League 2,2025-09-06 07:07:23,1.77,1.75,1.75,1.75,1.74,1.79,1.71,1.72,,1.75,1.75,1.77,1.72,1.75,,1.72,1.78,1.8,,1.77,1.7,,,,1.72,1.75,1.72,1.68,1.79,1.75,,1.75,1.75,1.73,,1.75,1.72,1.74,1.73,1.66,,1.72,1.7,1.71,,1.72,1.72,1.68,1.75,,,,,,2.06,1.8,Coral,Barnet,2025-09-06 07:07:27
Bradford City @ Doncaster Rovers,Doncaster Rovers,2025-09-06 10:00:00,League 1,2025-09-06 07:35:19,2.42,,2.35,2.4,2.25,2.26,2.33,2.25,,2.35,,2.38,2.3,2.25,,2.33,2.35,2.3,,2.4,2.3,,,,2.33,2.3,2.38,2.28,2.26,2.41,,2.3,2.38,2.3,,2.44,2.35,2.35,2.3,2.3,2.3,2.33,2.3,2.33,,2.33,2.33,2.28,2.3,,,,,,2.31,2.44,Pinnacle,Bradford City,2025-09-06 07:35:44
Oldham Athletic @ Cambridge United,Oldham Athletic,2025-09-06 10:00:00,League 2,2025-09-06 07:35:02,3.92,3.8,3.8,3.9,3.75,3.45,3.8,3.85,,3.9,3.7,3.6,3.8,3.8,,3.8,3.85,3.8,,3.95,3.75,,,,3.8,3.75,3.8,3.7,3.45,3.94,,3.75,,4.0,,4.05,3.7,3.8,3.8,3.7,,3.8,3.9,3.8,,3.8,3.8,3.7,3.8,,,,,,2.15,4.05,Pinnacle,Cambridge United,2025-09-06 07:35:44
Chesterfield FC @ Walsall,Chesterfield FC,2025-09-06 10:00:00,League 2,2025-09-06 09:35:22,2.58,2.5,2.55,2.55,2.55,2.48,2.55,2.5,,2.55,,2.5,2.5,,,2.55,2.55,2.6,,2.6,2.5,,,,2.55,2.6,2.55,2.5,2.48,2.58,,2.6,,2.5,,2.65,2.45,2.55,2.5,2.4,,2.55,2.55,2.55,,2.55,2.55,2.5,2.5,,,,,,2.38,2.65,Pinnacle,Chesterfield FC,2025-09-06 09:35:28
Crewe Alexandra @ Colchester United,Colchester United,2025-09-06 10:00:00,League 2,2025-09-06 09:35:22,2.62,2.6,2.6,2.62,2.6,2.49,2.5,2.55,,2.6,2.52,2.5,2.55,,,2.5,2.6,2.62,,2.65,2.55,,,,2.5,2.6,2.5,2.45,2.49,2.62,,2.6,2.52,2.62,,2.68,2.45,2.6,2.6,2.5,,2.5,2.6,2.5,,2.5,2.5,2.45,2.6,,,,,,2.03,2.68,Pinnacle,Draw,2025-09-06 09:35:28
Baylor Bears @ SMU Mustangs,SMU Mustangs,2025-09-06 12:00:00,NCAAF,2025-09-06 10:08:09,,,1.7,,1.67,1.69,1.71,1.69,,1.7,1.67,,1.69,,1.69,,1.68,1.67,,1.7,1.71,1.7,1.69,1.69,,1.67,1.71,,1.69,1.76,1.7,1.67,1.67,1.7,,1.71,1.68,1.7,,1.69,,,,1.71,,1.71,1.71,,,,,,,,3.52,1.76,Marathon Bet,Baylor Bears,2025-09-06 10:08:53
Sporting Gijón @ Deportivo La Coruña,Sporting Gijón,2025-09-06 10:15:00,La Liga 2 - Spain,2025-09-06 10:08:14,3.63,,,3.7,3.4,3.4,,,3.35,3.5,3.45,3.3,3.4,,,3.4,3.6,3.3,,3.6,,3.7,,,3.4,3.3,3.35,3.3,3.4,3.68,,3.3,3.45,3.7,3.1,3.89,,3.4,3.6,3.6,,3.4,3.4,3.4,3.32,3.4,3.45,3.35,3.3,3.4,3.35,,,,2.84,3.89,Pinnacle,Not Found,2025-09-06 10:08:53
Fleetwood Town @ Notts County,Notts County,2025-09-06 10:00:00,League 2,2025-09-06 09:59:48,2.02,2.05,2.05,2.1,2.0,2.09,2.08,2.05,,2.1,2.0,2.1,2.0,,,2.1,2.0,2.1,,2.05,2.0,,,,2.06,2.1,2.06,2.08,2.09,2.05,,2.1,2.0,2.1,,2.2,2.02,2.0,2.1,1.95,,2.05,1.95,2.08,,2.08,2.08,2.08,2.1,,,,,,2.83,2.2,Pinnacle,Fleetwood Town,2025-09-06 10:08:53
Grimsby Town @ Milton Keynes Dons,Grimsby Town,2025-09-06 10:00:00,League 2,2025-09-06 10:00:46,3.43,3.3,3.35,3.6,3.2,3.1,3.2,3.35,,3.4,3.15,3.2,3.4,,,3.35,3.25,3.3,,3.35,3.25,,,,3.25,3.35,3.25,3.3,3.1,3.48,,3.35,3.15,3.5,,3.46,3.25,3.25,3.25,3.3,,3.3,3.4,3.35,,3.35,3.35,3.3,3.3,,,,,,2.7,3.6,Bet Victor,Milton Keynes Dons,2025-09-06 10:08:53
Andorra @ England,England,2025-09-06 12:00:00,FIFA World Cup Qualifiers - Europe,2025-09-06 10:08:51,1.01,1.01,,1.01,,,,,1.01,,1.01,,,,,,,1.01,,,,,,,,1.01,,1.01,,,,,1.01,1.01,1.01,,,,,1.01,,,,,,,,1.02,1.02,1.01,1.01,,,,2.56,1.02,William Hill,England,2025-09-06 10:08:53
Wigan Athletic @ Lincoln City,Wigan Athletic,2025-09-06 10:00:00,League 1,2025-09-06 09:59:48,3.17,,3.1,3.1,3.0,2.92,3.05,3.1,,3.15,2.92,2.9,2.9,,,3.0,3.14,3.1,,3.0,3.05,,,,2.95,3.1,2.95,3.0,2.92,3.18,,3.1,2.92,3.0,,3.21,3.0,3.0,3.25,3.1,,3.0,3.3,3.0,,3.0,3.0,3.0,3.1,,,,,,2.55,3.3,Tipico,Draw,2025-09-06 10:08:53
Illinois Fighting Illini @ Duke Blue Devils,Illinois Fighting Illini,2025-09-06 12:00:00,NCAAF,2025-09-06 10:08:09,,,1.69,,1.71,1.78,1.71,1.74,,1.73,1.71,,1.74,,1.74,,1.73,1.73,,1.74,1.74,1.71,1.71,1.74,,1.72,1.71,,1.78,1.76,1.72,1.72,1.71,1.7,,1.74,1.72,1.73,,1.7,,,,1.71,,1.71,1.71,,,,,,,,2.54,1.78,LowVig.ag,Illinois Fighting Illini,2025-09-06 10:08:53
Central Michigan Chippewas @ Pittsburgh Panthers,Central Michigan Chippewas,2025-09-06 12:00:00,NCAAF,2025-09-06 10:08:39,,,,,11.5,11.96,10.5,12.75,,,10.0,,10.5,,11.5,,10.5,12.0,,11.0,9.0,10.8,11.5,11.35,,12.0,10.5,,11.96,13.5,11.25,12.0,10.0,9.0,,10.67,11.0,,,11.0,,,,10.5,,10.5,10.5,,,,,,,,2.46,13.5,Marathon Bet,Pittsburgh Panthers,2025-09-06 10:08:53
Stockport County FC @ Plymouth Argyle,Stockport County FC,2025-09-06 10:00:00,League 1,2025-09-06 10:00:43,2.31,,2.2,2.3,2.25,2.33,2.1,2.2,,2.25,2.25,2.25,2.3,,,2.25,2.38,2.3,,2.35,2.2,,,,2.23,2.3,2.23,2.25,2.33,2.22,,2.3,2.25,2.2,,2.25,2.25,2.35,2.2,2.2,,2.25,2.4,2.25,,2.25,2.25,2.25,2.25,,,,,,2.37,2.4,Tipico,Stockport County FC,2025-09-06 10:08:53
Portugal @ Armenia,Portugal,2025-09-06 12:00:00,FIFA World Cup Qualifiers - Europe,2025-09-06 10:08:51,1.15,1.12,,1.1,,1.12,1.08,,1.11,,1.12,1.12,,,,1.09,1.13,1.12,,1.13,,,,,,1.12,1.1,1.1,,,,,1.12,1.08,1.11,1.13,,,1.09,1.08,,,,1.09,,,1.09,1.1,1.12,1.11,1.11,,,,2.31,1.15,1xBet,Portugal,2025-09-06 10:08:53
Crawley Town @ Harrogate Town,Draw,2025-09-06 10:00:00,League 2,2025-09-06 09:59:50,3.41,3.1,3.25,3.3,3.1,3.3,3.4,3.35,,3.3,3.05,3.1,3.4,,,3.25,3.0,3.2,,3.2,3.3,,,,3.15,3.35,3.15,3.2,3.3,3.38,,3.35,2.92,3.25,,3.5,3.3,3.0,3.25,3.2,,3.2,3.2,3.25,,3.25,3.25,3.2,3.25,,,,,,2.15,3.5,Pinnacle,Harrogate Town,2025-09-06 10:08:53
Peterborough United @ Huddersfield Town,Huddersfield Town,2025-09-06 10:00:00,League 1,2025-09-06 09:59:48,1.5,,1.51,1.67,1.54,1.52,1.45,1.48,,1.52,1.62,1.6,1.53,,,1.5,1.67,1.57,,1.67,1.5,,,,1.5,1.52,1.5,1.5,1.52,1.52,,1.52,1.62,1.62,,1.54,1.55,1.65,1.62,1.47,,1.5,1.55,1.5,,1.5,1.5,1.5,1.5,,,,,,2.11,1.67,Coolbet,Peterborough United,2025-09-06 10:08:53
Exeter City @ Rotherham United,Exeter City,2025-09-06 10:00:00,League 1,2025-09-06 10:00:43,3.04,,2.9,3.0,2.85,2.84,2.9,2.85,,2.95,2.85,2.75,2.9,,,2.85,3.0,2.9,,3.0,2.85,,,,2.8,2.85,2.8,2.8,2.84,3.0,,2.85,2.85,2.88,,3.03,2.8,2.9,3.0,3.0,,2.8,2.9,2.85,,2.8,2.85,2.8,2.9,,,,,,2.01,3.04,1xBet,Exeter City,2025-09-06 10:08:53
Tranmere Rovers @ Salford City,Tranmere Rovers,2025-09-06 10:00:00,League 2,2025-09-06 10:27:36,,4.0,,5.0,3.75,,,,,,3.9,3.6,3.75,,,3.9,4.0,3.9,,3.95,,,,,3.85,3.9,3.85,3.85,,,,,,3.75,,3.88,,3.75,3.75,,,3.85,4.0,3.9,,3.9,3.9,3.85,,,,,,,4.35,5.0,Bet Victor,Tranmere Rovers,2025-09-06 10:27:49
Mansfield Town @ Wycombe Wanderers,Wycombe Wanderers,2025-09-06 10:00:00,League 1,2025-09-06 10:27:36,,,,1.25,1.27,,,,,,1.23,1.29,1.33,,,1.24,1.25,1.28,,1.25,,,,,1.24,1.28,1.24,1.24,,,,,1.23,1.25,,,,1.25,1.29,,1.3,1.24,1.2,1.24,,1.24,1.24,1.24,,,,,,,2.7,1.33,Bovada,Mansfield Town,2025-09-06 10:27:49
Scotland @ Canada,Scotland,2025-09-06 10:30:00,One Day Internationals,2025-09-06 10:27:46,,,,,,,,,,,,,,,,1.3,,,,1.35,,,,,1.3,,1.3,1.3,,1.33,,,,,,,,,,,,1.3,,1.3,,,,1.3,,,,,,,2.24,1.35,DraftKings,Not Found,2025-09-06 10:27:49
Leyton Orient @ Port Vale,Port Vale,2025-09-06 10:00:00,League 1,2025-09-06 10:27:36,,,,2.7,2.55,,,,,,2.5,2.6,2.6,,,2.63,2.6,2.6,,2.6,,,,,2.6,2.6,2.6,2.63,,,,,2.5,2.62,,,,2.55,2.63,,,2.63,2.6,2.63,,2.5,2.63,2.63,,,,,,,2.13,2.7,Bet Victor,Port Vale,2025-09-06 10:27:49
Francisco Rodriguez @ Adam Maca,Adam Maca,2025-09-06 12:00:00,Boxing,2025-09-06 10:39:04,,,1.01,,,,,1.02,,1.01,,,,,,,,1.01,,1.01,,,,,,1.01,,,,,,,,,,,,,,,,,,,,,,,,,,,,,2.04,1.02,BetUS,Not Found,2025-09-06 10:39:31
Lydie Bialic @ Tiah Mai Ayton,Lydie Bialic,2025-09-06 11:00:00,Boxing,2025-09-06 10:49:55,15.0,17.0,16.0,,17.0,,20.0,21.0,,13.0,20.0,,23.0,,,,,17.0,,21.0,,,,,26.0,17.0,26.0,26.0,,,,,20.0,41.0,,,21.0,,,,,26.0,,26.0,,26.0,26.0,26.0,,,,,,,3.2,41.0,Paddy Power,Not Found,2025-09-06 10:50:31
Iowa Hawkeyes @ Iowa State Cyclones,Iowa State Cyclones,2025-09-06 12:00:00,NCAAF,2025-09-06 11:25:54,,,1.6,,1.61,1.59,1.61,1.57,,1.6,1.61,,1.61,,1.59,,1.6,1.6,,1.6,1.61,1.64,1.59,,,1.6,1.61,,1.59,1.61,1.6,1.6,1.61,1.65,,1.62,1.58,,,1.63,1.55,,,1.61,,1.61,1.61,,,,,,,,2.46,1.65,Paddy Power,Iowa State Cyclones,2025-09-06 11:26:20
Rinat Fakhretdinov @ Andreas Gustafsson Berg,Andreas Gustafsson Berg,2025-09-06 12:45:00,MMA,2025-09-06 12:03:07,1.88,1.73,,,,1.82,1.78,1.83,,1.77,,1.73,,,1.77,,1.8,,,1.8,1.8,1.75,,,1.78,1.75,1.78,1.78,,,,1.75,,1.73,,1.84,1.8,1.77,,1.73,,1.78,,1.78,,,1.78,1.78,,,,1.8,,1.83,2.7,1.88,1xBet,Not Found,2025-09-06 12:10:52
UConn Huskies @ Syracuse Orange,Syracuse Orange,2025-09-06 12:02:37,NCAAF,2025-09-06 12:10:23,,,1.35,,1.25,1.38,1.34,1.38,,1.35,,,1.35,,1.29,,1.25,1.36,,1.3,1.38,1.27,1.33,1.26,,1.36,1.34,,1.38,1.36,1.45,1.36,1.32,1.36,,1.36,1.36,1.33,,1.35,1.36,,,1.25,,1.25,1.25,,,,,,,,2.35,1.45,MyBookie.ag,Syracuse Orange,2025-09-06 12:10:52
Gillingham @ Bromley FC,Gillingham,2025-09-06 12:30:00,League 2,2025-09-06 12:10:44,3.28,3.4,3.2,3.5,3.2,3.1,3.1,3.3,,3.25,3.45,3.3,3.3,,,3.1,3.25,3.25,,3.5,3.35,,,,3.1,3.2,3.1,3.05,3.1,3.28,,3.2,3.45,3.5,,3.61,3.35,3.2,3.4,3.3,,3.1,3.5,3.1,,3.1,3.1,3.05,3.4,,,,,,2.26,3.61,Pinnacle,Draw,2025-09-06 12:10:52
Sam Hughes @ Shauna Bannon,Shauna Bannon,2025-09-06 12:15:00,MMA,2025-09-06 12:03:07,3.56,,,,,3.1,3.3,3.06,,3.15,3.25,3.1,,,3.1,,3.28,,,3.15,2.9,3.25,,,3.3,2.9,3.3,3.3,,,,2.9,3.25,3.0,,3.19,3.55,3.25,,3.25,,3.3,,3.3,,,3.3,3.3,,,,,,3.05,2.17,3.56,1xBet,Not Found,2025-09-06 12:10:52
Real Valladolid CF @ Zaragoza,Real Valladolid CF,2025-09-06 12:30:00,La Liga 2 - Spain,2025-09-06 12:10:30,2.77,,,2.7,2.7,2.7,,,2.62,2.75,2.68,2.75,2.75,,,2.6,2.8,2.62,,2.75,,2.8,,,2.6,2.62,2.55,2.5,2.7,2.77,,2.63,2.68,2.7,2.55,2.84,,2.7,2.7,2.62,,2.6,2.65,2.6,,2.6,2.63,2.55,2.75,2.65,,,,,2.07,2.84,Pinnacle,Not Found,2025-09-06 12:10:52
Virginia Cavaliers @ NC State Wolfpack,NC State Wolfpack,2025-09-06 12:02:23,NCAAF,2025-09-06 12:08:24,,,1.67,,2.2,1.68,1.63,1.69,,1.67,,,1.71,,1.67,,1.71,1.65,,1.91,1.69,1.7,2.1,2.14,,1.67,1.65,,1.68,1.71,1.7,1.67,1.55,2.25,,1.69,1.68,2.02,,1.68,1.65,,,2.2,,2.18,2.2,,,,,,,,2.0,2.25,Paddy Power,NC State Wolfpack,2025-09-06 12:10:52
Jade Grierson @ Sandy Ryan,Draw,2025-09-06 13:00:00,Boxing,2025-09-06 12:31:58,33.0,19.0,,,21.0,,,,,,22.0,23.0,,,,,,26.0,,,,,,,19.0,26.0,19.0,19.0,,,,,22.0,41.0,,,,,,,,19.0,,19.0,,19.0,19.0,19.0,,,,,,,3.02,41.0,Paddy Power,Not Found,2025-09-06 12:32:48
Cristian Uwaka @ Leo Atang,Cristian Uwaka,2025-09-06 13:00:00,Boxing,2025-09-06 12:31:58,,17.0,16.0,,17.0,,20.0,21.0,,13.0,,,23.0,,,,,17.0,,21.0,,,,,26.0,17.0,26.0,26.0,,,,,,41.0,,,34.0,,,,,26.0,,26.0,,26.0,26.0,26.0,,,,,,,2.69,41.0,Paddy Power,Not Found,2025-09-06 12:32:48
Toronto Blue Jays @ New York Yankees,Toronto Blue Jays,2025-09-06 13:06:00,MLB,2025-09-06 12:31:46,2.16,2.15,2.18,2.2,2.15,2.2,2.18,2.2,,2.15,2.12,2.2,2.16,,2.18,2.18,2.2,2.15,2.15,2.17,2.24,2.18,2.15,2.22,2.18,2.15,2.18,2.18,2.2,2.15,2.17,2.15,2.12,2.15,2.1,2.22,2.12,2.2,,2.15,,2.18,2.2,2.18,2.15,2.18,2.18,2.18,2.2,2.15,2.1,,,,2.32,2.24,Everygame,Toronto Blue Jays,2025-09-06 12:32:48
Syracuse Mets @ Buffalo Bisons,Buffalo Bisons,2025-09-06 13:05:00,MiLB,2025-09-06 12:31:57,1.82,,,,,1.71,,,,,,1.74,,,1.77,,,,,,,1.81,,,,,,,,,,,,,,1.71,,,,,,,,,,,,,2.2,,,,,,2.19,2.2,William Hill,Syracuse Mets,2025-09-06 12:32:48
Liberty Flames @ Jacksonville State Gamecocks,Liberty Flames,2025-09-06 12:03:50,NCAAF,2025-09-06 12:32:33,,,,,1.87,,,,,,,,1.83,,2.2,,1.85,,,1.42,,1.85,1.48,1.52,,,,,,,1.95,,1.4,,,,,1.42,,,,,,1.47,,1.47,1.47,,,,,,,,2.11,2.2,Caesars,Jacksonville State Gamecocks,2025-09-06 12:32:48
Robert Bryczek @ Brad Tavares,Brad Tavares,2025-09-06 12:52:00,MMA,2025-09-06 12:47:49,1.41,,,,1.45,1.55,1.43,1.56,,1.46,,1.44,,,1.48,,1.45,,,1.52,1.52,1.44,,,1.43,1.46,1.43,1.44,,,,1.46,1.43,1.44,,1.48,1.45,1.47,,1.43,1.45,1.43,,1.44,,,1.43,1.44,,,,1.46,,1.56,2.43,1.56,BetAnySports,Not Found,2025-09-06 12:48:15
Hamilton Tiger-Cats @ Montreal Alouettes,Hamilton Tiger-Cats,2025-09-06 13:07:00,CFL,2025-09-06 12:47:43,,,,,1.53,1.55,1.51,1.54,,1.53,1.55,1.59,1.56,,1.53,,1.51,,,1.59,1.56,1.52,1.57,,,1.53,1.51,,1.55,,1.57,1.53,1.55,,,1.56,1.53,1.53,,,,,,1.52,,1.51,1.51,,,,,,,,2.08,1.59,DraftKings,Montreal Alouettes,2025-09-06 12:48:15
Trey Waters @ Sam Patterson,Sam Patterson,2025-09-06 13:22:00,MMA,2025-09-06 13:07:44,1.53,1.5,,,1.53,,1.53,1.54,,1.52,,1.53,,,1.53,,1.57,,,1.54,1.52,1.52,,,1.53,1.55,1.53,1.53,,,,1.55,,1.53,,1.59,1.5,1.53,,1.5,,1.53,,1.53,,,1.53,1.53,,,,1.51,,1.53,3.15,1.59,Pinnacle,Not Found,2025-09-06 13:07:53
Ante Delija @ Marcin Tybura,Marcin Tybura,2025-09-06 14:30:00,MMA,2025-09-06 13:07:18,2.11,,,,1.83,,1.93,1.77,,1.82,,1.91,,,1.8,,1.87,,,1.82,1.83,1.91,,,1.93,1.83,1.93,1.93,,,,1.83,,1.9,,1.87,1.98,1.85,,1.9,1.95,1.93,,1.93,,,1.93,1.93,,,,1.92,,1.77,3.08,2.11,1xBet,Not Found,2025-09-06 13:07:53
Washington Nationals @ Chicago Cubs,Chicago Cubs,2025-09-06 14:21:00,MLB,2025-09-06 13:07:30,1.4,1.36,1.38,1.36,1.36,1.43,1.36,1.41,,1.37,1.38,1.39,1.38,1.36,1.37,1.38,1.38,1.36,1.37,1.37,1.4,1.38,1.39,1.43,1.38,1.36,1.38,1.37,1.43,1.39,1.38,1.36,1.38,1.33,1.35,1.41,1.38,1.4,,1.36,,1.36,1.35,1.36,1.36,1.36,1.36,1.37,1.33,1.37,1.36,,,,2.47,1.43,LowVig.ag,Washington Nationals,2025-09-06 13:07:53
Birmingham Bears @ Somerset,Somerset,2025-09-06 13:30:00,T20 Blast,2025-09-06 13:07:12,,,,1.5,,1.51,,,,1.45,1.48,1.55,,,,1.44,,1.53,,,,,,,1.44,1.53,1.44,1.45,,1.59,,,1.48,1.5,,1.49,,,,1.51,,1.44,,1.45,,,,1.45,1.5,,,,,,2.44,1.59,Marathon Bet,Not Found,2025-09-06 13:07:53
Harry Hardwick @ Kauê Fernandes,Harry Hardwick,2025-09-06 14:00:00,MMA,2025-09-06 13:07:18,2.54,,,,,,2.55,,,2.65,,2.62,,,2.85,,3.02,,,3.0,2.8,2.68,,,2.55,2.75,2.55,2.55,,,,2.75,,2.62,,2.84,2.6,2.7,,2.67,,2.55,,2.55,,,2.55,2.55,,,,2.64,,3.05,2.29,3.05,BetAnySports,Not Found,2025-09-06 13:07:53
Troy Williamson @ Mark Dickinson,Troy Williamson,2025-09-06 14:00:00,Boxing,2025-09-06 13:07:12,3.72,4.2,3.35,,3.3,3.09,3.55,3.3,,3.25,4.15,3.4,3.0,,,,,3.3,,3.25,,3.45,,,3.6,3.3,3.6,3.6,3.09,,,,4.15,3.5,,3.18,4.0,,,,,3.6,,3.6,,3.6,3.6,3.6,,,,,,,2.17,4.2,888sport,Not Found,2025-09-06 13:07:53
Miguel Parra @ Pat McCormack,Miguel Parra,2025-09-06 14:30:00,Boxing,2025-09-06 13:25:51,10.5,8.0,7.0,,7.0,,6.75,6.6,,6.5,8.0,,7.0,,,,,,,6.5,,7.6,,,7.0,,7.0,7.0,,,,,8.0,8.5,,,7.5,,,,,7.0,,7.0,,7.0,,7.0,,,,,,,3.5,10.5,1xBet,Not Found,2025-09-06 13:26:15
Phoenix Mercury @ Connecticut Sun,Connecticut Sun,2025-09-06 13:03:01,WNBA,2025-09-06 13:25:47,,2.5,,,2.65,,2.32,,,,2.5,2.4,3.5,,2.8,,3.4,,,2.4,,2.76,2.5,2.69,,,2.28,,,,3.1,,2.7,,,2.6,,,,,,2.3,,2.35,,2.5,2.35,,,,,,,,2.51,3.5,Bovada,Phoenix Mercury,2025-09-06 13:26:15
Brendson Ribeiro @ Oumar Sy,Oumar Sy,2025-09-06 14:45:00,MMA,2025-09-06 14:11:43,1.18,,,,1.15,1.15,1.16,1.15,,1.15,,1.17,,,1.15,,1.17,,,1.16,1.16,1.18,,,1.16,1.16,1.16,1.16,,,,1.16,,1.17,,1.17,1.17,1.15,,1.16,,1.16,,1.16,,,1.16,1.16,,,,1.19,,1.13,2.48,1.19,BoomBet,Not Found,2025-09-06 14:12:44
Cyprus @ Austria,Draw,2025-09-06 14:45:00,FIFA World Cup Qualifiers - Europe,2025-09-06 14:12:15,18.5,13.0,,15.0,,15.0,16.0,,12.75,,15.0,11.0,,,,16.0,15.0,15.0,,14.0,,,,,,15.0,17.0,14.0,,,,,15.0,14.0,11.5,16.04,,,12.0,14.0,,,,16.0,,16.0,16.0,14.0,13.0,15.0,14.5,,,,2.35,18.5,1xBet,Austria,2025-09-06 14:12:44
Hungary @ Ireland,Draw,2025-09-06 14:45:00,FIFA World Cup Qualifiers - Europe,2025-09-06 14:12:11,3.15,,,2.9,,3.05,2.9,,2.99,,2.98,2.88,,,,2.95,3.0,,,3.0,,,,,,3.0,2.95,2.9,,,,,2.98,2.9,,3.08,,,2.9,2.9,,,,2.95,,,,2.9,2.9,3.15,3.1,,,,2.12,3.15,1xBet,Draw,2025-09-06 14:12:44
Bosnia & Herzegovina @ San Marino,Bosnia & Herzegovina,2025-09-06 14:45:00,FIFA World Cup Qualifiers - Europe,2025-09-06 14:12:15,1.12,1.1,,1.08,,1.08,1.06,,1.09,,1.1,1.09,,,,1.07,1.1,1.11,,1.09,,,,,,1.11,1.07,1.08,,,,,1.1,1.06,,1.08,,,1.06,1.06,,,,1.07,,1.07,1.07,1.08,1.1,,1.06,,,,2.07,1.12,1xBet,Bosnia & Herzegovina,2025-09-06 14:12:44
Granada CF @ Málaga,Málaga,2025-09-06 15:00:00,La Liga 2 - Spain,2025-09-06 14:36:04,2.16,,,1.95,1.98,2.01,,,1.98,2.05,2.05,2.0,2.03,,,1.95,2.08,1.95,,2.05,,2.0,,,1.95,1.95,1.93,1.92,2.01,2.11,,1.95,2.05,1.91,1.98,2.16,,2.05,1.91,1.9,,1.95,1.95,1.97,2.0,1.95,2.0,1.94,2.1,2.0,2.0,,,,2.49,2.16,1xBet,Not Found,2025-09-06 14:36:13
Atletico Paranaense @ Botafogo,Botafogo,2025-09-06 15:00:00,Brazil Série B,2025-09-06 14:36:07,4.08,,,3.9,,3.9,4.0,4.33,,,,4.0,4.15,,,4.0,4.0,,,4.1,,4.0,,,3.9,,4.0,3.9,3.9,4.15,,,,3.8,,4.32,3.85,3.9,,3.9,,3.95,3.7,4.0,,4.0,4.0,3.9,3.8,,,,,,2.49,4.33,BetUS,Botafogo,2025-09-06 14:36:13
Bowling Green Falcons @ Cincinnati Bearcats,Bowling Green Falcons,2025-09-06 15:30:00,NCAAF,2025-09-06 14:47:57,,,,,11.0,11.41,10.5,11.25,,,10.0,,10.0,,11.5,,10.5,11.0,,11.0,10.0,12.0,11.5,11.55,,11.0,10.5,,11.41,14.5,11.25,11.0,10.0,11.0,,9.82,11.0,,,11.0,11.0,,,10.5,,10.5,10.5,,,,,,,,4.04,14.5,Marathon Bet,Cincinnati Bearcats,2025-09-06 14:48:48
Robert Ruchala @ William Gomis,Robert Ruchala,2025-09-06 15:15:00,MMA,2025-09-06 14:41:27,3.04,3.0,,,3.2,3.45,3.05,3.34,,,,3.1,,,3.35,,3.17,,,3.3,3.1,3.2,,,3.05,3.1,3.05,3.05,,,,3.1,,3.0,,3.3,,,,3.22,3.1,3.05,,3.05,3.05,,3.05,3.05,,,,,,3.35,2.41,3.45,BetOnline.ag,Not Found,2025-09-06 14:48:48
Delaware Blue Hens @ Colorado Buffaloes,Delaware Blue Hens,2025-09-06 15:30:00,NCAAF,2025-09-06 14:47:57,,,,,12.0,12.76,14.0,12.75,,,,,12.0,,12.5,,,12.0,,13.0,12.0,13.0,14.0,,,12.5,15.0,,12.76,14.5,11.75,12.5,,11.0,,13.22,,,,12.5,11.0,,,14.0,,14.0,,,,,,,,,2.08,15.0,LeoVegas,Colorado Buffaloes,2025-09-06 14:48:48
Ole Miss Rebels @ Kentucky Wildcats,Ole Miss Rebels,2025-09-06 15:30:00,NCAAF,2025-09-06 15:07:12,,,1.29,,1.29,1.33,1.26,1.33,,1.29,1.27,,1.3,,1.3,,1.29,1.28,,1.29,1.29,1.29,,,,1.28,1.26,,,,1.29,1.28,1.27,1.29,,1.3,1.3,1.28,,1.27,1.28,,,1.26,,1.26,1.26,,,,,,,,2.45,1.33,BetOnline.ag,Ole Miss Rebels,2025-09-06 15:07:30
Idaho State Bengals @ New Mexico Lobos,Idaho State Bengals,2025-09-06 15:05:00,NCAAF,2025-09-06 15:05:19,,,,,7.25,,,,,,7.94,,6.75,,7.0,,,7.5,,7.0,,8.2,7.5,6.92,,7.5,,,,8.7,6.75,7.0,7.94,7.0,,,,,,8.0,,,,7.0,,7.0,,,,,,,,,2.34,8.7,Marathon Bet,New Mexico Lobos,2025-09-06 15:07:30
Kansas Jayhawks @ Missouri Tigers,Kansas Jayhawks,2025-09-06 15:30:00,NCAAF,2025-09-06 15:07:12,,,2.7,,2.65,2.65,2.85,2.67,,2.7,2.66,,2.7,,2.62,,2.7,2.62,,2.64,2.7,2.72,2.75,2.65,,2.55,2.85,,2.65,2.88,2.83,2.55,2.66,2.62,,2.73,2.65,2.7,,2.7,2.6,,,2.8,,2.8,2.85,,,,,,,,2.07,2.88,Marathon Bet,Missouri Tigers,2025-09-06 15:07:30
Miami (OH) RedHawks @ Rutgers Scarlet Knights,Rutgers Scarlet Knights,2025-09-06 15:30:00,NCAAF,2025-09-06 15:17:39,,,,,1.13,1.14,1.13,1.13,,,1.14,,1.14,,1.14,,1.14,1.12,,1.13,1.14,,,1.15,,1.12,1.14,,1.14,1.13,1.16,,1.14,1.17,,1.15,1.14,,,1.15,1.16,,,1.13,,1.13,1.13,,,,,,,,2.57,1.17,Paddy Power,Not Found,2025-09-06 15:21:53
Oklahoma State Cowboys @ Oregon Ducks,Oregon Ducks,2025-09-06 15:37:00,NCAAF,2025-09-06 15:35:14,,,1.01,,1.01,1.01,,,,1.01,1.01,,1.01,,1.01,,1.01,1.01,,1.01,,1.01,1.01,,,1.01,1.01,,1.01,,1.02,1.01,1.01,,,1.01,1.01,1.01,,1.01,,,,,,,,,,,,,,,4.48,1.02,MyBookie.ag,Oregon Ducks,2025-09-06 15:35:26
UAB Blazers @ Navy Midshipmen,UAB Blazers,2025-09-06 15:40:00,NCAAF,2025-09-06 15:35:14,,,9.5,,8.75,9.56,9.5,9.75,,9.5,8.47,,9.0,,10.0,,8.5,9.0,,10.0,9.0,9.1,,9.35,,8.5,10.0,,9.56,12.0,9.4,8.5,8.47,8.0,,9.76,9.0,8.5,,9.5,8.5,,,9.5,,9.5,9.5,,,,,,,,3.69,12.0,Marathon Bet,Navy Midshipmen,2025-09-06 15:35:26
Western Carolina Catamounts @ Wake Forest Demon Deacons,Western Carolina Catamounts,2025-09-06 14:00:00,NCAAF,2025-09-06 15:35:14,,,,,6.0,,,,,,,,6.0,,8.0,,,,,5.7,,6.4,6.5,5.71,,,,,,,,,5.83,,,,,,,,,,,5.8,,5.8,,,,,,,,,2.61,8.0,Caesars,Wake Forest Demon Deacons,2025-09-06 15:35:26
Axel Sola @ Rhys McKee,Axel Sola,2025-09-06 15:45:00,MMA,2025-09-06 15:34:57,1.67,,,,1.69,,1.71,1.71,1.66,1.7,,1.73,,,1.71,,1.71,,,1.7,1.68,1.76,,,1.71,1.7,1.71,1.71,,,,1.7,,1.73,,1.72,1.74,1.7,,1.74,,1.71,,1.71,1.7,,1.71,1.71,,,,,,1.69,2.53,1.76,FanDuel,Not Found,2025-09-06 15:35:26
Santa Clara @ Estoril,Draw,2025-09-06 15:30:00,Primeira Liga - Portugal,2025-09-06 15:32:34,3.06,,2.9,2.9,2.8,2.88,,2.95,2.85,2.9,2.85,2.8,2.95,2.9,,3.0,2.88,2.87,,3.0,2.95,3.0,,3.05,2.95,2.9,2.95,2.95,2.88,3.04,,2.9,2.85,3.0,2.95,3.07,,2.9,3.0,2.87,,3.15,2.8,3.0,,3.0,3.0,2.95,2.9,2.8,2.7,,,,2.52,3.15,TABtouch,API Error,2025-09-06 15:35:26
Bryant Bulldogs @ UMass Minutemen,Bryant Bulldogs,2025-09-06 15:50:00,NCAAF,2025-09-06 15:35:14,,,,,5.25,,,,,,5.06,,5.6,,5.3,,,5.25,,5.25,,5.5,5.5,5.22,,5.0,,,,5.75,5.25,5.0,5.06,5.2,,5.39,,,,5.5,,,,6.1,,6.1,,,,,,,,,2.21,6.1,Unibet,API Error,2025-09-06 15:35:26
North Texas Mean Green @ Western Michigan Broncos,North Texas Mean Green,2025-09-06 15:33:16,NCAAF,2025-09-06 15:35:14,,,,,1.21,1.22,1.22,1.24,,,,,1.21,,1.22,,1.21,1.25,,1.21,1.24,1.22,1.2,1.21,,1.26,1.22,,1.22,1.22,1.25,1.26,1.19,1.22,,1.24,1.22,,,1.21,1.22,,,1.21,,1.21,1.22,,,,,,,,2.16,1.26,Ladbrokes,North Texas Mean Green,2025-09-06 15:35:26
Troy Trojans @ Clemson Tigers,Troy Trojans,2025-09-06 15:35:00,NCAAF,2025-09-06 15:35:14,,,,,,,,,,16.75,17.0,,,,26.0,,15.0,,,21.0,,26.0,,12.77,,,,,,,17.0,,17.0,26.0,,37.19,21.0,17.0,,34.0,,,,,,,,,,,,,,,2.13,37.19,Pinnacle,Clemson Tigers,2025-09-06 15:35:26
Fresno State Bulldogs @ Oregon State Beavers,Oregon State Beavers,2025-09-06 15:40:00,NCAAF,2025-09-06 15:35:14,,,1.86,,1.95,1.87,1.83,,,1.87,1.84,,1.83,,1.87,,1.82,1.95,,1.85,1.87,1.83,1.87,1.88,,1.94,1.79,,1.87,1.87,1.85,1.94,1.84,1.85,,1.91,1.85,1.83,,1.82,1.85,,,1.79,,1.79,1.79,,,,,,,,2.08,1.95,Coral,Fresno State Bulldogs,2025-09-06 15:35:26
Middle Tennessee Blue Raiders @ Wisconsin Badgers,Middle Tennessee Blue Raiders,2025-09-06 16:00:00,NCAAF,2025-09-06 15:45:51,,,16.0,,31.0,16.5,,,,16.75,14.0,,,,19.0,,16.5,23.0,,23.0,15.0,31.0,,21.0,,31.0,25.0,,16.5,,,31.0,14.0,26.0,,21.27,17.0,19.0,,41.0,,,,,,,,,,,,,,,2.64,41.0,SportsBet,API Error,2025-09-06 15:47:41
Amanda Anisimova @ Aryna Sabalenka,Aryna Sabalenka,2025-09-06 16:00:00,WTA US Open,2025-09-06 15:47:11,1.54,1.53,,,1.57,1.58,1.54,1.56,,1.52,1.5,1.6,1.53,,1.48,1.54,1.52,1.53,,1.54,1.53,1.52,1.54,1.53,1.54,1.55,1.54,1.54,1.58,1.54,1.47,1.55,,1.5,1.5,1.54,1.55,1.5,,1.5,1.47,1.54,,1.54,,1.54,1.54,1.54,1.5,1.5,1.52,,,,2.5,1.6,Betway,API Error,2025-09-06 15:47:41
Texas State Bobcats @ UTSA Roadrunners,Texas State Bobcats,2025-09-06 15:32:35,NCAAF,2025-09-06 15:45:50,,,,,2.25,2.74,,2.75,,,,,3.1,,2.35,,2.33,,,2.54,,2.26,2.4,2.27,,,,,2.74,,2.75,,2.33,,,,,2.24,,2.56,,,,2.48,,3.25,2.48,,,,,,,,2.4,3.25,Unibet (IT),Texas State Bobcats,2025-09-06 15:47:41
West Virginia Mountaineers @ Ohio Bobcats,Ohio Bobcats,2025-09-06 16:00:00,NCAAF,2025-09-06 15:45:51,,,,,2.4,2.51,2.33,2.46,,,2.38,,2.55,,2.43,,2.42,2.4,,2.42,2.5,2.4,,,,2.35,2.35,,2.51,2.42,2.4,2.35,2.38,2.38,,2.54,2.4,,,2.39,2.4,,,2.32,,2.32,2.33,,,,,,,,2.16,2.55,Bovada,API Error,2025-09-06 15:47:41
Arkansas State Red Wolves @ Arkansas Razorbacks,Arkansas Razorbacks,2025-09-06 17:00:00,NCAAF,2025-09-06 16:08:59,,,1.04,,1.04,1.04,1.04,1.04,,1.04,1.03,,1.05,,1.04,,1.04,1.04,,1.04,1.04,1.04,,1.05,,1.03,1.05,,1.04,1.02,1.05,1.03,1.03,1.04,,1.06,1.04,1.04,,1.04,1.03,,,1.04,,1.04,1.04,,,,,,,,2.7,1.06,Pinnacle,API Error,2025-09-06 16:10:22
South Florida Bulls @ Florida Gators,South Florida Bulls,2025-09-06 16:15:00,NCAAF,2025-09-06 16:08:59,,,7.0,,7.5,7.13,7.5,7.3,,7.0,6.64,,7.0,,7.0,,7.1,7.5,,7.25,7.0,7.1,7.0,7.3,,7.0,7.5,,7.13,8.0,7.1,7.0,6.64,6.5,,7.29,7.0,7.0,,7.0,6.5,,,7.5,,7.5,7.5,,,,,,,,2.65,8.0,Marathon Bet,API Error,2025-09-06 16:10:22
Paul Craig @ Modestas Bukauskas,Paul Craig,2025-09-06 16:55:00,MMA,2025-09-06 16:05:59,3.56,3.5,,,3.75,4.0,3.65,3.79,,3.6,,3.6,,,4.0,,3.75,,,3.75,3.5,3.7,,,3.65,3.6,3.65,3.65,,3.56,,3.6,,3.4,,3.72,3.7,3.75,,3.7,3.7,3.65,,3.65,3.65,,3.65,3.65,,,,,,3.4,2.6,4.0,BetOnline.ag,API Error,2025-09-06 16:10:22
Saskatchewan Roughriders @ Winnipeg Blue Bombers,Saskatchewan Roughriders,2025-09-06 16:07:00,CFL,2025-09-06 16:09:25,,,,,1.95,,1.89,,,1.87,1.89,1.87,1.91,,1.91,,1.87,,,1.87,,1.88,1.91,,,1.94,1.88,,,,1.97,1.94,1.89,,,1.94,1.9,1.87,,,,,,1.9,,1.88,2.0,,,,,,,,2.59,2.0,Unibet,Saskatchewan Roughriders,2025-09-06 16:10:22
Rhys McKee @ Axel Sola,Axel Sola,2025-09-06 15:49:00,MMA,2025-09-06 16:04:05,,,,,1.29,,,,1.73,,1.3,1.4,,,1.17,,,,,1.22,,1.32,,,1.18,,1.18,1.24,,,,,1.3,1.25,,,,,,,,1.18,,1.18,1.7,,1.18,1.24,,,,,,,2.55,1.73,Betclic (FR),API Error,2025-09-06 16:10:22
Northern Iowa Panthers @ Wyoming Cowboys,Northern Iowa Panthers,2025-09-06 16:05:00,NCAAF,2025-09-06 16:05:35,,,,,7.25,,,,,,5.26,,5.3,,5.6,,,5.75,,6.5,,5.3,6.5,5.46,,5.75,,,,5.7,5.5,5.4,5.26,5.0,,5.1,,,,5.3,,,,7.5,,6.5,,,,,,,,,2.38,7.5,Unibet,API Error,2025-09-06 16:10:22
Philadelphia Phillies @ Miami Marlins,Miami Marlins,2025-09-06 16:11:00,MLB,2025-09-06 16:10:12,2.3,2.3,2.34,2.25,2.3,2.35,2.25,2.44,,2.3,2.33,2.25,2.33,2.3,2.4,2.32,2.25,2.3,2.4,2.24,2.45,2.36,2.4,2.45,2.28,2.3,2.28,2.28,2.46,2.31,2.29,2.3,2.33,2.3,2.2,2.39,2.3,2.35,,2.27,2.3,2.28,2.2,2.32,2.26,2.32,2.32,2.28,2.3,2.25,2.1,,,2.44,2.13,2.46,LowVig.ag,Philadelphia Phillies,2025-09-06 16:10:22
Mason Jones @ Bolaji Oki,Bolaji Oki,2025-09-06 16:20:00,MMA,2025-09-06 16:05:59,2.18,,,,2.35,2.4,2.18,2.38,2.2,2.25,,2.1,,,2.35,,2.28,,,2.24,2.25,2.2,,,2.18,2.3,2.18,2.18,,,,2.3,,2.1,,2.35,2.12,2.25,,2.17,,2.18,,2.18,2.1,,2.18,2.18,,,,,,2.3,2.02,2.4,BetOnline.ag,API Error,2025-09-06 16:10:22
Jacksonville Jumbo Shrimp @ Charlotte Knights,Charlotte Knights,2025-09-06 17:35:00,MiLB,2025-09-06 16:25:16,2.01,,,,,2.13,2.0,,,,,1.95,2.0,,,,,,,,,2.02,,,,,,,,,,,,,,1.96,,,,,,,,,,,,,2.0,,,,,,2.22,2.13,BetOnline.ag,API Error,2025-09-06 16:28:31
Missouri State Bears @ Marshall Thundering Herd,Marshall Thundering Herd,2025-09-06 18:00:00,NCAAF,2025-09-06 16:47:34,,,1.34,,1.34,1.35,1.36,1.36,,1.34,1.33,,1.33,,1.35,,,1.35,,1.33,1.36,1.36,,,,1.35,1.38,,1.35,1.4,1.35,1.35,1.33,1.36,,1.33,1.33,1.35,,1.35,1.32,,,1.36,,1.36,,,,,,,,,3.03,1.4,Marathon Bet,API Error,2025-09-06 16:48:21
Caio Borralho @ Nassourdine Imavov,Caio Borralho,2025-09-06 17:55:00,MMA,2025-09-06 16:48:03,1.83,1.73,,,1.71,1.71,1.77,1.69,1.72,1.72,,1.8,,,1.77,,1.74,,,1.7,1.71,1.76,,,1.77,1.72,1.77,1.77,,,,1.72,,1.73,,1.74,1.7,1.75,,1.74,1.77,1.77,,1.77,1.8,,1.77,1.77,,,,,,1.69,2.42,1.83,1xBet,API Error,2025-09-06 16:48:21
Mauricio Ruffy @ Benoit Saint-Denis,Mauricio Ruffy,2025-09-06 17:25:00,MMA,2025-09-06 16:48:03,1.55,,,,1.62,1.64,1.55,1.61,1.61,1.57,,1.61,,,1.56,,1.57,,,1.68,1.6,1.62,,,1.55,1.62,1.55,1.55,,,,1.62,,1.62,,1.64,,1.52,,1.61,1.63,1.55,,1.55,1.61,,1.55,1.55,,,,,,1.61,2.3,1.68,DraftKings,API Error,2025-09-06 16:48:21
Jackson State Tigers @ Southern Mississippi Golden Eagles,Southern Mississippi Golden Eagles,2025-09-06 17:05:00,NCAAF,2025-09-06 16:47:35,,,,,1.17,,1.17,,,,,,1.17,,1.17,,,1.17,,1.17,,1.2,,1.17,,1.17,1.17,,,,1.14,1.17,1.17,1.2,,1.17,,,,1.19,,,,1.16,,1.16,,,,,,,,,2.05,1.2,FanDuel,API Error,2025-09-06 16:48:21
Sacramento State Hornets @ Nevada Wolf Pack,Sacramento State Hornets,2025-09-06 17:12:00,NCAAF,2025-09-06 17:08:06,,,,,3.4,,3.15,,,,3.18,,,,3.4,,,3.4,,3.6,,3.3,,3.29,,3.4,3.25,,,3.42,3.4,3.25,3.18,,,,,,,3.3,,,,3.2,,3.2,,,,,,,,,2.4,3.6,DraftKings,API Error,2025-09-06 17:08:41
Lindenwood Lions @ Appalachian State Mountaineers,Appalachian State Mountaineers,2025-09-06 15:32:49,NCAAF,2025-09-06 17:08:06,,,,,1.01,,,,,,,,,,1.02,,,,,1.01,,1.01,1.01,1.03,,,,,,,1.01,,1.01,,,,,,,,,,,,,,,,,,,,,,2.18,1.03,GTbets,Appalachian State Mountaineers,2025-09-06 17:08:41
Florida A&M Rattlers @ Florida Atlantic Owls,Florida A&M Rattlers,2025-09-06 18:00:00,NCAAF,2025-09-06 18:08:49,,,,,11.5,,12.0,,,,10.0,,10.0,,12.0,,,11.0,,11.0,,10.0,,9.84,,11.0,12.5,,,12.75,9.25,11.0,10.0,10.0,,9.06,,,,11.0,,,,15.0,,13.0,,,,,,,,,2.67,15.0,Unibet,API Error,2025-09-06 18:08:55
Milwaukee Brewers @ Pittsburgh Pirates,Pittsburgh Pirates,2025-09-06 18:41:00,MLB,2025-09-06 18:08:02,2.19,2.2,2.2,2.25,2.2,2.27,2.17,2.26,,2.2,2.18,2.2,2.2,,2.22,2.17,2.21,2.2,2.2,2.22,2.3,2.22,2.2,2.3,2.17,2.2,2.17,2.17,2.27,2.18,2.18,2.2,2.18,2.2,2.15,2.28,2.2,2.25,,2.21,2.2,2.17,2.2,2.17,2.16,2.17,2.17,2.17,2.2,2.15,2.15,,,,2.63,2.3,GTbets,Milwaukee Brewers,2025-09-06 18:08:55
Chicago White Sox @ Detroit Tigers,Chicago White Sox,2025-09-06 18:11:00,MLB,2025-09-06 18:08:02,3.38,3.4,3.45,3.3,3.4,3.44,3.5,3.34,,3.4,3.32,3.4,3.4,,3.4,3.5,3.5,3.4,3.4,3.46,3.4,3.45,3.4,3.35,3.5,3.4,3.5,3.5,3.44,3.32,3.47,3.4,3.32,3.3,,3.51,3.35,3.4,,3.46,3.4,3.5,3.6,3.5,3.35,3.5,3.5,3.5,3.5,3.45,3.4,,,,2.55,3.6,Tipico,Chicago White Sox,2025-09-06 18:08:55
Memphis Tigers @ Georgia State Panthers,Georgia State Panthers,2025-09-06 19:00:00,NCAAF,2025-09-06 18:08:49,,,5.25,,6.0,5.61,5.4,5.65,,5.25,5.26,,5.5,,5.3,,5.3,6.0,,5.7,5.55,5.5,,5.45,,5.6,5.5,,5.61,5.7,5.0,5.6,5.26,5.2,,5.73,5.5,5.5,,5.5,5.5,,,5.4,,5.4,5.4,,,,,,,,2.37,6.0,BetMGM,API Error,2025-09-06 18:08:55
Army Black Knights @ Kansas State Wildcats,Army Black Knights,2025-09-06 19:00:00,NCAAF,2025-09-06 18:08:49,,,6.25,,7.25,6.61,7.5,6.8,,6.25,6.77,,6.25,,6.5,,6.4,7.5,,6.25,6.5,6.7,,6.5,,7.0,7.5,,6.61,7.7,6.7,7.0,6.77,6.5,,6.47,6.25,6.5,,6.7,6.0,,,7.0,,7.0,7.5,,,,,,,,2.12,7.7,Marathon Bet,API Error,2025-09-06 18:08:55
North Carolina Tar Heels @ Charlotte 49ers,North Carolina Tar Heels,2025-09-06 19:00:00,NCAAF,2025-09-06 18:08:49,,,1.14,,,1.15,1.13,1.15,,1.14,1.14,,1.14,,1.15,,1.14,1.17,,1.15,1.15,1.14,,1.16,,1.17,1.15,,1.15,1.13,1.13,1.17,1.14,1.15,,1.15,1.14,1.14,,1.13,1.14,,,1.13,,1.12,1.13,,,,,,,,2.08,1.17,Ladbrokes,API Error,2025-09-06 18:08:55
Nashville Sounds @ Norfolk Tides,Norfolk Tides,2025-09-06 18:35:00,MiLB,2025-09-06 18:08:28,1.92,,,,,1.95,2.05,,,,,1.95,1.95,,2.0,,,,,,,1.98,,,,,,,,,,,,,,1.92,,,,,,,,,,,,,1.91,,,,,,2.03,2.05,BetRivers,API Error,2025-09-06 18:08:55
Trinbago Knight Riders @ Guyana Amazon Warriors,Trinbago Knight Riders,2025-09-06 19:00:00,CPLT20,2025-09-06 18:27:58,,,,1.6,,,,,,,,1.6,1.59,,,1.64,,1.61,,,,,,,1.64,1.61,1.64,1.64,,1.62,,,,,,1.67,,1.62,,1.6,,1.64,,1.64,,,,1.64,1.62,,,,,,2.13,1.67,Pinnacle,API Error,2025-09-06 18:28:55
Houston Cougars @ Rice Owls,Rice Owls,2025-09-06 19:00:00,NCAAF,2025-09-06 18:47:23,,,5.0,,5.25,5.15,5.1,5.4,,5.0,5.06,,5.25,,5.0,,5.1,5.25,,5.25,5.2,5.5,,5.15,,5.25,5.1,,5.15,5.95,5.3,,5.06,5.2,,5.29,5.25,5.0,,5.5,5.0,,,5.1,,5.1,5.1,,,,,,,,3.81,5.95,Marathon Bet,API Error,2025-09-06 18:48:05
Tulane Green Wave @ South Alabama Jaguars,South Alabama Jaguars,2025-09-06 19:00:00,NCAAF,2025-09-06 18:47:23,,,4.9,,5.0,5.0,4.9,5.05,,4.95,4.87,,4.9,,5.0,,4.9,5.0,,5.1,5.1,5.0,,5.0,,4.75,4.9,,5.0,5.4,5.2,4.75,4.87,5.0,,4.99,5.0,5.0,,5.1,4.6,,,4.9,,4.9,4.9,,,,,,,,3.08,5.4,Marathon Bet,API Error,2025-09-06 18:48:05
Los Angeles Dodgers @ Baltimore Orioles,Los Angeles Dodgers,2025-09-06 19:05:00,MLB,2025-09-06 18:47:24,1.7,1.71,1.72,1.73,1.71,1.76,1.66,1.79,,1.7,1.68,1.71,1.71,,1.74,1.7,1.72,1.7,1.7,1.72,,1.68,1.71,1.76,1.7,1.7,1.7,1.7,1.76,1.69,1.68,1.7,1.68,1.62,1.66,1.75,1.68,1.71,,1.67,1.68,1.65,1.65,1.65,1.67,1.65,1.7,1.7,1.67,1.68,1.66,,,,2.76,1.79,BetUS,Baltimore Orioles,2025-09-06 18:48:05
Western Kentucky Hilltoppers @ Toledo Rockets,Toledo Rockets,2025-09-06 19:00:00,NCAAF,2025-09-06 18:47:23,,,,,1.33,1.31,1.34,1.29,,,1.31,,1.3,,1.31,,1.32,1.33,,1.32,1.31,1.36,,1.32,,1.33,1.34,,1.31,1.38,1.32,1.33,1.31,1.36,,1.31,1.36,,,1.35,1.34,,,1.34,,1.34,1.34,,,,,,,,2.44,1.38,Marathon Bet,Not Found,2025-09-06 18:48:05
Minnesota Twins @ Kansas City Royals,Kansas City Royals,2025-09-06 19:16:00,MLB,2025-09-06 19:08:21,2.02,2.05,2.06,1.9,2.05,2.14,2.02,2.11,,2.05,2.03,2.05,2.07,,2.05,2.02,2.06,2.05,2.05,2.07,2.18,2.06,2.05,2.16,2.02,2.05,2.02,2.02,2.14,2.01,,2.05,2.02,1.95,1.96,2.12,2.02,2.1,,2.03,2.05,2.02,1.97,2.02,2.0,2.02,2.02,2.02,2.0,2.0,1.98,,,,2.66,2.18,Everygame,Kansas City Royals,2025-09-06 19:09:00
Cleveland Guardians @ Tampa Bay Rays,Cleveland Guardians,2025-09-06 19:06:00,MLB,2025-09-06 19:08:21,,2.25,2.2,2.05,2.45,2.23,2.28,2.23,,2.2,2.19,2.3,2.19,2.15,2.25,2.35,2.2,2.15,2.15,2.35,2.26,2.22,2.3,2.39,2.3,2.15,2.3,2.23,2.23,2.16,2.2,2.15,2.29,2.3,2.1,2.24,2.15,2.2,,2.15,2.25,2.32,2.3,2.35,2.14,2.35,2.35,2.32,2.2,2.3,2.2,,,2.24,2.58,2.45,BetMGM,Cleveland Guardians,2025-09-06 19:09:00
Calgary Stampeders @ Edmonton Elks,Edmonton Elks,2025-09-06 19:07:00,CFL,2025-09-06 19:08:06,,,,,3.3,3.19,3.3,3.2,,3.1,3.15,3.2,3.5,,3.15,,3.45,,,3.2,3.4,3.25,3.25,,,3.15,3.1,,3.19,,3.24,3.15,3.15,,,3.44,3.2,3.15,,,,,,3.2,,3.2,3.2,,,,,,,,2.51,3.5,Bovada,Not Found,2025-09-06 19:09:00
New York Mets @ Cincinnati Reds,Cincinnati Reds,2025-09-06 18:41:00,MLB,2025-09-06 19:08:21,,1.4,,2.0,1.43,,1.41,,,,1.42,1.4,1.91,,1.38,1.43,1.4,,,1.42,,1.38,1.4,1.42,1.42,,1.42,1.42,,,1.85,,1.44,1.4,,2.08,,1.4,,,1.42,1.42,1.37,1.43,2.1,1.43,1.43,1.42,2.1,1.41,1.38,,,,2.44,2.1,William Hill,New York Mets,2025-09-06 19:09:00
Arizona State Sun Devils @ Mississippi State Bulldogs,Mississippi State Bulldogs,2025-09-06 19:30:00,NCAAF,2025-09-06 19:08:43,,,2.95,,2.9,3.0,2.85,2.95,,2.95,2.81,,2.9,,2.96,,3.0,2.9,,2.95,3.0,2.98,,2.95,,2.8,2.88,,3.0,3.02,2.97,2.8,2.81,2.8,,3.11,3.0,3.0,,2.97,3.0,,,2.85,,2.85,2.85,,,,,,,,2.27,3.11,Pinnacle,Not Found,2025-09-06 19:09:00
St. Paul Saints @ Louisville Bats,St. Paul Saints,2025-09-06 19:15:00,MiLB,2025-09-06 19:08:08,1.84,,,,,1.87,1.97,,,,,1.83,1.83,,1.91,,,,,,,1.86,,,,,,,,,,,,,,1.81,,,,,,,,,,,,,1.85,,,,,,2.17,1.97,BetRivers,Louisville Bats,2025-09-06 19:09:00
LIU Sharks @ Eastern Michigan Eagles,Eastern Michigan Eagles,2025-09-06 19:00:00,NCAAF,2025-09-06 19:08:43,,,,,1.04,,,,,,,,1.05,,1.06,,,1.05,,1.05,,1.05,,1.03,,1.04,,,,,,1.04,,1.07,,1.05,,,,1.05,,,,,,,,,,,,,,,2.1,1.07,Paddy Power,Not Found,2025-09-06 19:09:00
Rochester Red Wings @ Memphis Redbirds,Rochester Red Wings,2025-09-06 19:05:00,MiLB,2025-09-06 19:05:13,2.2,,,,,2.28,2.3,,,,,2.2,2.25,,2.4,,,,,,,2.3,,,,,,,,,,,,,,2.21,,,,,,,,,,,,,2.25,,,,,,2.1,2.4,Caesars,Memphis Redbirds,2025-09-06 19:09:00
San Francisco Giants @ St. Louis Cardinals,San Francisco Giants,2025-09-06 19:16:00,MLB,2025-09-06 19:08:21,1.8,1.75,1.81,1.85,1.77,1.85,1.79,1.86,,1.79,1.78,1.8,1.8,,1.8,1.8,1.81,1.75,1.8,1.81,1.85,1.82,1.8,1.85,1.8,1.75,1.8,1.8,1.86,1.79,1.8,1.75,1.78,1.8,1.74,1.85,1.77,1.8,,1.8,1.8,1.78,1.75,1.78,1.76,1.78,1.8,1.8,1.73,1.78,1.76,,,,2.04,1.86,LowVig.ag,San Francisco Giants,2025-09-06 19:09:00
Seattle Mariners @ Atlanta Braves,Seattle Mariners,2025-09-06 19:16:00,MLB,2025-09-06 19:08:21,2.08,2.05,2.05,1.95,2.05,2.02,1.97,2.04,,2.05,1.98,2.05,2.01,,2.0,2.0,2.06,2.05,2.0,2.09,2.09,2.06,2.05,2.02,2.0,2.05,2.0,2.0,2.02,2.07,2.05,2.05,1.98,1.95,1.97,2.07,2.0,2.05,,2.03,2.0,1.97,2.05,1.97,2.01,1.97,2.0,2.0,2.1,2.0,2.0,,,,2.02,2.1,William Hill,Atlanta Braves,2025-09-06 19:09:00
Georgia Southern Eagles @ USC Trojans,USC Trojans,2025-09-06 19:30:00,NCAAF,2025-09-06 19:24:54,,,1.01,,1.01,1.01,,,,1.01,1.01,,,,1.01,,1.01,,,1.02,,1.01,,1.01,,1.01,1.01,,1.01,,1.01,1.01,1.01,,,1.01,1.01,1.01,,1.01,,,,,,,,,,,,,,,4.25,1.02,DraftKings,Not Found,2025-09-06 19:25:27
Houston Astros @ Texas Rangers,Houston Astros,2025-09-06 19:16:00,MLB,2025-09-06 19:24:56,,2.05,2.0,2.05,2.1,2.04,1.97,2.03,,1.98,2.0,2.05,2.01,2.0,2.15,2.04,2.05,2.0,1.98,2.06,2.05,2.06,2.0,2.03,2.0,2.0,2.0,2.0,2.04,1.99,2.1,2.0,2.0,2.0,1.93,2.05,1.98,2.0,,1.96,2.2,2.0,1.95,2.04,1.97,2.14,2.04,2.0,2.0,2.1,2.0,,,2.03,3.41,2.2,TAB,Texas Rangers,2025-09-06 19:25:27
Boston College Eagles @ Michigan State Spartans,Boston College Eagles,2025-09-06 19:30:00,NCAAF,2025-09-06 19:24:54,,,2.34,,2.4,2.42,2.32,2.42,,2.4,2.34,,2.4,,2.43,,2.37,2.4,,2.4,2.5,2.46,,2.45,,2.35,2.33,,2.42,2.39,2.37,2.35,2.34,2.4,,2.45,2.4,2.35,,2.43,2.4,,,2.3,,2.3,2.32,,,,,,,,2.32,2.5,Everygame,Not Found,2025-09-06 19:25:27
UCLA Bruins @ UNLV Rebels,UCLA Bruins,2025-09-06 20:00:00,NCAAF,2025-09-06 19:36:34,,,1.77,,1.8,1.79,1.77,1.79,,1.79,1.76,,1.77,,1.77,,1.78,1.8,,1.77,1.8,1.8,,1.8,,1.78,1.78,,1.79,1.8,1.78,1.78,1.76,1.83,,1.79,1.78,1.77,,1.79,1.8,,,1.76,,1.76,1.77,,,,,,,,2.89,1.83,Paddy Power,UNLV Rebels,2025-09-06 19:37:30
Charleston Southern Buccaneers @ Coastal Carolina Chanticleers,Charleston Southern Buccaneers,2025-09-06 19:35:00,NCAAF,2025-09-06 19:35:21,,,,,23.0,,,,,,,,,,21.0,,,,,36.0,,25.0,,,,,,,,,15.5,,14.0,21.0,,,,,,21.0,,,,,,,,,,,,,,,2.08,36.0,DraftKings,Not Found,2025-09-06 19:37:30
Boston Red Sox @ Arizona Diamondbacks,Arizona Diamondbacks,2025-09-06 20:11:00,MLB,2025-09-06 19:37:12,2.0,2.0,2.01,2.05,2.0,2.05,2.0,2.04,,1.98,1.98,2.0,2.02,,2.0,2.0,2.01,2.0,2.02,1.98,2.06,2.0,2.0,2.06,2.0,2.0,2.0,2.0,2.05,1.99,2.01,2.0,1.98,1.91,1.95,2.06,1.98,2.0,,1.97,2.0,2.0,1.97,2.0,1.97,2.0,2.0,2.0,2.0,1.98,1.96,,,,2.07,2.06,GTbets,Arizona Diamondbacks,2025-09-06 19:37:30
Vanderbilt Commodores @ Virginia Tech Hokies,Vanderbilt Commodores,2025-09-06 19:35:26,NCAAF,2025-09-06 19:36:34,,,1.96,,2.05,2.08,2.05,2.05,,1.97,2.07,,2.05,,2.1,,1.94,2.05,,2.14,2.05,2.12,,2.0,,2.05,2.08,,2.08,2.01,2.05,2.02,2.07,2.1,,2.04,2.05,1.95,,2.08,2.0,,,2.02,,2.02,2.02,,,,,,,,2.05,2.14,DraftKings,Not Found,2025-09-06 19:37:30
Michigan Wolverines @ Oklahoma Sooners,Michigan Wolverines,2025-09-06 19:51:00,NCAAF,2025-09-06 19:48:11,,,,,2.5,2.57,,2.55,,,2.46,,2.55,,2.58,,2.5,2.5,,2.45,2.6,2.46,,,,2.5,2.5,,2.57,,2.5,2.45,2.46,2.4,,,2.45,2.44,,2.43,2.45,,,2.5,,2.5,2.5,,,,,,,,2.04,2.6,Everygame,Not Found,2025-09-06 19:48:29
San Diego Padres @ Colorado Rockies,Colorado Rockies,2025-09-06 20:11:00,MLB,2025-09-06 19:47:29,2.55,2.55,2.58,2.62,2.65,2.58,2.55,2.54,,2.55,,2.6,2.54,,2.62,2.55,2.58,2.62,2.5,2.53,2.57,2.6,2.5,2.6,2.55,2.65,2.55,2.55,2.58,2.54,2.54,2.65,2.57,2.5,2.5,2.61,2.55,2.6,,2.58,2.6,2.5,2.6,2.5,2.55,2.5,2.55,2.55,2.6,2.55,2.5,,,,2.03,2.65,BetMGM,San Diego Padres,2025-09-06 19:48:29
LA Galaxy @ Houston Dynamo,LA Galaxy,2025-09-06 20:48:00,MLS,2025-09-06 20:54:10,,4.0,,4.33,,,,,4.05,,4.1,4.0,4.0,,,4.35,4.33,4.2,,4.3,,4.1,,,4.2,4.2,4.1,4.2,5.38,,4.25,,4.1,4.2,,4.64,,4.3,4.5,5.0,4.5,4.2,,4.35,4.4,4.35,4.35,4.2,4.8,4.0,3.85,,,,3.55,5.38,LowVig.ag,Draw,2025-09-06 20:54:27
Tulsa Golden Hurricane @ New Mexico State Aggies,Tulsa Golden Hurricane,2025-09-06 21:00:00,NCAAF,2025-09-06 20:54:11,,,1.6,,1.61,1.62,1.56,1.62,,1.6,1.58,,1.67,,1.62,,1.6,1.6,,1.62,1.61,1.61,,1.61,,1.6,1.56,,1.62,1.63,1.59,1.6,1.58,1.6,,1.62,1.58,1.6,,1.6,1.58,,,1.57,,1.56,1.56,,,,,,,,2.92,1.67,Bovada,New Mexico State Aggies,2025-09-06 20:54:27
New England Revolution @ Chicago Fire,Chicago Fire,2025-09-06 20:40:00,MLS,2025-09-06 20:54:10,,1.08,,1.07,,,,,1.07,,1.05,1.08,1.1,,,1.09,1.06,1.08,,1.08,,1.07,,,1.08,1.08,1.06,1.09,1.71,,1.3,,1.05,1.07,,1.29,,1.09,1.05,1.65,1.08,1.09,,1.09,1.59,1.09,1.09,1.09,1.75,1.06,1.09,,,,2.91,1.75,William Hill,Chicago Fire,2025-09-06 20:54:27
Christopher Diaz-Velez @ Eduardo Nunez,Draw,2025-09-06 22:00:00,Boxing,2025-09-06 20:53:58,29.0,19.0,,,,,,,,,22.0,26.0,,,,,,26.0,,,,,,,25.0,26.0,25.0,25.0,,,,,22.0,34.0,,,,,,,,25.0,,25.0,,25.0,25.0,25.0,,,,,,,2.74,34.0,Paddy Power,Not Found,2025-09-06 20:54:27
Minnesota Lynx @ Golden State Valkyries,Golden State Valkyries,2025-09-06 20:33:35,WNBA,2025-09-06 20:53:54,,2.5,,,2.54,,2.32,,,,2.45,2.3,2.6,,2.25,,2.6,,,2.45,,2.24,2.35,2.57,,,2.33,,,,2.9,,2.45,,,3.0,,,,,,2.32,,2.35,,2.4,2.35,,,,,,,,2.68,3.0,Pinnacle,Golden State Valkyries,2025-09-06 20:54:27
Oakland Athletics @ Los Angeles Angels,Oakland Athletics,2025-09-06 21:38:00,MLB,2025-09-06 20:54:12,2.02,2.0,2.05,2.05,2.0,2.12,2.0,2.1,,2.0,2.02,2.0,2.04,,2.05,2.02,2.05,2.0,2.02,2.02,2.1,2.06,2.05,2.13,2.02,2.0,2.02,2.02,2.12,2.01,2.04,2.0,2.02,1.95,1.97,2.09,2.02,2.0,,2.03,2.05,2.0,2.05,2.0,1.99,2.0,2.02,2.02,2.0,2.0,1.98,,,,2.63,2.13,GTbets,Oakland Athletics,2025-09-06 20:54:27
FC Dallas @ St. Louis City SC,Draw,2025-09-06 20:40:00,MLS,2025-09-06 20:54:10,,3.5,,3.75,,,,,3.65,,3.65,3.6,4.0,,,3.75,3.8,3.4,,3.75,,3.6,,,3.65,3.4,3.55,3.65,3.95,,3.7,,3.65,3.5,,3.71,,3.6,3.5,3.7,3.4,3.65,,3.75,3.58,3.75,3.75,3.65,3.75,3.5,3.4,,,,2.47,4.0,Bovada,Draw,2025-09-06 20:54:27
Reno Aces @ Tacoma Rainiers,Reno Aces,2025-09-06 21:05:00,MiLB,2025-09-06 20:54:00,2.2,,,,,2.28,2.28,,,,,2.25,2.4,,2.5,,,,,,,2.34,,,,,,,,,,,,,,2.35,,,,,,,,,,,,,2.3,,,,,,2.0,2.5,Caesars,Pending,2025-09-06 20:54:27
Stanford Cardinal @ BYU Cougars,Stanford Cardinal,2025-09-06 22:20:57,NCAAF,2025-09-06 22:25:09,,,9.5,,11.0,9.36,,9.5,,9.5,8.47,,9.0,,11.0,,9.2,10.0,,10.5,9.0,11.6,10.0,10.34,,9.75,10.5,,9.36,12.5,9.75,9.75,9.5,9.5,,9.9,9.0,9.25,,10.5,13.0,,,11.0,,11.5,11.0,,,,,,,,2.73,13.0,TAB,BYU Cougars,2025-09-06 22:25:44
Sam Houston State Bearkats @ Hawaii Rainbow Warriors,Hawaii Rainbow Warriors,2025-09-07 00:00:00,NCAAF,2025-09-06 22:25:09,,,1.35,,1.36,1.36,1.36,1.38,,1.35,1.33,,1.36,,1.35,,1.35,1.36,,1.35,1.36,1.38,1.35,,,1.36,1.4,,1.36,1.38,1.34,1.36,1.33,1.4,,1.34,1.36,1.35,,1.37,1.34,,,1.36,,1.36,1.36,,,,,,,,2.51,1.4,Paddy Power,Not Found,2025-09-06 22:25:44
Newcastle Knights @ Parramatta Eels,Newcastle Knights,2025-09-07 02:05:00,NRL,2025-09-06 22:25:01,,,4.3,,,,4.25,3.8,,4.3,4.8,,4.5,,,4.25,,4.5,4.25,,,,,,4.25,4.5,4.25,,,4.45,,4.25,4.8,,,4.14,4.3,4.6,,4.2,4.3,4.25,4.2,4.25,,,4.25,,,4.2,4.3,4.2,4.5,,2.36,4.8,Betsson,Not Found,2025-09-06 22:25:44
San Diego State Aztecs @ Washington State Cougars,Washington State Cougars,2025-09-06 22:25:32,NCAAF,2025-09-06 23:21:43,,,,,1.54,,,,,,,,1.54,,1.59,,1.52,,,1.57,,1.54,1.53,1.56,,,,,,,1.55,,1.51,,,,,1.51,,,,,,1.61,,1.49,1.65,,,,,,,,2.31,1.65,Unibet (NL),Washington State Cougars,2025-09-06 23:22:03
Canberra Raiders @ Dolphins,Draw,2025-09-07 00:00:00,NRL,2025-09-06 23:21:13,,,,,,,,,,,25.0,,26.0,,,,,21.0,,,,,,,,21.0,,,,36.0,,,25.0,,,,,,,,,,,,,,,,,27.0,29.0,,,,2.03,36.0,Marathon Bet,Not Found,2025-09-06 23:22:03
Hokkaido Nippon-Ham Fighters @ Orix Buffaloes,Orix Buffaloes,2025-09-07 00:00:00,NPB,2025-09-06 23:21:31,2.1,2.1,,,2.1,2.1,2.08,2.04,,,2.1,2.05,2.1,,2.05,,2.13,2.05,,2.14,2.0,2.14,2.05,,,,,,2.1,,2.07,,2.1,,1.95,2.18,,,,,,,2.05,2.08,,,,,2.12,,,,,,2.02,2.18,Pinnacle,Not Found,2025-09-06 23:22:03
Yomiuri Giants @ Chunichi Dragons,Chunichi Dragons,2025-09-07 00:30:00,NPB,2025-09-06 23:45:48,1.83,1.8,,,1.8,1.83,1.77,1.9,,,1.82,1.8,1.8,,1.83,,1.85,1.75,,1.85,1.8,1.85,1.8,,,,,,1.83,,1.81,,1.82,,1.72,1.88,,,,,,,1.75,1.77,,,,,1.85,,,,,,2.09,1.9,BetUS,Not Found,2025-09-06 23:46:16
Tohoku Rakuten Golden Eagles @ Fukuoka SoftBank Hawks,Fukuoka SoftBank Hawks,2025-09-07 00:00:41,NPB,2025-09-07 00:12:02,1.57,1.4,,,1.4,1.54,1.43,1.6,,,1.44,1.44,1.67,,1.53,,1.4,1.48,,1.45,,1.43,1.39,,,,,,1.54,,1.6,,1.44,,1.46,1.47,,,,,,,1.42,1.46,,,,,1.57,,,,,,2.39,1.67,Bovada,Not Found,2025-09-07 00:12:42
SSG Landers @ LG Twins,SSG Landers,2025-09-07 04:00:00,KBO,2025-09-07 00:48:22,2.25,,,,2.3,2.49,2.14,,,,2.3,2.2,2.3,2.25,2.3,,2.3,2.25,,2.36,2.2,2.34,2.35,,,,,,2.49,,2.25,,2.3,,2.1,2.33,,,,,,,2.25,2.14,,,,,2.25,,,,,,2.21,2.49,BetOnline.ag,Not Found,2025-09-07 00:48:25
Hiroshima Toyo Carp @ Hanshin Tigers,Hanshin Tigers,2025-09-07 05:00:00,NPB,2025-09-07 01:48:03,1.55,1.44,,,1.45,1.48,1.43,1.46,,,1.42,1.48,1.43,1.5,1.5,,1.5,1.44,,1.46,,1.48,1.44,,,,,,1.48,,1.47,,1.42,,1.41,1.46,,,,,,,1.45,1.43,,,,,1.43,,,,,,2.75,1.55,1xBet,Not Found,2025-09-07 01:48:10
Tokyo Yakult Swallows @ Yokohama DeNA BayStars,Yokohama DeNA BayStars,2025-09-07 05:00:00,NPB,2025-09-07 01:48:03,1.79,1.67,,,1.69,1.71,1.68,1.74,,,1.7,1.67,1.67,1.67,1.69,,1.72,1.65,,1.7,1.65,1.7,1.67,,,,,,1.71,,1.68,,1.7,,1.61,1.74,,,,,,,1.62,1.68,,,,,1.71,,,,,,2.68,1.79,1xBet,Not Found,2025-09-07 01:48:10
Kia Tigers @ NC Dinos,Kia Tigers,2025-09-07 04:00:00,KBO,2025-09-07 01:47:18,2.24,,,,2.1,2.15,2.15,,,,2.1,2.1,2.1,2.1,2.1,,2.15,2.05,,2.14,2.1,2.16,2.15,,,,,,2.15,,2.1,,2.1,,1.97,2.11,,,,,,,2.15,2.15,,,,,2.1,,,,,,2.45,2.24,1xBet,Not Found,2025-09-07 01:48:10
Chiba Lotte Marines @ Saitama Seibu Lions,Saitama Seibu Lions,2025-09-07 05:00:00,NPB,2025-09-07 01:48:03,1.92,1.8,,,1.77,1.8,1.83,1.85,,,1.82,1.74,1.8,1.8,1.8,,1.84,1.75,,1.83,1.8,1.82,1.74,,,,,,1.8,,1.79,,1.82,,1.7,1.85,,,,,,,1.72,1.84,,,,,1.85,,,,,,2.44,1.92,1xBet,Not Found,2025-09-07 01:48:10
Hanwha Eagles @ Samsung Lions,Samsung Lions,2025-09-07 04:00:00,KBO,2025-09-07 01:47:18,1.39,,,,1.33,1.38,1.33,,,,1.35,1.33,1.33,1.33,1.31,,1.35,1.3,,1.35,1.33,1.33,1.36,,,,,,1.38,,1.33,,1.35,,1.29,1.35,,,,,,,1.3,1.33,,,,,1.33,,,,,,2.08,1.39,1xBet,Not Found,2025-09-07 01:48:10
South Africa @ England,South Africa,2025-09-07 06:00:00,One Day Internationals,2025-09-07 03:09:07,,,2.32,2.25,,,,,,2.3,,,,,,2.2,,,,2.2,2.3,,,,2.2,,2.2,2.2,,2.28,,,,2.25,,,,2.3,,2.32,,2.2,,2.2,,,,2.2,2.38,,,,,,2.17,2.38,William Hill,Not Found,2025-09-07 03:09:18
Bulgaria @ Georgia,Georgia,2025-09-07 09:00:00,FIFA World Cup Qualifiers - Europe,2025-09-07 04:12:34,1.41,1.36,,1.33,,1.37,1.35,,1.36,,1.35,1.33,,,,1.36,1.37,1.36,,1.38,,,,,,1.36,1.36,1.36,,,,,1.35,1.33,1.35,1.38,,,1.33,1.33,,,,1.36,,1.36,1.36,1.36,1.36,1.35,1.35,,,,3.07,1.41,1xBet,Not Found,2025-09-07 04:12:35
SD Huesca @ AD Ceuta FC,Draw,2025-09-07 08:00:00,La Liga 2 - Spain,2025-09-07 04:11:52,2.97,,,2.88,2.85,2.9,,,2.92,2.85,2.92,2.9,2.85,2.88,,3.0,2.95,2.8,,2.95,,2.85,,,3.0,2.8,3.0,2.95,2.9,2.97,,2.8,2.92,2.8,2.8,3.01,,2.85,2.75,2.7,,3.0,2.8,3.05,2.82,3.0,3.1,3.0,2.88,2.95,2.85,,,2.85,2.26,3.1,Unibet,Not Found,2025-09-07 04:12:35
Las Palmas @ Burgos CF,Draw,2025-09-07 10:15:00,La Liga 2 - Spain,2025-09-07 04:32:11,3.04,,,2.9,2.9,2.95,,,2.93,2.95,2.98,3.0,3.0,3.0,,3.05,3.0,2.87,,3.0,,2.95,,,3.05,2.88,3.0,3.0,2.95,3.04,,2.88,2.98,2.88,2.8,3.16,,2.9,2.8,2.8,,3.05,2.95,3.1,2.85,3.05,3.1,3.0,2.9,2.95,2.85,,,3.0,2.33,3.16,Pinnacle,Not Found,2025-09-07 04:33:09
Afghanistan @ Pakistan,Pakistan,2025-09-07 11:00:00,International Twenty20,2025-09-07 05:09:16,,,1.68,1.67,,1.67,,,,1.67,1.65,1.65,,1.67,,1.68,,,,1.69,,1.68,,1.68,1.68,1.68,1.68,1.69,,1.68,,1.68,1.65,1.67,,1.71,1.68,1.67,,1.66,,1.68,,1.68,,,,1.69,1.73,,,,,,3.12,1.73,William Hill,Not Found,2025-09-07 05:09:54
Sri Lanka @ Zimbabwe,Sri Lanka,2025-09-07 07:30:00,International Twenty20,2025-09-07 05:09:16,,,1.42,1.4,,1.42,,,,1.41,1.38,1.4,,1.4,,1.38,,,,1.39,,1.42,,1.4,1.38,1.42,1.38,1.38,,1.4,,1.42,1.38,1.44,,1.41,1.42,1.43,,1.4,,1.38,,1.38,,,,1.38,1.4,,,,,,2.14,1.44,Paddy Power,Not Found,2025-09-07 05:09:54
Cádiz CF @ Real Sociedad B,Cádiz CF,2025-09-07 10:15:00,La Liga 2 - Spain,2025-09-07 05:09:24,2.26,,,2.2,2.15,2.2,,,2.12,2.2,,2.25,2.2,2.1,,2.07,2.25,2.15,,2.25,,2.2,,,2.07,2.15,2.05,2.02,2.2,2.24,,2.15,,2.15,2.05,2.3,,2.2,2.15,2.1,,2.07,2.15,2.1,2.12,2.07,2.12,2.05,2.25,2.15,2.1,,,2.2,2.07,2.3,Pinnacle,Not Found,2025-09-07 05:09:54
Galway United @ Shelbourne Dublin,Shelbourne Dublin,2025-09-07 12:00:00,League of Ireland,2025-09-07 06:30:10,1.9,,1.86,,1.83,1.84,1.85,,,,1.88,1.88,1.85,,,1.85,1.9,1.83,,1.87,1.85,1.87,,,1.83,1.83,1.88,1.81,1.84,1.88,,1.83,1.88,1.83,1.77,1.93,,1.87,1.8,1.75,,1.85,1.83,1.86,1.8,1.85,1.85,1.81,1.91,1.86,1.8,,,,2.22,1.93,Pinnacle,Not Found,2025-09-07 06:30:21
Liechtenstein @ North Macedonia,Draw,2025-09-07 12:00:00,FIFA World Cup Qualifiers - Europe,2025-09-07 07:34:36,13.7,11.0,,12.0,,,10.5,,10.5,,12.5,10.0,,,,11.0,13.0,13.0,,13.0,,,,,,13.0,11.0,10.0,,,,,12.5,15.0,,14.5,,,12.0,15.0,,,,11.0,,11.0,11.0,10.0,11.0,,11.5,,,,2.01,15.0,SportsBet,Not Found,2025-09-07 07:35:51
Netherlands @ Lithuania,Draw,2025-09-07 12:00:00,FIFA World Cup Qualifiers - Europe,2025-09-07 08:17:09,15.0,11.0,,12.0,,12.5,11.0,,11.5,,12.5,10.0,,,,11.0,12.0,12.0,,13.0,,,,,,12.0,11.5,9.0,,,,,12.5,13.0,10.5,14.0,,,10.5,12.0,,,,11.0,,,11.0,9.0,11.0,12.0,11.5,,,,2.55,15.0,1xBet,Not Found,2025-09-07 08:18:11
Saint Lucia Kings @ Barbados Royals,Saint Lucia Kings,2025-09-07 11:00:00,CPLT20,2025-09-07 09:27:51,,,,1.53,,,,,,,,1.6,1.57,1.57,,1.56,,1.57,,,,,,,1.56,1.57,1.56,1.56,,1.56,,,,,,1.57,,1.55,,1.57,,1.56,,1.56,,,,1.56,1.57,,,,,,2.71,1.6,Betway,Not Found,2025-09-07 09:28:45
Seattle Mariners @ Atlanta Braves,Seattle Mariners,2025-09-07 12:06:00,MLB,2025-09-07 09:28:10,2.03,2.0,2.0,1.95,1.98,1.93,1.92,2.07,,1.97,1.95,1.95,2.03,1.95,2.0,1.93,1.99,2.0,1.92,1.96,2.08,1.89,1.95,1.93,1.93,1.98,1.93,1.94,1.93,2.01,2.06,1.98,1.95,1.91,1.91,2.08,1.95,1.95,,1.86,2.05,1.91,1.9,1.91,1.94,1.93,1.93,1.94,2.0,1.94,1.94,,,,2.33,2.08,Pinnacle,Not Found,2025-09-07 09:28:45
Cleveland Guardians @ Tampa Bay Rays,Cleveland Guardians,2025-09-07 12:11:00,MLB,2025-09-07 10:27:19,2.25,2.3,2.32,2.3,2.3,2.41,2.3,2.35,,2.3,2.33,2.3,2.33,2.3,2.43,2.33,2.35,2.3,2.3,2.33,2.38,2.34,2.3,2.43,2.33,2.25,2.33,2.33,2.41,2.24,2.31,2.25,2.33,2.25,2.25,2.39,2.3,2.3,,2.31,,2.3,2.3,2.3,2.25,2.3,2.33,2.33,2.2,2.3,2.25,,,,2.4,2.43,Caesars,Not Found,2025-09-07 10:28:00
Real Racing Club de Santander @ Almería,Real Racing Club de Santander,2025-09-07 12:30:00,La Liga 2 - Spain,2025-09-07 10:27:44,4.25,,,4.0,3.9,3.8,,,4.12,4.25,4.15,3.8,4.25,3.8,,3.75,4.4,3.75,,4.2,,4.3,,,3.75,3.75,3.7,3.65,3.8,4.3,,3.75,4.15,4.0,3.9,4.51,,4.25,4.0,4.0,,3.75,4.1,3.8,3.98,3.75,3.8,3.7,4.2,4.0,3.9,,,,2.31,4.51,Pinnacle,Not Found,2025-09-07 10:28:00
Arizona Cardinals @ New Orleans Saints,Arizona Cardinals,2025-09-07 13:00:00,NFL,2025-09-07 11:08:37,,1.33,1.36,1.33,1.33,1.37,1.3,1.37,,1.35,1.35,1.36,1.36,,1.36,,1.38,1.33,1.33,1.37,1.37,1.38,1.36,1.36,,1.33,1.33,,1.37,1.4,1.38,1.32,1.35,1.4,,1.37,1.36,1.42,,1.38,1.35,,1.35,1.32,1.35,1.3,1.33,,1.36,,,1.33,,,2.54,1.42,PointsBet (AU),Not Found,2025-09-07 11:08:51
Leganés @ Cultural Leonesa,Draw,2025-09-07 12:30:00,La Liga 2 - Spain,2025-09-07 11:08:44,,,,3.1,3.1,3.15,,,3.07,3.1,3.1,3.2,3.0,3.0,,3.2,3.15,3.0,,3.15,,3.1,,,3.2,3.0,3.2,3.15,3.15,3.22,,3.0,3.1,3.0,3.0,3.19,,3.1,2.9,2.9,,3.2,3.1,3.25,2.98,3.2,3.3,3.2,3.0,3.1,3.0,,,,2.03,3.3,Unibet,Not Found,2025-09-07 11:08:51
Miami Dolphins @ Indianapolis Colts,Miami Dolphins,2025-09-07 13:00:00,NFL,2025-09-07 12:10:21,,1.95,1.93,1.93,2.0,1.95,1.93,,1.95,1.96,1.95,1.95,2.0,,1.95,,2.01,2.0,2.0,1.93,1.95,2.06,1.95,1.95,,2.0,1.95,,1.95,1.94,1.97,2.0,,2.0,,2.05,2.0,1.95,,2.08,1.95,,1.9,1.95,1.91,1.93,1.95,,1.91,,,1.96,,,2.84,2.08,SportsBet,Not Found,2025-09-07 12:11:14
Tampa Bay Buccaneers @ Atlanta Falcons,Atlanta Falcons,2025-09-07 13:00:00,NFL,2025-09-07 12:10:21,,1.91,1.9,1.9,1.95,1.88,1.93,,1.88,1.91,1.92,1.91,1.91,,1.91,,1.96,1.95,1.92,1.95,1.91,1.93,1.91,1.91,,1.94,1.95,,1.88,1.94,1.87,1.94,1.92,1.91,,1.95,1.9,1.9,,1.91,1.9,,1.97,1.95,1.88,1.93,1.95,,2.0,,,1.88,,,2.78,2.0,William Hill,Not Found,2025-09-07 12:11:14
Cincinnati Bengals @ Cleveland Browns,Cincinnati Bengals,2025-09-07 13:00:00,NFL,2025-09-07 12:10:21,,1.4,1.43,1.4,1.43,1.43,1.41,1.43,1.42,1.43,1.42,1.43,1.43,,1.44,,1.46,1.4,1.42,1.42,1.44,1.45,1.42,1.44,,1.42,1.43,,1.43,1.47,1.44,1.42,1.42,1.44,,1.45,1.45,1.44,,1.45,1.43,,1.42,1.43,1.42,1.41,1.43,,1.44,,,1.41,,,2.62,1.47,Marathon Bet,Not Found,2025-09-07 12:11:14
Pittsburgh Steelers @ New York Jets,Pittsburgh Steelers,2025-09-07 13:00:00,NFL,2025-09-07 12:30:55,,1.6,1.6,1.57,1.62,1.59,1.56,1.62,,1.6,1.6,1.61,1.61,,1.59,,1.64,1.61,1.55,1.65,1.61,1.6,1.67,1.61,,1.62,1.6,,1.59,1.62,1.59,1.62,,1.6,,1.64,1.6,1.59,,1.6,1.6,,1.57,1.58,1.56,1.56,1.6,,1.67,,,1.58,,,2.48,1.67,Fanatics,Not Found,2025-09-07 12:32:58
New York Giants @ Washington Commanders,New York Giants,2025-09-07 13:00:00,NFL,2025-09-07 12:32:07,,3.25,3.15,3.12,3.25,3.34,3.25,3.25,3.15,3.25,3.26,3.2,3.35,,3.28,,3.3,3.25,3.4,3.4,3.4,3.25,3.1,3.3,,3.2,3.3,,3.34,3.28,3.32,3.2,3.26,3.2,,3.47,3.3,3.3,,3.29,3.25,,3.4,3.3,3.15,3.25,3.3,,3.1,,,3.2,,,2.42,3.47,Pinnacle,Not Found,2025-09-07 12:32:58
Carolina Panthers @ Jacksonville Jaguars,Jacksonville Jaguars,2025-09-07 13:00:00,NFL,2025-09-07 12:30:55,,1.47,1.48,1.4,1.45,1.45,1.42,1.48,,1.45,1.45,1.44,1.44,,1.45,,1.49,1.44,1.42,1.49,1.45,1.44,1.44,1.45,,1.45,1.43,,1.45,1.44,1.45,1.45,1.45,1.44,,1.47,1.45,1.48,,1.44,1.48,,1.42,1.43,1.42,1.42,1.43,,1.5,,,1.44,,,2.33,1.5,William Hill,Not Found,2025-09-07 12:32:58
Las Vegas Raiders @ New England Patriots,Las Vegas Raiders,2025-09-07 13:00:00,NFL,2025-09-07 12:30:55,,2.25,2.15,2.2,2.25,2.18,2.23,2.2,2.15,2.2,2.22,2.25,2.25,,2.22,,2.3,2.25,2.25,2.3,2.2,2.24,2.2,2.2,,2.25,2.25,,2.18,2.22,2.24,2.25,2.22,2.2,,2.29,2.25,2.25,,2.24,2.2,,2.25,2.25,2.16,2.23,2.25,,2.2,,,2.18,,,2.06,2.3,DraftKings,Not Found,2025-09-07 12:32:58
Los Angeles Dodgers @ Baltimore Orioles,Baltimore Orioles,2025-09-07 13:36:00,MLB,2025-09-07 13:07:45,2.36,2.35,2.4,2.45,2.35,2.39,2.35,2.41,,2.35,2.37,2.4,2.39,,2.4,2.38,2.4,2.37,2.35,2.38,,2.38,2.35,2.41,2.38,2.35,2.38,2.35,2.39,2.35,2.41,2.35,2.37,2.3,2.3,2.43,2.35,2.35,,2.36,,2.33,2.4,2.35,2.34,2.33,2.35,2.35,2.38,2.35,2.3,,,,2.59,2.45,Bet Victor,Not Found,2025-09-07 13:07:52
New York Mets @ Cincinnati Reds,Cincinnati Reds,2025-09-07 13:41:00,MLB,2025-09-07 13:07:45,1.82,1.8,1.83,1.85,1.83,1.85,1.83,1.85,,1.82,1.79,1.83,1.81,,1.83,1.83,1.83,1.83,1.82,1.83,1.85,1.83,1.83,1.85,1.83,1.83,1.83,1.84,1.85,1.81,1.87,1.82,1.79,1.8,1.8,1.85,1.8,1.83,,1.81,,1.83,1.83,1.83,1.81,1.83,1.83,1.84,1.8,1.82,1.8,,,,2.48,1.87,MyBookie.ag,Not Found,2025-09-07 13:07:52
Chicago White Sox @ Detroit Tigers,Chicago White Sox,2025-09-07 13:41:00,MLB,2025-09-07 13:07:45,2.5,2.5,2.52,2.6,2.5,2.53,2.48,2.5,,2.5,2.48,2.6,2.49,,2.58,2.5,2.53,2.5,2.45,2.55,2.55,2.5,2.5,2.54,2.5,2.5,2.5,2.5,2.53,2.49,2.56,2.5,2.48,2.38,,2.56,2.45,2.5,,2.48,,2.48,2.55,2.48,2.5,2.48,2.5,2.5,2.5,2.5,2.5,,,,2.43,2.6,Betway,Not Found,2025-09-07 13:07:52
Toronto Blue Jays @ New York Yankees,Toronto Blue Jays,2025-09-07 13:36:00,MLB,2025-09-07 13:07:45,2.47,2.5,2.5,2.55,2.45,2.6,2.45,2.54,,2.5,2.48,2.5,2.52,,2.58,2.48,2.53,2.45,2.5,2.52,2.6,2.52,2.5,2.62,2.48,2.45,2.48,2.45,2.6,2.46,2.5,2.45,2.48,2.5,2.45,2.58,2.45,2.5,,2.51,,2.43,2.55,2.43,2.48,2.43,2.45,2.45,2.38,2.5,2.45,,,,2.39,2.62,GTbets,Not Found,2025-09-07 13:07:52
Milwaukee Brewers @ Pittsburgh Pirates,Milwaukee Brewers,2025-09-07 13:36:00,MLB,2025-09-07 13:07:45,1.73,1.73,1.75,1.75,1.77,1.8,1.73,1.79,,1.72,1.72,1.77,1.78,,1.77,1.75,1.74,1.75,1.75,1.76,1.8,1.75,1.71,1.8,1.75,1.75,1.75,1.74,1.8,1.73,1.73,1.75,1.72,1.73,1.72,1.81,1.72,1.77,,1.73,,1.74,1.7,1.72,1.74,1.72,1.74,1.74,1.73,1.74,1.72,,,,2.37,1.81,Pinnacle,Not Found,2025-09-07 13:07:52
Nashville Sounds @ Norfolk Tides,Nashville Sounds,2025-09-07 13:05:00,MiLB,2025-09-07 13:04:33,1.73,,,,,1.74,,,,,,1.74,1.74,,1.74,,,,,,,1.78,,,,,,,,,,,,,,1.72,,,,,,,,,,,,,1.73,,,,,,2.26,1.78,FanDuel,Not Found,2025-09-07 13:07:52
Carlos Alcaraz @ Jannik Sinner,Carlos Alcaraz,2025-09-07 14:00:00,ATP US Open,2025-09-07 13:07:22,2.09,2.05,,,2.0,2.11,2.02,2.03,,2.0,,2.1,2.1,,2.0,2.02,2.05,1.95,,2.05,2.05,2.05,2.05,2.06,2.02,1.98,2.02,2.02,2.11,2.07,2.0,1.98,2.02,2.1,2.05,2.13,2.05,2.0,,2.05,2.05,2.02,,2.02,,2.02,2.02,2.02,2.05,2.1,2.05,,,,2.23,2.13,Pinnacle,Not Found,2025-09-07 13:07:52
Philadelphia Phillies @ Miami Marlins,Miami Marlins,2025-09-07 13:41:00,MLB,2025-09-07 13:07:45,2.11,2.15,2.2,2.25,2.2,2.19,2.15,2.22,,2.15,2.16,2.25,2.13,,2.18,2.18,2.2,2.2,2.1,2.23,2.23,2.18,2.15,2.21,2.18,2.2,2.18,2.16,2.19,2.1,2.2,2.2,2.16,2.15,2.15,2.19,2.15,2.15,,2.15,,2.14,2.2,2.14,2.19,2.14,2.16,2.16,2.2,2.2,2.15,,,,2.15,2.25,Betway,Not Found,2025-09-07 13:07:52
Palestino @ Cobresal,Draw,2025-09-07 14:00:00,Primera División - Chile,2025-09-07 13:37:43,3.38,,,3.3,3.4,3.25,3.35,3.25,,3.15,3.35,3.25,3.25,,,,3.55,3.2,,3.3,3.25,3.2,,3.44,3.35,3.2,,3.3,3.25,3.38,,3.2,3.35,3.1,3.05,3.37,3.2,3.25,3.1,3.0,,3.35,3.3,3.35,3.18,,,3.25,,3.3,3.2,,,3.25,2.61,3.55,Coolbet,Not Found,2025-09-07 13:37:51
Washington Nationals @ Chicago Cubs,Washington Nationals,2025-09-07 14:21:00,MLB,2025-09-07 13:48:42,2.58,2.55,2.62,2.62,2.55,2.62,2.6,2.61,,2.6,2.57,2.6,2.58,,2.62,2.63,2.62,2.5,2.55,2.62,2.7,2.58,2.55,2.6,2.63,2.55,2.63,2.6,2.62,2.57,2.58,2.55,2.57,2.5,2.5,2.66,2.55,2.6,,2.56,2.6,2.6,2.6,2.6,2.55,2.6,2.6,2.6,2.6,2.55,2.5,,,,2.78,2.7,Everygame,Not Found,2025-09-07 13:48:55
Finland @ Poland,Poland,2025-09-07 14:45:00,FIFA World Cup Qualifiers - Europe,2025-09-07 14:12:23,1.53,1.44,,1.44,,1.5,1.42,,1.46,,1.46,1.44,,,,1.43,1.47,1.48,,1.48,,,,,,1.48,1.43,1.44,,,,,1.46,1.44,1.44,1.48,,,1.44,1.44,,,,1.44,,1.43,1.43,1.44,1.44,1.46,1.45,,,,3.1,1.53,1xBet,Not Found,2025-09-07 14:12:55
Houston Astros @ Texas Rangers,Houston Astros,2025-09-07 14:36:00,MLB,2025-09-07 14:12:49,1.81,1.71,1.71,,1.74,1.76,1.71,1.76,,1.7,1.72,1.71,1.71,,1.67,1.76,1.72,1.73,1.7,1.7,1.74,1.7,1.71,1.76,1.76,1.73,1.76,1.72,1.76,1.8,1.72,1.73,1.69,1.67,1.68,1.75,1.72,1.71,,1.7,,1.7,1.7,1.7,1.69,1.7,1.72,1.72,1.73,1.7,1.68,,,,2.9,1.81,1xBet,Not Found,2025-09-07 14:12:55
Northern Ireland @ Germany,Germany,2025-09-07 14:45:00,FIFA World Cup Qualifiers - Europe,2025-09-07 14:12:23,1.22,1.18,,1.17,,1.17,1.12,,1.15,,1.17,1.17,,,,1.14,1.18,,,1.17,,,,,,1.18,1.14,1.16,,,,,1.17,1.12,,1.17,,,1.14,1.12,,,,1.14,,,,1.16,1.18,1.15,1.15,,,,2.6,1.22,1xBet,Not Found,2025-09-07 14:12:55
Minnesota Twins @ Kansas City Royals,Kansas City Royals,2025-09-07 14:11:00,MLB,2025-09-07 14:12:49,,1.8,1.83,,1.8,1.91,1.73,1.87,,1.82,1.77,1.83,1.83,,1.83,1.76,1.85,1.8,1.85,1.78,1.89,1.77,1.8,1.79,1.74,1.78,1.74,1.75,1.91,1.8,1.84,1.78,1.79,1.75,1.78,1.92,1.8,1.83,,1.81,,1.75,1.75,1.76,1.81,1.76,1.76,1.75,1.8,1.8,1.72,,,,2.47,1.92,Pinnacle,Not Found,2025-09-07 14:12:55
El Paso Chihuahuas @ Salt Lake Bees,El Paso Chihuahuas,2025-09-07 14:05:00,MiLB,2025-09-07 14:07:36,,,,,,1.69,1.67,,,,,1.83,1.69,,1.69,,,,,,,1.67,,,,,,,,,,,,,,1.67,,,,,,,,,,,,,1.67,,,,,,2.43,1.83,Betway,Not Found,2025-09-07 14:12:55
Kazakhstan @ Belgium,Belgium,2025-09-07 14:45:00,FIFA World Cup Qualifiers - Europe,2025-09-07 14:12:23,1.07,1.05,,1.04,,1.05,1.02,,1.04,,1.05,1.03,,,,1.03,1.05,1.05,,1.06,,,,,,1.05,1.03,1.05,,,,,1.05,1.03,1.03,1.05,,,1.03,1.03,,,,1.03,,1.03,1.03,1.05,1.06,1.03,1.02,,,,2.25,1.07,1xBet,Not Found,2025-09-07 14:12:55
Omaha Storm Chasers @ Iowa Cubs,Omaha Storm Chasers,2025-09-07 14:08:00,MiLB,2025-09-07 14:07:36,2.1,,,,,2.17,2.2,,,,,2.1,2.15,,2.3,,,,,,,2.18,,,,,,,,,,,,,,2.12,,,,,,,,,,,,,2.1,,,,,,2.18,2.3,Caesars,Not Found,2025-09-07 14:12:55
Spain @ Turkey,Turkey,2025-09-07 14:45:00,FIFA World Cup Qualifiers - Europe,2025-09-07 14:35:42,6.62,5.75,,6.0,,6.35,5.8,,5.75,,5.9,5.75,,,,6.0,6.15,5.75,,6.0,,,,,,5.75,6.0,5.75,,,,,5.9,6.0,6.2,6.37,,,5.75,6.0,,,,6.0,,,,5.75,5.8,6.25,6.25,,,,2.66,6.62,1xBet,Not Found,2025-09-07 14:36:44
Chapecoense @ Criciuma,Chapecoense,2025-09-07 15:00:00,Brazil Série B,2025-09-07 14:36:15,4.13,,,4.0,3.9,4.1,3.7,4.13,,,3.95,4.0,4.0,,,3.75,4.0,3.75,,4.1,,4.2,,,3.6,3.75,3.7,3.6,4.1,4.15,,3.75,3.95,4.0,,4.45,4.1,4.0,,4.1,,3.65,4.4,3.75,,3.75,3.75,3.6,4.0,,,,,,2.32,4.45,Pinnacle,Not Found,2025-09-07 14:36:44
San Francisco Giants @ St. Louis Cardinals,St. Louis Cardinals,2025-09-07 14:16:00,MLB,2025-09-07 14:36:38,,,,,1.56,,1.51,,,,1.48,1.48,1.72,,1.56,1.56,1.5,,,1.52,,1.43,1.56,1.56,1.51,,1.51,1.53,,,1.7,,1.48,1.53,,,,1.48,,,1.65,1.53,1.5,1.56,1.71,1.48,1.48,1.53,1.73,1.48,1.45,,,,2.32,1.73,William Hill,Not Found,2025-09-07 14:36:44
Slovakia @ Luxembourg,Luxembourg,2025-09-07 14:45:00,FIFA World Cup Qualifiers - Europe,2025-09-07 14:44:14,4.81,4.8,,4.8,,5.23,4.6,,4.2,,4.2,4.5,,,,4.75,5.0,4.6,,4.9,,,,,,4.6,4.6,4.6,,,,,4.4,5.5,4.95,5.08,,,5.0,5.0,,,,4.75,,,,4.6,4.8,4.6,4.3,,,,2.51,5.5,Paddy Power,Not Found,2025-09-07 14:49:16
San Diego Padres @ Colorado Rockies,Colorado Rockies,2025-09-07 15:11:00,MLB,2025-09-07 14:48:45,2.93,2.95,3.05,,3.0,3.1,2.95,3.06,,3.0,2.95,3.0,3.05,,3.1,3.0,3.05,3.0,3.0,3.08,3.1,2.98,3.0,3.05,3.0,3.0,3.0,2.95,3.1,2.91,3.05,3.0,2.95,2.8,2.95,3.16,3.0,3.1,,2.98,3.0,2.9,3.0,2.9,2.95,2.9,2.95,2.95,2.9,3.0,2.95,,,,2.41,3.16,Pinnacle,Not Found,2025-09-07 14:49:16
San Francisco 49ers @ Seattle Seahawks,Seattle Seahawks,2025-09-07 16:05:00,NFL,2025-09-07 14:48:41,,2.05,2.05,2.05,2.05,2.12,2.04,2.1,,2.05,2.07,2.1,2.15,,2.1,,2.1,2.05,2.15,2.14,2.1,2.12,2.05,2.1,,2.05,2.07,,2.12,2.03,2.04,2.05,2.07,2.1,,2.18,2.1,2.1,,2.11,2.15,,2.1,2.06,2.01,2.04,2.07,,2.0,,,2.1,,,2.38,2.18,Pinnacle,Not Found,2025-09-07 14:49:16
Indiana Fever @ Washington Mystics,Indiana Fever,2025-09-07 15:00:00,WNBA,2025-09-07 14:48:19,,1.33,1.36,1.37,1.36,1.37,1.36,1.39,,1.36,1.35,1.36,1.4,,1.36,,1.35,,,1.35,,1.38,1.36,1.36,,1.38,1.36,,1.39,,1.35,1.38,1.35,1.33,1.32,1.35,,,,1.34,1.38,1.36,,1.36,,1.36,1.36,,,,,,,,2.24,1.4,Bovada,Not Found,2025-09-07 14:49:16
Detroit Lions @ Green Bay Packers,Detroit Lions,2025-09-07 16:25:00,NFL,2025-09-07 15:07:24,,2.0,1.93,2.0,2.0,2.0,2.0,2.0,,2.0,2.0,2.0,2.0,,2.0,,2.02,2.0,1.95,2.0,2.0,2.04,2.0,2.0,,2.0,2.04,,2.0,1.99,1.96,2.0,2.0,2.0,,2.0,2.02,2.0,,2.03,2.0,,1.95,2.02,1.97,2.0,2.04,,2.1,,,1.98,,,3.58,2.1,William Hill,Not Found,2025-09-07 15:07:39
Boston Red Sox @ Arizona Diamondbacks,Boston Red Sox,2025-09-07 16:11:00,MLB,2025-09-07 15:07:27,1.92,1.91,1.93,,1.91,1.97,1.91,1.97,,1.91,1.9,1.91,1.93,,1.91,1.93,1.93,1.91,1.92,1.93,1.98,1.93,1.91,1.97,1.93,1.9,1.93,1.93,1.97,1.91,1.94,1.9,1.9,1.87,1.89,1.98,1.88,1.9,,1.9,1.92,1.89,1.85,1.89,1.9,1.89,1.93,1.93,1.91,1.92,1.9,,,,2.23,1.98,Pinnacle,Not Found,2025-09-07 15:07:39
Las Vegas Aviators @ Sacramento River Cats,Las Vegas Aviators,2025-09-07 16:05:00,MiLB,2025-09-07 15:34:46,1.77,,,,,2.21,1.77,,,,,1.91,,,1.8,,,,,,,1.83,,,,,,,,,,,,,,2.03,,,,,,,,,,,,,1.8,,,,,,2.05,2.21,BetOnline.ag,Not Found,2025-09-07 15:35:31
Tennessee Titans @ Denver Broncos,Denver Broncos,2025-09-07 16:05:00,NFL,2025-09-07 15:47:58,,1.2,1.22,1.2,1.21,1.21,1.18,1.22,,1.2,,1.2,1.21,,1.21,,1.21,1.2,1.18,1.22,1.21,1.2,1.22,1.21,,1.2,1.2,,1.22,1.21,1.21,1.2,1.2,1.2,,1.24,1.22,1.22,,1.2,1.22,,1.18,1.2,1.18,1.18,1.2,,1.22,,,1.19,,,2.54,1.24,Pinnacle,Not Found,2025-09-07 15:48:00
Round Rock Express @ Albuquerque Isotopes,Round Rock Express,2025-09-07 15:35:00,MiLB,2025-09-07 15:37:05,,,,,,2.05,2.0,,,,,2.3,2.0,,,,,,,,,2.08,,,,,,,,,,,,,,1.99,,,,,,,,,,,,,1.91,,,,,,2.05,2.3,Betway,Not Found,2025-09-07 15:48:00
