ID,Sport Key,Sport Title,Start Time,Scrape Time,Match,Team,Start Date,Best Bookmaker,Best Odds,Outcomes,Result
776b3a3de2f5ccc9c6fa9bf8b1666736,icehockey_nhl,NHL,2026-01-23T00:10:00Z,2026-01-23T00:02:01Z,Buffalo Sabres @ Montréal Canadiens,Buffalo Sabres,,Fanatics,2.05,2.0,Not Found
34ed2360b9a442102e03d945479ebbaf,basketball_ncaab,NCAAB,2026-01-23T00:00:00Z,2026-01-23T00:02:01Z,Southern Miss Golden Eagles @ Georgia St Panthers,Georgia St Panthers,,Fanatics,1.77,2.0,Not Found
8b117d6a4ca702734c4a2745c137f9a8,basketball_nba,NBA,2026-01-23T00:10:00Z,2026-01-23T00:02:01Z,Charlotte Hornets @ Orlando Magic,Orlando Magic,,FanDuel,1.61,2.0,Not Found
3c4b64b2faacaa6557a37ee2028d1c1b,basketball_ncaab,NCAAB,2026-01-22T23:00:00Z,2026-01-23T00:02:01Z,Vermont Catamounts @ UMass Lowell River Hawks,Vermont Catamounts,,Caesars,1.1,2.0,Not Found
22ff6e528bdbdc30eeec288f71d9f555,basketball_ncaab,NCAAB,2026-01-24T21:00:00Z,2026-01-24T22:00:01Z,Memphis Tigers @ Wichita St Shockers,Memphis Tigers,2026-01-24,FanDuel,12.0,2.0,Not Found
8dff15c5ec8183ae9df908cc83dbe9fb,tennis_wta_qatar_open,WTA Qatar Open,2026-02-09T10:00:00Z,2026-02-09T02:14:59Z,Maya Joint @ Linda Noskova,Maya Joint,2026-02-09,FanDuel,3.05,2.0,Not Found
a30a4f994b45fdd6fbea41399d20ba60,tennis_wta_qatar_open,WTA Qatar Open,2026-02-09T12:00:00Z,2026-02-09T02:14:59Z,Tereza Valentova @ Alexandra Eala,Alexandra Eala,2026-02-09,DraftKings,2.7,2.0,Not Found
5835013369cd2e32d1db142f20598c24,tennis_wta_qatar_open,WTA Qatar Open,2026-02-09T10:30:00Z,2026-02-09T02:14:59Z,Cristina Bucsa @ Dayana Yastremska,Dayana Yastremska,2026-02-09,DraftKings,1.76,2.0,Not Found
b7601f84b3218b410664e56e8c059e27,tennis_wta_qatar_open,WTA Qatar Open,2026-02-09T10:30:00Z,2026-02-09T02:14:59Z,Emiliana Arango @ Xinyu Wang,Xinyu Wang,2026-02-09,DraftKings,1.16,2.0,Not Found
e7cad3f355851b021d7ae69cf4c9de6b,tennis_wta_qatar_open,WTA Qatar Open,2026-02-09T12:00:00Z,2026-02-09T05:55:31Z,Jelena Ostapenko @ Anastasia Zakharova,Anastasia Zakharova,2026-02-09,FanDuel,2.46,2.0,Not Found
3f53a11a214284dc1561d6052723f664,tennis_wta_qatar_open,WTA Qatar Open,2026-02-09T12:00:00Z,2026-02-09T05:55:31Z,Clara Tauson @ Katerina Siniakova,Katerina Siniakova,2026-02-09,DraftKings,2.29,2.0,Not Found
2b96062933586acb39fb63004ddaf7a4,tennis_wta_qatar_open,WTA Qatar Open,2026-02-09T12:00:00Z,2026-02-09T05:55:31Z,Tatjana Maria @ Emma Navarro,Emma Navarro,2026-02-09,DraftKings,1.15,2.0,Not Found
6d89b2588cb1952e751be3d9043a3dd7,tennis_wta_qatar_open,WTA Qatar Open,2026-02-09T13:00:00Z,2026-02-09T10:15:44Z,Sofia Kenin @ Qinwen Zheng,Sofia Kenin,2026-02-09,FanDuel,3.05,2.0,Not Found
f7868292b5c65accf044ce8c0f1a36b2,tennis_wta_qatar_open,WTA Qatar Open,2026-02-09T13:30:00Z,2026-02-09T11:58:09Z,Zeynep Sonmez @ Maria Sakkari,Maria Sakkari,2026-02-09,DraftKings,1.71,2.0,Not Found
90164d2e50d77d26fabea869717c68bb,tennis_wta_qatar_open,WTA Qatar Open,2026-02-09T16:00:00Z,2026-02-09T13:42:33Z,Jessica Bouzas Maneiro @ Anna Kalinskaya,Jessica Bouzas Maneiro,2026-02-09,FanDuel,3.55,2.0,Not Found
4886b6457e8002fb91b30dd3627441be,tennis_wta_qatar_open,WTA Qatar Open,2026-02-09T15:15:00Z,2026-02-09T13:42:33Z,Maria Camila Osorio Serrano @ Emma Raducanu,Maria Camila Osorio Serrano,2026-02-09,BetMGM,1.91,2.0,Not Found
be41a0d0111a7e00e66d7646023462b9,tennis_wta_qatar_open,WTA Qatar Open,2026-02-09T15:00:00Z,2026-02-09T13:42:33Z,Karolina Pliskova @ Amanda Anisimova,Amanda Anisimova,2026-02-09,DraftKings,1.14,2.0,Not Found
8b7f9d9f303fda5cbab390ddde556c2b,tennis_wta_qatar_open,WTA Qatar Open,2026-02-09T16:30:00Z,2026-02-09T14:41:54Z,Beatriz Haddad Maia @ Janice Tjen,Beatriz Haddad Maia,2026-02-09,FanDuel,1.98,2.0,Not Found
9cee975eada097f88cc9d1bd623b2224,soccer_italy_serie_a,Serie A - Italy,2026-02-09T17:30:00Z,2026-02-09T15:38:51Z,Cremonese @ Atalanta BC,Draw,2026-02-09,BetMGM,5.25,3.0,Not Found
fbecc11f0945f124f4641d55949b05ed,soccer_denmark_superliga,Denmark Superliga,2026-02-09T18:00:00Z,2026-02-09T15:38:51Z,FC Fredericia @ Vejle Boldklub,FC Fredericia,2026-02-09,FanDuel,3.6,3.0,Not Found
0f45ddd824d68150fb2a54f297346322,tennis_wta_qatar_open,WTA Qatar Open,2026-02-09T17:00:00Z,2026-02-09T16:42:51Z,Magda Linette @ Mirra Andreeva,Magda Linette,2026-02-09,FanDuel,6.3,2.0,Not Found
2f5feffd3f2fb5afa948252380d2f5f9,soccer_portugal_primeira_liga,Primeira Liga - Portugal,2026-02-09T18:45:00Z,2026-02-09T17:37:55Z,AVS Futebol SAD @ Famalicão,Famalicão,2026-02-09,BetMGM,1.48,3.0,Not Found
68c1f1016201861c1a4796bb32d29d9a,soccer_denmark_superliga,Denmark Superliga,2026-02-09T20:00:00Z,2026-02-09T18:35:36Z,OB Odense BK @ AGF Aarhus,OB Odense BK,2026-02-09,FanDuel,4.4,3.0,Not Found
474e9ab344d6945f0a9e55112cff12e5,soccer_spain_segunda_division,La Liga 2 - Spain,2026-02-09T19:30:00Z,2026-02-09T18:35:36Z,CD Mirandés @ Real Racing Club de Santander,Draw,2026-02-09,DraftKings,4.3,3.0,Not Found
22a216118b8325c12e1ff39834357585,soccer_spain_la_liga,La Liga - Spain,2026-02-09T20:00:00Z,2026-02-09T18:35:36Z,Espanyol @ Villarreal,Villarreal,2026-02-09,DraftKings,1.71,3.0,Not Found
e9d022192a4fec2643c398f58f62eacf,soccer_argentina_primera_division,Primera División - Argentina,2026-02-09T22:15:00Z,2026-02-09T19:50:52Z,Deportivo Riestra @ Estudiantes,Deportivo Riestra,2026-02-09,FanDuel,5.3,3.0,Not Found
21bfb487ec06af15fe7e799b24a4062b,soccer_france_ligue_two,Ligue 2 - France,2026-02-09T19:45:00Z,2026-02-09T19:50:52Z,Clermont @ Amiens,Draw,2026-02-09,FanDuel,3.2,3.0,Not Found
912d6cd02abc2085e3f8e09255fe6d42,soccer_portugal_primeira_liga,Primeira Liga - Portugal,2026-02-09T20:45:00Z,2026-02-09T19:50:52Z,Sporting Lisbon @ FC Porto,FC Porto,2026-02-09,FanDuel,2.5,3.0,Not Found
4183e28535289716c512e158cd874793,soccer_chile_campeonato,Primera División - Chile,2026-02-09T23:00:00Z,2026-02-09T22:52:06Z,Cobresal @ Union La Calera,Cobresal,2026-02-09,FanDuel,4.0,3.0,Not Found
c43b3359273f53a5789c055ef2709ba8,basketball_ncaab,NCAAB,2026-02-09T23:00:00Z,2026-02-09T22:52:06Z,Navy Midshipmen @ Bucknell Bison,Bucknell Bison,2026-02-09,DraftKings,3.7,2.0,Not Found
eb23a44bdf173b22dfcdd6bfaedb960c,basketball_ncaab,NCAAB,2026-02-09T23:30:00Z,2026-02-09T22:52:06Z,Jackson St Tigers @ Arkansas-Pine Bluff Golden Lions,Arkansas-Pine Bluff Golden Lions,2026-02-09,DraftKings,1.36,2.0,Not Found
315aacd12d99ac1fccfdc3cb66c9a966,basketball_ncaab,NCAAB,2026-02-10T00:00:00Z,2026-02-09T22:52:06Z,Texas Southern Tigers @ Bethune-Cookman Wildcats,Bethune-Cookman Wildcats,2026-02-10,DraftKings,1.28,2.0,Not Found
04459d9e0e0db9a14f824ad9d8f707b4,basketball_ncaab,NCAAB,2026-02-10T00:00:00Z,2026-02-09T23:30:45Z,Northwestern St Demons @ Lamar Cardinals,Northwestern St Demons,2026-02-10,FanDuel,4.0,2.0,Not Found
5e1aa928201fd5c2d87346ed74e4d0c4,basketball_ncaab,NCAAB,2026-02-10T00:00:00Z,2026-02-09T23:30:45Z,NC State Wolfpack @ Louisville Cardinals,NC State Wolfpack,2026-02-10,DraftKings,3.6,2.0,Not Found
e5fd69a1f7038b43548ffcc63ad37a14,basketball_ncaab,NCAAB,2026-02-10T00:30:00Z,2026-02-10T00:04:03Z,UT Rio Grande Valley Vaqueros @ Nicholls St Colonels,Nicholls St Colonels,2026-02-10,FanDuel,2.38,2.0,Not Found
8ec4d258f9c8c8299c2c0dfbfbe8b70a,tennis_wta_qatar_open,WTA Qatar Open,2026-02-10T10:30:00Z,2026-02-10T05:18:09Z,Jasmine Paolini @ Maria Sakkari,Jasmine Paolini,2026-02-10,FanDuel,1.54,2.0,Not Found
d2a887111fc5810b348477f3c3ed8b96,tennis_wta_qatar_open,WTA Qatar Open,2026-02-10T12:00:00Z,2026-02-10T06:39:22Z,Coco Gauff @ Elisabetta Cocciaretto,Elisabetta Cocciaretto,2026-02-10,FanDuel,9.0,2.0,Not Found
f3442dc35a0e7975e3ed72499892ad65,tennis_wta_qatar_open,WTA Qatar Open,2026-02-10T12:00:00Z,2026-02-10T06:39:22Z,Victoria Mboko @ Vera Zvonareva,Vera Zvonareva,2026-02-10,FanDuel,6.0,2.0,Not Found
eec6225414383f0911535d2ac2a49724,tennis_wta_qatar_open,WTA Qatar Open,2026-02-10T11:30:00Z,2026-02-10T06:39:22Z,Jelena Ostapenko @ Ekaterina Alexandrova,Jelena Ostapenko,2026-02-10,FanDuel,3.25,2.0,Not Found
1d3efcd2fd4784bd64ef885a59406029,tennis_wta_qatar_open,WTA Qatar Open,2026-02-10T10:30:00Z,2026-02-10T06:39:22Z,Ann Li @ Magdalena Frech,Ann Li,2026-02-10,DraftKings,1.6,2.0,Not Found
ab6ed0858ec00583d5b109e215c93c71,tennis_wta_qatar_open,WTA Qatar Open,2026-02-10T10:00:00Z,2026-02-10T07:44:22Z,Elise Mertens @ Daria Kasatkina,Elise Mertens,2026-02-10,DraftKings,1.31,2.0,Not Found
be510d09c1f7a727477900a7afac4880,tennis_wta_qatar_open,WTA Qatar Open,2026-02-10T13:00:00Z,2026-02-10T09:39:30Z,Elina Svitolina @ Dayana Yastremska,Dayana Yastremska,2026-02-10,FanDuel,4.5,2.0,Not Found
f20214d8965ffd4e8e2db3d2531adff3,tennis_wta_qatar_open,WTA Qatar Open,2026-02-10T16:30:00Z,2026-02-10T15:19:39Z,Anna Kalinskaya @ Emma Navarro,Anna Kalinskaya,2026-02-10,DraftKings,1.6,2.0,Not Found
adf3f0cf8186681c681c9ca6053ce3bc,soccer_italy_serie_b,Serie B - Italy,2026-02-10T18:00:00Z,2026-02-10T17:40:29Z,Palermo @ Sampdoria,Draw,2026-02-10,BetMGM,2.95,3.0,Not Found
0dd35434632eb878faa3d79338acf8f9,basketball_ncaab,NCAAB,2026-02-11T00:00:00Z,2026-02-10T20:31:02Z,Vanderbilt Commodores @ Auburn Tigers,Vanderbilt Commodores,2026-02-11,DraftKings,2.45,2.0,Not Found
ed03bc09ae782d3baf7766a569b206d8,basketball_ncaab,NCAAB,2026-02-10T23:30:00Z,2026-02-10T20:31:02Z,Milwaukee Panthers @ IUPUI Jaguars,Milwaukee Panthers,2026-02-10,FanDuel,1.7,2.0,Not Found
20f50fca14d9bdade26c32c0d4dc96bd,basketball_ncaab,NCAAB,2026-02-11T00:00:00Z,2026-02-10T20:31:02Z,BYU Cougars @ Baylor Bears,BYU Cougars,2026-02-11,BetMGM,1.59,2.0,Not Found
f8a1c815dae7076ea0205a4cbaa27b79,basketball_ncaab,NCAAB,2026-02-11T00:00:00Z,2026-02-10T20:31:02Z,Virginia Cavaliers @ Florida St Seminoles,Virginia Cavaliers,2026-02-11,BetMGM,1.29,2.0,Not Found
9553c659015212001d837cd86ff2e4b8,basketball_ncaab,NCAAB,2026-02-11T00:00:00Z,2026-02-10T23:51:20Z,Rhode Island Rams @ GW Revolutionaries,Rhode Island Rams,2026-02-11,FanDuel,3.05,2.0,Not Found
07f42219e9fef5484a656d6b23a4d341,basketball_ncaab,NCAAB,2026-02-11T00:00:00Z,2026-02-10T23:51:20Z,Purdue Boilermakers @ Nebraska Cornhuskers,Purdue Boilermakers,2026-02-11,DraftKings,2.2,2.0,Not Found
402d3274a70ecdf3f3441bd2730e9a86,basketball_nba,NBA,2026-02-11T01:11:00Z,2026-02-11T01:21:30Z,Los Angeles Clippers @ Houston Rockets,Los Angeles Clippers,2026-02-11,DraftKings,3.9,2.0,Not Found
a431f33f9135f054bfd08b6f0d341497,basketball_nba,NBA,2026-02-11T02:00:00Z,2026-02-11T01:21:30Z,Dallas Mavericks @ Phoenix Suns,Dallas Mavericks,2026-02-11,FanDuel,3.7,2.0,Not Found
a71ee5a69ce1536df83ded23cf2aa871,basketball_ncaab,NCAAB,2026-02-11T02:00:00Z,2026-02-11T01:21:30Z,Arkansas Razorbacks @ LSU Tigers,LSU Tigers,2026-02-11,FanDuel,2.84,2.0,Not Found
5a29e4d55ae8760382cbc6497960450d,tennis_wta_qatar_open,WTA Qatar Open,2026-02-11T10:30:00Z,2026-02-11T04:07:42Z,Elisabetta Cocciaretto @ Ann Li,Elisabetta Cocciaretto,2026-02-11,DraftKings,1.95,2.0,Not Found
86182f752e6310e951bea720f9d09e2b,tennis_wta_qatar_open,WTA Qatar Open,2026-02-11T12:00:00Z,2026-02-11T04:07:42Z,Maria Camila Osorio Serrano @ Jelena Ostapenko,Jelena Ostapenko,2026-02-11,FanDuel,1.78,2.0,Not Found
a93dfcda042d4fd2366d8c4c5567a584,tennis_wta_qatar_open,WTA Qatar Open,2026-02-11T12:00:00Z,2026-02-11T04:07:42Z,Victoria Mboko @ Mirra Andreeva,Mirra Andreeva,2026-02-11,FanDuel,1.5,2.0,Not Found
5dd0e7ecef4ab560d2da83865bf42d2d,tennis_wta_qatar_open,WTA Qatar Open,2026-02-11T10:00:00Z,2026-02-11T05:45:04Z,Maria Sakkari @ Varvara Gracheva,Varvara Gracheva,2026-02-11,FanDuel,3.1,2.0,Not Found
3962a8440939a2ea6ac00345f3e1a3f2,tennis_wta_qatar_open,WTA Qatar Open,2026-02-11T13:30:00Z,2026-02-11T07:43:02Z,Daria Kasatkina @ Iga Swiatek,Iga Swiatek,2026-02-11,DraftKings,1.06,2.0,Not Found
01fa5d301c7856a696020fa5b55cf6f0,tennis_wta_qatar_open,WTA Qatar Open,2026-02-11T15:00:00Z,2026-02-11T09:31:56Z,Elena Rybakina @ Qinwen Zheng,Qinwen Zheng,2026-02-11,FanDuel,6.0,2.0,Not Found
f7e718db08ad9c2466b478d15bf18090,tennis_wta_qatar_open,WTA Qatar Open,2026-02-11T15:00:00Z,2026-02-11T11:28:11Z,Karolina Muchova @ Karolina Pliskova,Karolina Pliskova,2026-02-11,FanDuel,5.0,2.0,Not Found
11b6f9d84983e3e87bd3c8dfd7d3eabd,tennis_wta_qatar_open,WTA Qatar Open,2026-02-11T16:30:00Z,2026-02-11T13:47:19Z,Elina Svitolina @ Anna Kalinskaya,Elina Svitolina,2026-02-11,DraftKings,1.42,2.0,Not Found
