Match,League,Team,Start Time,Outlier Book,Outlier Odds,Modified Z Score,Expected Value,Result,Scrape Time
Pittsburgh Panthers @ Florida State Seminoles,NCAAF,Pittsburgh Panthers,2025-10-11 16:00:00,FanDuel,4.5,2.28,0.0344827586206898,Pittsburgh Panthers,2025-10-11T14:59:03Z
TCU Horned Frogs @ Kansas State Wildcats,NCAAF,Kansas State Wildcats,2025-10-11 16:32:00,Caesars,1.59,2.15,0.2045454545454545,Kansas State Wildcats,2025-10-11T21:59:15Z
Iowa State Cyclones @ Colorado Buffaloes,NCAAF,Iowa State Cyclones,2025-10-11 16:36:00,Caesars,2.95,3.19,0.1614173228346456,Colorado Buffaloes,2025-10-11T22:27:54Z
Georgia Bulldogs @ Auburn Tigers,NCAAF,Auburn Tigers,2025-10-11 19:30:00,FanDuel,9.0,3.95,0.2465373961218837,Georgia Bulldogs,2025-10-12T03:09:23Z
Denver Broncos @ New York Jets,NFL,New York Jets,2025-10-12 13:30:00,DraftKings,4.4,3.82,0.0352941176470589,Denver Broncos,2025-10-12T11:59:14Z
Arizona Cardinals @ Indianapolis Colts,NFL,Arizona Cardinals,2025-10-12 17:01:00,BetMGM,4.75,2.36,0.0348583877995644,Indianapolis Colts,2025-10-12T16:59:27Z
Cincinnati Bengals @ Green Bay Packers,NFL,Cincinnati Bengals,2025-10-12 20:28:00,FanDuel,12.0,2.01,0.6973125884016973,Green Bay Packers,2025-10-12T22:58:57Z
Seattle Mariners @ Toronto Blue Jays,MLB,Toronto Blue Jays,2025-10-13 00:04:45,Caesars,3.6,4.11,0.2857142857142858,Seattle Mariners,2025-10-13T02:08:26Z
Detroit Lions @ Kansas City Chiefs,NFL,Detroit Lions,2025-10-13 00:22:43,FanDuel,6.4,2.53,0.4611872146118724,Kansas City Chiefs,2025-10-13T02:08:26Z
Vegas Golden Knights @ Calgary Flames,NHL,Calgary Flames,2025-10-15 01:08:12,Caesars,19.0,3.51,0.6033755274261602,Vegas Golden Knights,2025-10-15T03:43:51Z
Pittsburgh Penguins @ Anaheim Ducks,NHL,Pittsburgh Penguins,2025-10-15 02:44:38,DraftKings,3.8,2.65,0.4393939393939393,Anaheim Ducks,2025-10-15T03:58:54Z
Florida Panthers @ New Jersey Devils,NHL,New Jersey Devils,2025-10-16 23:11:50,Caesars,2.45,4.27,0.1187214611872147,New Jersey Devils,2025-10-16T23:35:19Z
Nashville Predators @ Montr√©al Canadiens,NHL,Nashville Predators,2025-10-16 23:08:17,Caesars,2.35,2.7,0.030701754385965,Montreal Canadiens,2025-10-16T23:35:19Z
Winnipeg Jets @ Philadelphia Flyers,NHL,Winnipeg Jets,2025-10-16 23:16:05,Caesars,1.25,2.78,0.0964912280701755,Winnipeg Jets,2025-10-17T00:44:58Z
Toronto Blue Jays @ Seattle Mariners,MLB,Toronto Blue Jays,2025-10-17 00:34:00,FanDuel,2.62,2.16,0.0826446280991736,Toronto Blue Jays,2025-10-17T00:44:58Z
Edmonton Oilers @ New York Islanders,NHL,Edmonton Oilers,2025-10-16 23:38:08,BetMGM,34.0,4.2,4.362776025236593,New York Islanders,2025-10-17T02:18:35Z
Carolina Hurricanes @ Anaheim Ducks,NHL,Anaheim Ducks,2025-10-17 02:08:13,DraftKings,19.0,3.32,0.9095477386934674,Carolina Hurricanes,2025-10-17T04:12:27Z
Toronto Blue Jays @ Seattle Mariners,MLB,Seattle Mariners,2025-10-17 22:09:00,DraftKings,1.81,4.82,0.0838323353293414,Toronto Blue Jays,2025-10-17T23:08:50Z
Saskatchewan Roughriders @ Winnipeg Blue Bombers,CFL,Saskatchewan Roughriders,2025-10-18 00:00:00,DraftKings,4.7,2.65,0.0854503464203233,Winnipeg Blue Bombers,2025-10-17T23:34:50Z
Minnesota Wild @ Washington Capitals,NHL,Washington Capitals,2025-10-17 23:11:02,Fanatics,1.83,3.67,0.2797202797202799,Washington Capitals,2025-10-18T00:42:07Z
Edmonton Elks @ BC Lions,CFL,Edmonton Elks,2025-10-18 02:37:00,DraftKings,3.75,2.53,0.0416666666666667,BC Lions,2025-10-18T02:12:54Z
Milwaukee Brewers @ Los Angeles Dodgers,MLB,Milwaukee Brewers,2025-10-18 00:38:51,Fanatics,16.0,2.33,0.1569052783803326,Los Angeles Dodgers,2025-10-18T02:12:54Z
San Jose Sharks @ Utah Mammoth,NHL,San Jose Sharks,2025-10-18 01:08:49,Caesars,4.5,2.22,0.3392857142857144,Utah Mammoth,2025-10-18T02:12:54Z
Bournemouth @ Crystal Palace,EPL,Crystal Palace,2025-10-18 14:01:00,FanDuel,76.0,2.83,1.7407140281283804,Draw,2025-10-18T16:10:42Z
Georgia Tech Yellow Jackets @ Duke Blue Devils,NCAAF,Duke Blue Devils,2025-10-18 16:10:28,BetMGM,13.5,3.43,1.611218568665377,Georgia Tech Yellow Jackets,2025-10-18T19:07:09Z
Arizona Wildcats @ Houston Cougars,NCAAF,Arizona Wildcats,2025-10-18 16:03:18,BetMGM,5.0,2.97,0.3812154696132597,Houston Cougars,2025-10-18T19:07:09Z
Akron Zips @ Ball State Cardinals,NCAAF,Akron Zips,2025-10-18 19:32:25,BetMGM,2.5,2.33,0.3812154696132598,Ball State Cardinals,2025-10-18T21:35:01Z
Florida State Seminoles @ Stanford Cardinal,NCAAF,Florida State Seminoles,2025-10-19 02:35:21,FanDuel,10.0,3.14,1.3201856148491882,Stanford Cardinal,2025-10-19T06:14:05Z
Aston Villa @ Tottenham Hotspur,EPL,Aston Villa,2025-10-19 13:00:00,DraftKings,8.0,2.01,0.0781671159029648,Aston Villa,2025-10-19T13:29:30Z
New England Patriots @ Tennessee Titans,NFL,Tennessee Titans,2025-10-19 17:03:23,Fanatics,8.0,2.7,0.2012012012012012,New England Patriots,2025-10-19T18:43:16Z
Carolina Panthers @ New York Jets,NFL,New York Jets,2025-10-19 17:03:11,BetMGM,9.0,2.57,0.4240506329113922,Carolina Panthers,2025-10-19T19:23:23Z
New York Giants @ Denver Broncos,NFL,Denver Broncos,2025-10-19 20:05:30,FanDuel,11.6,2.31,0.6384180790960453,Denver Broncos,2025-10-19T22:37:44Z
Green Bay Packers @ Arizona Cardinals,NFL,Green Bay Packers,2025-10-19 20:25:23,FanDuel,2.46,2.2,0.1441860465116278,Green Bay Packers,2025-10-19T23:08:56Z
Atlanta Falcons @ San Francisco 49ers,NFL,San Francisco 49ers,2025-10-20 00:22:59,Caesars,1.74,2.47,0.0545454545454545,San Francisco 49ers,2025-10-20T02:30:21Z
Hokkaido Nippon-Ham Fighters @ Fukuoka SoftBank Hawks,NPB,Hokkaido Nippon-Ham Fighters,2025-10-20 09:00:00,FanDuel,9.7,2.34,0.0825892857142854,Fukuoka SoftBank Hawks,2025-10-20T11:35:58Z
Hanwha Eagles @ Samsung Lions,KBO,Samsung Lions,2025-10-21 09:30:59,FanDuel,5.7,3.02,0.2337662337662338,Hanwha Eagles,2025-10-21T12:20:07Z
Toronto Raptors @ Atlanta Hawks,NBA,Toronto Raptors,2025-10-22 23:40:00,DraftKings,3.4,3.71,0.1409395973154362,Toronto Raptors,2025-10-22T23:35:15Z
Cleveland Cavaliers @ New York Knicks,NBA,Cleveland Cavaliers,2025-10-22 23:13:20,Caesars,4.2,4.83,0.2462908011869435,New York Knicks,2025-10-23T00:45:45Z
Miami Heat @ Orlando Magic,NBA,Miami Heat,2025-10-22 23:14:53,Caesars,3.15,3.12,0.1977186311787072,Orlando Magic,2025-10-23T00:45:45Z
Detroit Pistons @ Chicago Bulls,NBA,Chicago Bulls,2025-10-23 00:13:55,Caesars,1.43,2.62,0.0671641791044774,Chicago Bulls,2025-10-23T00:45:45Z
New Orleans Pelicans @ Memphis Grizzlies,NBA,Memphis Grizzlies,2025-10-23 00:12:46,Caesars,2.25,2.4,0.0922330097087378,Memphis Grizzlies,2025-10-23T00:45:45Z
Denver Nuggets @ Golden State Warriors,NBA,Denver Nuggets,2025-10-24 02:19:01,Caesars,1.29,2.32,0.075,Golden State Warriors,2025-10-24T04:12:04Z
Atlanta Hawks @ Orlando Magic,NBA,Atlanta Hawks,2025-10-24 23:11:03,FanDuel,3.4,2.02,0.0932475884244372,Atlanta Hawks,2025-10-24T23:19:36Z
Milwaukee Bucks @ Toronto Raptors,NBA,Milwaukee Bucks,2025-10-24 22:45:00,FanDuel,3.0,4.5,0.1857707509881424,Milwaukee Bucks,2025-10-24T23:30:28Z
Cleveland Cavaliers @ Brooklyn Nets,NBA,Brooklyn Nets,2025-10-24 23:43:29,Caesars,7.4,2.02,0.1028315946348733,Cleveland Cavaliers,2025-10-24T23:48:27Z
Boise State Broncos @ Nevada Wolf Pack,NCAAF,Nevada Wolf Pack,2025-10-25 02:00:00,FanDuel,11.4,2.01,0.0614525139664804,Boise State Broncos,2025-10-25T01:41:09Z
Phoenix Suns @ Los Angeles Clippers,NBA,Phoenix Suns,2025-10-25 02:43:33,BetMGM,17.0,2.21,0.1580381471389647,Los Angeles Clippers,2025-10-25T03:55:51Z
UMass Minutemen @ Central Michigan Chippewas,NCAAF,UMass Minutemen,2025-10-25 19:32:29,DraftKings,7.5,2.15,0.0683760683760683,Central Michigan Chippewas,2025-10-25T19:34:59Z
Charlotte Hornets @ Philadelphia 76ers,NBA,Charlotte Hornets,2025-10-25 23:42:00,FanDuel,3.4,2.7,0.0591900311526479,Philadelphia 76ers,2025-10-25T23:48:20Z
Phoenix Suns @ Denver Nuggets,NBA,Phoenix Suns,2025-10-26 01:13:37,FanDuel,9.0,2.76,0.1235955056179775,Denver Nuggets,2025-10-26T01:49:35Z
Hanshin Tigers @ Fukuoka SoftBank Hawks,NPB,Fukuoka SoftBank Hawks,2025-10-26 09:30:00,FanDuel,2.82,2.56,0.2051282051282051,Fukuoka SoftBank Hawks,2025-10-26T09:40:48Z
Burnley @ Wolverhampton Wanderers,EPL,Burnley,2025-10-26 14:00:00,Caesars,3.7,2.79,0.4566929133858266,Burnley,2025-10-26T14:18:39Z
Colorado Avalanche @ New Jersey Devils,NHL,New Jersey Devils,2025-10-26 17:08:06,DraftKings,1.77,4.72,0.1568627450980392,New Jersey Devils,2025-10-26T17:41:19Z
Chicago Bears @ Baltimore Ravens,NFL,Chicago Bears,2025-10-26 17:02:19,DraftKings,5.2,2.85,0.4689265536723166,Baltimore Ravens,2025-10-26T19:26:21Z
New York Jets @ Cincinnati Bengals,NFL,New York Jets,2025-10-26 17:02:51,Caesars,15.0,2.05,0.2520868113522537,New York Jets,2025-10-26T19:26:21Z
Tampa Bay Buccaneers @ New Orleans Saints,NFL,New Orleans Saints,2025-10-26 20:05:40,Caesars,4.2,5.78,0.3418530351437698,Tampa Bay Buccaneers,2025-10-26T20:46:56Z
Boston Celtics @ Detroit Pistons,NBA,Boston Celtics,2025-10-26 19:44:38,DraftKings,4.1,3.62,0.0933333333333331,Detroit Pistons,2025-10-26T21:29:53Z
Dallas Cowboys @ Denver Broncos,NFL,Dallas Cowboys,2025-10-26 20:25:25,DraftKings,13.0,2.85,0.4823261117445839,Denver Broncos,2025-10-26T21:56:19Z
Utah Mammoth @ Winnipeg Jets,NHL,Winnipeg Jets,2025-10-26 22:08:41,BetMGM,1.74,5.09,0.2167832167832168,Utah Mammoth,2025-10-26T23:19:28Z
Milwaukee Bucks @ Cleveland Cavaliers,NBA,Milwaukee Bucks,2025-10-26 22:12:09,BetMGM,6.25,2.82,0.1384335154826957,Cleveland Cavaliers,2025-10-26T23:19:28Z
Charlotte Hornets @ Washington Wizards,NBA,Washington Wizards,2025-10-26 22:16:00,Caesars,1.42,2.81,0.0289855072463769,Charlotte Hornets,2025-10-26T23:41:36Z
San Jose Sharks @ Minnesota Wild,NHL,Minnesota Wild,2025-10-26 22:08:46,FanDuel,6.6,2.12,0.0679611650485437,San Jose Sharks,2025-10-26T23:41:36Z
Los Angeles Lakers @ Sacramento Kings,NBA,Los Angeles Lakers,2025-10-27 01:10:30,Fanatics,2.85,2.02,0.1400000000000001,Los Angeles Lakers,2025-10-27T01:53:43Z
Cleveland Cavaliers @ Detroit Pistons,NBA,Detroit Pistons,2025-10-27 23:13:09,FanDuel,2.4,2.45,0.1538461538461537,Cleveland Cavaliers,2025-10-27T23:30:49Z
Boston Celtics @ New Orleans Pelicans,NBA,New Orleans Pelicans,2025-10-28 00:10:51,BetMGM,7.25,2.02,0.0507246376811594,Boston Celtics,2025-10-28T01:43:34Z
Toronto Blue Jays @ Los Angeles Dodgers,MLB,Toronto Blue Jays,2025-10-28 00:06:00,BetMGM,3.3,2.22,0.2992125984251966,Los Angeles Dodgers,2025-10-28T05:57:11Z
Philadelphia 76ers @ Washington Wizards,NBA,Washington Wizards,2025-10-28 23:11:00,Caesars,2.85,2.7,0.0401459854014598,Philadelphia 76ers,2025-10-28T23:20:17Z
LG Twins @ Hanwha Eagles,KBO,LG Twins,2025-10-29 09:30:00,BetMGM,2.55,2.11,0.0450819672131147,Hanwha Eagles,2025-10-29T08:31:30Z
Indiana Pacers @ Dallas Mavericks,NBA,Indiana Pacers,2025-10-30 00:41:00,FanDuel,16.0,3.36,1.0151133501259446,Dallas Mavericks,2025-10-30T03:04:03Z
Memphis Grizzlies @ Phoenix Suns,NBA,Phoenix Suns,2025-10-30 02:10:00,DraftKings,3.1,2.34,0.1742424242424243,Memphis Grizzlies,2025-10-30T03:47:26Z
LG Twins @ Hanwha Eagles,KBO,LG Twins,2025-10-30 09:30:00,BetMGM,2.05,4.5,0.0406091370558373,LG Twins,2025-10-30T07:50:54Z
Golden State Warriors @ Milwaukee Bucks,NBA,Milwaukee Bucks,2025-10-31 00:13:00,Caesars,3.8,3.49,0.371841155234657,Milwaukee Bucks,2025-10-31T01:46:28Z
LG Twins @ Hanwha Eagles,KBO,Hanwha Eagles,2025-10-31 09:31:00,DraftKings,3.9,2.27,0.2499999999999999,LG Twins,2025-10-31T11:18:31Z
Colorado Avalanche @ Vegas Golden Knights,NHL,Vegas Golden Knights,2025-10-31 20:08:31,BetMGM,16.0,5.0,1.48062015503876,Colorado Avalanche,2025-10-31T22:20:36Z
Boston Celtics @ Philadelphia 76ers,NBA,Philadelphia 76ers,2025-10-31 23:12:51,DraftKings,6.75,2.2,0.2523191094619667,Boston Celtics,2025-10-31T23:54:50Z
Los Angeles Lakers @ Memphis Grizzlies,NBA,Los Angeles Lakers,2025-11-01 01:42:49,DraftKings,2.1,5.62,0.0552763819095476,Los Angeles Lakers,2025-11-01T01:49:55Z
New Orleans Pelicans @ Los Angeles Clippers,NBA,New Orleans Pelicans,2025-11-01 02:40:17,Caesars,8.0,3.29,0.4571948998178506,Los Angeles Clippers,2025-11-01T03:59:13Z
Denver Nuggets @ Portland Trail Blazers,NBA,Denver Nuggets,2025-11-01 02:12:20,FanDuel,2.06,4.72,0.3552631578947369,Portland Trail Blazers,2025-11-01T04:47:23Z
Wolverhampton Wanderers @ Fulham,EPL,Wolverhampton Wanderers,2025-11-01 15:01:00,FanDuel,11.0,2.26,0.0679611650485436,Fulham,2025-11-01T15:18:54Z
Chelsea @ Tottenham Hotspur,EPL,Tottenham Hotspur,2025-11-01 17:30:00,DraftKings,10.0,3.21,0.0834236186348863,Chelsea,2025-11-01T18:28:01Z
New Mexico State Aggies @ Western Kentucky Hilltoppers,NCAAF,New Mexico State Aggies,2025-11-01 19:32:21,FanDuel,4.4,3.06,0.1671087533156501,Western Kentucky Hilltoppers,2025-11-01T19:40:21Z
Virginia Cavaliers @ California Golden Bears,NCAAF,California Golden Bears,2025-11-01 19:50:00,FanDuel,3.8,2.28,0.1949685534591193,Virginia Cavaliers,2025-11-01T19:55:11Z
Aston Villa @ Liverpool,EPL,Liverpool,2025-11-01 20:01:00,Caesars,1.95,2.39,0.2745098039215686,Liverpool,2025-11-01T20:49:54Z
Colorado Avalanche @ San Jose Sharks,NHL,Colorado Avalanche,2025-11-01 20:08:27,Caesars,1.91,5.67,0.1863354037267079,San Jose Sharks,2025-11-01T21:27:38Z
Sacramento Kings @ Milwaukee Bucks,NBA,Sacramento Kings,2025-11-01 21:11:00,BetMGM,5.75,3.57,0.0511882998171846,Sacramento Kings,2025-11-01T21:59:32Z
Chicago Blackhawks @ Edmonton Oilers,NHL,Chicago Blackhawks,2025-11-02 02:11:40,BetMGM,5.0,2.24,0.3661202185792348,Edmonton Oilers,2025-11-02T03:07:44Z
Newcastle United @ West Ham United,EPL,Newcastle United,2025-11-02 14:00:00,Fanatics,401.0,2.62,5.443837377470673,West Ham United,2025-11-02T15:56:02Z
Bournemouth @ Manchester City,EPL,Bournemouth,2025-11-02 16:30:00,FanDuel,19.0,2.08,0.4179104477611939,Manchester City,2025-11-02T16:49:50Z
Atlanta Falcons @ New England Patriots,NFL,Atlanta Falcons,2025-11-02 18:02:21,FanDuel,6.4,2.21,0.1962616822429908,New England Patriots,2025-11-02T18:51:05Z
New Orleans Pelicans @ Oklahoma City Thunder,NBA,New Orleans Pelicans,2025-11-02 20:30:00,BetMGM,6.75,3.15,0.0497667185069984,Oklahoma City Thunder,2025-11-02T20:21:39Z
Carolina Panthers @ Green Bay Packers,NFL,Green Bay Packers,2025-11-02 18:02:52,FanDuel,2.68,2.7,0.0894308943089431,Carolina Panthers,2025-11-02T20:34:37Z
Denver Broncos @ Houston Texans,NFL,Houston Texans,2025-11-02 18:02:56,Caesars,2.25,2.02,0.125,Denver Broncos,2025-11-02T20:43:01Z
New Orleans Saints @ Los Angeles Rams,NFL,New Orleans Saints,2025-11-02 21:05:18,Caesars,23.0,2.53,0.5312916111850867,Los Angeles Rams,2025-11-02T21:28:55Z
Kansas City Chiefs @ Buffalo Bills,NFL,Kansas City Chiefs,2025-11-02 21:25:35,BetMGM,2.65,3.51,0.0642570281124496,Buffalo Bills,2025-11-02T21:40:26Z
Tampa Bay Lightning @ Utah Mammoth,NHL,Tampa Bay Lightning,2025-11-02 20:38:50,Caesars,1.95,2.02,0.0372340425531914,Tampa Bay Lightning,2025-11-02T22:42:56Z
Atlanta Hawks @ Cleveland Cavaliers,NBA,Atlanta Hawks,2025-11-02 23:11:08,FanDuel,4.9,2.29,0.1583924349881796,Cleveland Cavaliers,2025-11-02T23:41:10Z
Miami Heat @ Los Angeles Lakers,NBA,Miami Heat,2025-11-03 02:40:41,Caesars,5.5,3.6,0.1930585683297178,Los Angeles Lakers,2025-11-03T04:31:11Z
Arizona Cardinals @ Dallas Cowboys,NFL,Arizona Cardinals,2025-11-04 01:15:45,Caesars,2.2,2.34,0.1,Arizona Cardinals,2025-11-04T01:47:09Z
Los Angeles Lakers @ Portland Trail Blazers,NBA,Portland Trail Blazers,2025-11-04 03:12:00,Caesars,1.18,2.7,0.0260869565217391,Los Angeles Lakers,2025-11-04T03:46:03Z
Miami Heat @ Los Angeles Clippers,NBA,Miami Heat,2025-11-04 03:41:00,Caesars,2.95,2.44,0.0845588235294118,Miami Heat,2025-11-04T03:46:03Z
Louisiana Tech Bulldogs @ Nevada Wolf Pack,NCAAB,Louisiana Tech Bulldogs,2025-11-05 03:00:00,FanDuel,4.85,4.72,0.0232067510548521,Nevada Wolf Pack,2025-11-05T01:48:15Z
Philadelphia 76ers @ Chicago Bulls,NBA,Chicago Bulls,2025-11-05 01:11:00,DraftKings,6.75,2.99,0.1440677966101694,Chicago Bulls,2025-11-05T01:48:15Z
Southern Utah Thunderbirds @ Arizona St Sun Devils,NCAAB,Southern Utah Thunderbirds,2025-11-05 02:00:00,FanDuel,13.0,2.86,0.0399999999999999,Arizona St Sun Devils,2025-11-05T01:48:15Z
Portland St Vikings @ Stanford Cardinal,NCAAB,Stanford Cardinal,2025-11-05 03:00:00,Caesars,1.31,4.38,0.0314960629921259,Stanford Cardinal,2025-11-05T03:04:12Z
South Carolina Upstate Spartans @ Fresno St Bulldogs,NCAAB,South Carolina Upstate Spartans,2025-11-06 02:00:00,FanDuel,5.4,3.6,0.0305343511450381,South Carolina Upstate Spartans,2025-11-06T01:53:17Z
Los Angeles Clippers @ Phoenix Suns,NBA,Phoenix Suns,2025-11-07 02:10:37,DraftKings,2.45,4.72,0.079295154185022,Phoenix Suns,2025-11-07T03:03:16Z
Wright St Raiders @ California Golden Bears,NCAAB,Wright St Raiders,2025-11-07 03:01:44,DraftKings,16.0,4.22,0.4324082363473588,California Golden Bears,2025-11-07T03:48:10Z
Chicago Bulls @ Milwaukee Bucks,NBA,Chicago Bulls,2025-11-08 01:11:00,DraftKings,2.7,3.37,0.0546875000000001,Milwaukee Bucks,2025-11-08T01:41:45Z
Houston Cougars @ UCF Knights,NCAAF,Houston Cougars,2025-11-08 01:15:30,DraftKings,2.8,3.91,0.0937499999999998,Houston Cougars,2025-11-08T02:51:21Z
Northwestern Wildcats @ USC Trojans,NCAAF,USC Trojans,2025-11-08 02:05:56,Caesars,1.25,4.38,0.0245901639344262,USC Trojans,2025-11-08T03:28:14Z
Burnley @ West Ham United,EPL,Draw,2025-11-08 15:00:00,Caesars,3.2,3.88,0.1072664359861591,West Ham United,2025-11-08T15:48:27Z
SMU Mustangs @ Boston College Eagles,NCAAF,Boston College Eagles,2025-11-08 16:58:00,Fanatics,10.5,3.53,0.8987341772151899,SMU Mustangs,2025-11-08T17:17:29Z
BYU Cougars @ Texas Tech Red Raiders,NCAAF,BYU Cougars,2025-11-08 17:08:25,DraftKings,6.5,3.27,0.2452107279693487,Texas Tech Red Raiders,2025-11-08T17:17:29Z
Indiana Hoosiers @ Penn State Nittany Lions,NCAAF,Penn State Nittany Lions,2025-11-08 17:10:46,Caesars,5.3,2.51,0.1205073995771668,Indiana Hoosiers,2025-11-08T17:17:29Z
Alabama Crimson Tide @ St. John's Red Storm,NCAAB,St. John's Red Storm,2025-11-08 17:01:34,Caesars,1.62,2.11,0.0253164556962025,Alabama Crimson Tide,2025-11-08T17:17:29Z
Georgia Bulldogs @ Mississippi State Bulldogs,NCAAF,Mississippi State Bulldogs,2025-11-08 16:54:00,DraftKings,3.8,2.09,0.1275964391691394,Georgia Bulldogs,2025-11-08T17:30:58Z
Arsenal @ Sunderland,EPL,Sunderland,2025-11-08 17:30:00,FanDuel,8.5,2.08,0.0625,Draw,2025-11-08T17:40:37Z
Marshall Thundering Herd @ Toledo Rockets,NCAAB,Marshall Thundering Herd,2025-11-08 19:02:01,Caesars,3.6,3.6,0.3235294117647058,Marshall Thundering Herd,2025-11-08T19:16:25Z
South Florida Bulls @ GW Revolutionaries,NCAAB,South Florida Bulls,2025-11-08 18:32:59,Fanatics,1.69,2.61,0.0304878048780487,GW Revolutionaries,2025-11-08T19:16:25Z
Temple Owls @ Army Black Knights,NCAAF,Temple Owls,2025-11-08 17:04:00,FanDuel,12.0,3.77,0.8126888217522658,Army Black Knights,2025-11-08T19:50:51Z
Duke Blue Devils @ UConn Huskies,NCAAF,Duke Blue Devils,2025-11-08 20:35:00,Caesars,1.31,3.6,0.0314960629921259,UConn Huskies,2025-11-08T20:42:50Z
Kansas Jayhawks @ Arizona Wildcats,NCAAF,Kansas Jayhawks,2025-11-08 20:38:00,Caesars,2.85,3.0,0.0754716981132076,Arizona Wildcats,2025-11-08T20:42:50Z
Wolverhampton Wanderers @ Chelsea,EPL,Draw,2025-11-08 20:01:00,FanDuel,7.5,2.02,0.1942675159235667,Chelsea,2025-11-08T21:17:54Z
Washington Huskies @ Wisconsin Badgers,NCAAF,Wisconsin Badgers,2025-11-08 17:59:00,FanDuel,4.9,3.29,0.0769230769230769,Wisconsin Badgers,2025-11-08T21:47:55Z
Oregon Ducks @ Iowa Hawkeyes,NCAAF,Iowa Hawkeyes,2025-11-08 16:50:00,Caesars,7.4,3.93,0.3627992633517496,Oregon Ducks,2025-11-08T23:30:31Z
Sam Houston State Bearkats @ Oregon State Beavers,NCAAF,Sam Houston State Bearkats,2025-11-09 03:05:00,FanDuel,12.0,4.64,0.2036108324974923,Sam Houston State Bearkats,2025-11-09T03:05:52Z
Portland Trail Blazers @ Miami Heat,NBA,Portland Trail Blazers,2025-11-09 01:12:00,FanDuel,2.18,2.17,0.0531400966183576,Miami Heat,2025-11-09T03:05:52Z
Indiana Pacers @ Denver Nuggets,NBA,Indiana Pacers,2025-11-09 02:11:00,FanDuel,10.0,2.02,0.2195121951219513,Denver Nuggets,2025-11-09T03:49:45Z
Phoenix Suns @ Los Angeles Clippers,NBA,Los Angeles Clippers,2025-11-09 03:42:42,FanDuel,3.65,2.18,0.0428571428571428,Phoenix Suns,2025-11-09T04:55:29Z
Leeds United @ Nottingham Forest,EPL,Leeds United,2025-11-09 14:01:00,DraftKings,4.9,4.23,0.0515021459227469,Nottingham Forest,2025-11-09T14:48:47Z
Newcastle United @ Brentford,EPL,Brentford,2025-11-09 14:00:00,DraftKings,7.5,2.02,0.0445682451253482,Brentford,2025-11-09T14:56:24Z
Brighton and Hove Albion @ Crystal Palace,EPL,Crystal Palace,2025-11-09 14:00:00,FanDuel,5.6,3.04,0.1313131313131311,Draw,2025-11-09T15:40:44Z
North Carolina Central Eagles @ Appalachian St Mountaineers,NCAAB,North Carolina Central Eagles,2025-11-09 18:00:00,FanDuel,5.7,2.95,0.0458715596330274,Appalachian St Mountaineers,2025-11-09T17:17:19Z
Atlanta Falcons @ Indianapolis Colts,NFL,Atlanta Falcons,2025-11-09 14:35:08,DraftKings,2.7,2.53,0.0931174089068826,Indianapolis Colts,2025-11-09T17:40:54Z
Liverpool @ Manchester City,EPL,Liverpool,2025-11-09 16:30:00,Fanatics,51.0,2.61,0.3877551020408163,Manchester City,2025-11-09T17:48:40Z
Marist Red Foxes @ Dartmouth Big Green,NCAAB,Dartmouth Big Green,2025-11-09 19:04:22,DraftKings,3.6,3.01,0.3953488372093023,Marist Red Foxes,2025-11-09T19:16:22Z
New Orleans Saints @ Carolina Panthers,NFL,Carolina Panthers,2025-11-09 18:02:43,BetMGM,2.1,2.7,0.065989847715736,New Orleans Saints,2025-11-09T19:16:22Z
Baltimore Ravens @ Minnesota Vikings,NFL,Minnesota Vikings,2025-11-09 18:02:49,FanDuel,1.88,2.17,0.0273224043715845,Baltimore Ravens,2025-11-09T19:16:22Z
Buffalo Bills @ Miami Dolphins,NFL,Buffalo Bills,2025-11-09 18:03:02,FanDuel,3.2,4.72,0.1940298507462686,Miami Dolphins,2025-11-09T19:25:19Z
Jacksonville Jaguars @ Houston Texans,NFL,Houston Texans,2025-11-09 18:03:20,Caesars,10.0,3.51,0.2870012870012869,Houston Texans,2025-11-09T19:25:19Z
New York Giants @ Chicago Bears,NFL,Chicago Bears,2025-11-09 18:03:06,FanDuel,2.0,3.04,0.0309278350515465,Chicago Bears,2025-11-09T19:34:05Z
Texas A&M Aggies @ Oklahoma St Cowboys,NCAAB,Oklahoma St Cowboys,2025-11-09 19:00:00,Fanatics,1.36,3.1,0.0303030303030303,Oklahoma St Cowboys,2025-11-09T19:56:26Z
Los Angeles Kings @ Pittsburgh Penguins,NHL,Los Angeles Kings,2025-11-09 19:08:18,FanDuel,3.1,2.7,0.0231023102310231,Los Angeles Kings,2025-11-09T20:44:00Z
New England Patriots @ Tampa Bay Buccaneers,NFL,New England Patriots,2025-11-09 18:02:16,Fanatics,1.87,2.32,0.0331491712707183,New England Patriots,2025-11-09T20:51:09Z
Detroit Lions @ Washington Commanders,NFL,Washington Commanders,2025-11-09 21:25:00,DraftKings,4.8,4.05,0.0322580645161288,Detroit Lions,2025-11-09T20:58:54Z
Houston Rockets @ Milwaukee Bucks,NBA,Houston Rockets,2025-11-09 20:40:57,Caesars,2.75,2.85,0.211453744493392,Houston Rockets,2025-11-09T21:29:13Z
Oklahoma City Thunder @ Memphis Grizzlies,NBA,Memphis Grizzlies,2025-11-09 23:11:00,DraftKings,7.0,2.7,0.238938053097345,Oklahoma City Thunder,2025-11-09T23:19:44Z
Brooklyn Nets @ New York Knicks,NBA,Brooklyn Nets,2025-11-09 23:11:45,DraftKings,16.0,2.25,0.4184397163120567,New York Knicks,2025-11-09T23:19:44Z
Colorado Avalanche @ Vancouver Canucks,NHL,Colorado Avalanche,2025-11-10 03:08:07,Caesars,1.5,4.22,0.0714285714285714,Colorado Avalanche,2025-11-10T03:21:47Z
San Antonio Spurs @ Chicago Bulls,NBA,Chicago Bulls,2025-11-11 01:11:00,Caesars,3.6,2.7,0.1180124223602483,San Antonio Spurs,2025-11-11T01:49:23Z
Minnesota Timberwolves @ Utah Jazz,NBA,Utah Jazz,2025-11-11 02:11:03,Caesars,3.4,3.85,0.1447811447811446,Minnesota Timberwolves,2025-11-11T03:06:09Z
Milwaukee Bucks @ Dallas Mavericks,NBA,Dallas Mavericks,2025-11-11 01:40:21,BetMGM,6.5,3.37,0.6971279373368144,Milwaukee Bucks,2025-11-11T03:51:36Z
Atlanta Hawks @ Los Angeles Clippers,NBA,Atlanta Hawks,2025-11-11 03:41:27,Caesars,3.8,3.37,0.1515151515151515,Atlanta Hawks,2025-11-11T03:51:36Z
Iona Gaels @ UMKC Kangaroos,NCAAB,UMKC Kangaroos,2025-11-11 18:00:00,Caesars,2.96,2.16,0.0206896551724138,Iona Gaels,2025-11-11T16:29:38Z
Real Madrid @ Valencia Basket,Basketball Euroleague,Valencia Basket,2025-11-11 19:30:00,BetMGM,2.54,4.86,0.0901287553648069,Valencia Basket,2025-11-11T19:40:54Z
Golden State Warriors @ Oklahoma City Thunder,NBA,Golden State Warriors,2025-11-12 01:10:50,DraftKings,10.0,2.53,0.4144271570014144,Oklahoma City Thunder,2025-11-12T01:48:24Z
Boston Celtics @ Philadelphia 76ers,NBA,Philadelphia 76ers,2025-11-12 01:12:54,FanDuel,3.8,4.53,0.3475177304964539,Philadelphia 76ers,2025-11-12T03:04:42Z
Anaheim Ducks @ Colorado Avalanche,NHL,Colorado Avalanche,2025-11-12 02:53:41,Caesars,1.56,2.51,0.0399999999999999,Colorado Avalanche,2025-11-12T03:50:18Z
Ohio Bobcats @ Western Michigan Broncos,NCAAF,Ohio Bobcats,2025-11-12 01:06:00,Caesars,8.5,2.09,1.0094562647754135,Western Michigan Broncos,2025-11-12T03:50:18Z
Calgary Flames @ St Louis Blues,NHL,Calgary Flames,2025-11-12 01:10:04,DraftKings,17.0,2.0,0.5356820234869015,St Louis Blues,2025-11-12T03:50:18Z
Columbus Blue Jackets @ Seattle Kraken,NHL,Columbus Blue Jackets,2025-11-12 03:11:51,FanDuel,3.2,3.71,0.0958904109589041,Columbus Blue Jackets,2025-11-12T04:02:09Z
Denver Nuggets @ Sacramento Kings,NBA,Sacramento Kings,2025-11-12 04:12:47,Caesars,5.0,3.65,0.075268817204301,Denver Nuggets,2025-11-12T04:33:18Z
Winnipeg Jets @ Vancouver Canucks,NHL,Vancouver Canucks,2025-11-12 03:09:08,DraftKings,21.0,2.47,0.8850987432675045,Winnipeg Jets,2025-11-12T05:23:28Z
Phoenix Suns @ Dallas Mavericks,NBA,Dallas Mavericks,2025-11-13 01:41:00,Caesars,2.1,3.71,0.0880829015544043,Phoenix Suns,2025-11-13T01:50:13Z
Golden State Warriors @ San Antonio Spurs,NBA,Golden State Warriors,2025-11-13 01:11:00,FanDuel,4.4,2.16,0.1195928753180662,Golden State Warriors,2025-11-13T01:50:13Z
Montana St Bobcats @ Stanford Cardinal,NCAAB,Montana St Bobcats,2025-11-13 03:01:55,FanDuel,11.0,3.75,0.2746234067207416,Stanford Cardinal,2025-11-13T03:07:18Z
North Texas Mean Green @ Oregon St Beavers,NCAAB,Oregon St Beavers,2025-11-13 02:32:49,FanDuel,2.32,3.32,0.0593607305936072,Oregon St Beavers,2025-11-13T03:07:18Z
Los Angeles Lakers @ Oklahoma City Thunder,NBA,Los Angeles Lakers,2025-11-13 02:48:00,Caesars,5.5,2.51,0.0617760617760618,Oklahoma City Thunder,2025-11-13T03:07:18Z
Portland St Vikings @ San Francisco Dons,NCAAB,Portland St Vikings,2025-11-13 03:01:24,Fanatics,9.0,2.51,0.2064343163538874,San Francisco Dons,2025-11-13T03:07:18Z
Tulsa Golden Hurricane @ Oral Roberts Golden Eagles,NCAAB,Oral Roberts Golden Eagles,2025-11-13 01:05:01,Caesars,2.45,2.25,0.2760416666666668,Tulsa Golden Hurricane,2025-11-13T03:07:18Z
Denver Nuggets @ Los Angeles Clippers,NBA,Los Angeles Clippers,2025-11-13 03:40:00,Fanatics,2.9,4.38,0.070110701107011,Denver Nuggets,2025-11-13T03:53:27Z
Central Michigan Chippewas @ South Alabama Jaguars,NCAAB,Central Michigan Chippewas,2025-11-13 16:00:00,FanDuel,3.35,2.06,0.046875,South Alabama Jaguars,2025-11-13T13:48:32Z
New York Islanders @ Vegas Golden Knights,NHL,Vegas Golden Knights,2025-11-14 03:08:36,FanDuel,5.5,2.45,0.1201629327902239,New York Islanders,2025-11-14T04:36:14Z
Winnipeg Jets @ Seattle Kraken,NHL,Winnipeg Jets,2025-11-14 03:09:36,FanDuel,5.0,2.61,0.557632398753894,Seattle Kraken,2025-11-14T05:22:47Z
Coppin St Eagles @ Central Michigan Chippewas,NCAAB,Coppin St Eagles,2025-11-14 16:00:00,BetMGM,5.5,4.53,0.0318949343339586,Central Michigan Chippewas,2025-11-14T14:39:12Z
Los Angeles Clippers @ Dallas Mavericks,NBA,Dallas Mavericks,2025-11-15 01:41:00,FanDuel,3.15,3.15,0.1753731343283581,Los Angeles Clippers,2025-11-15T01:44:53Z
UCF Knights @ Texas A&M Aggies,NCAAB,Texas A&M Aggies,2025-11-15 01:04:00,Fanatics,9.0,2.74,0.4469453376205787,UCF Knights,2025-11-15T02:59:22Z
Charlotte Hornets @ Milwaukee Bucks,NBA,Milwaukee Bucks,2025-11-15 01:11:00,Caesars,1.26,4.99,0.0413223140495868,Milwaukee Bucks,2025-11-15T03:40:47Z
Michigan Wolverines @ TCU Horned Frogs,NCAAB,Michigan Wolverines,2025-11-15 02:04:00,Fanatics,2.5,2.79,0.1415525114155251,Michigan Wolverines,2025-11-15T03:40:47Z
New York Islanders @ Utah Mammoth,NHL,New York Islanders,2025-11-15 02:08:53,DraftKings,5.2,2.66,0.1040339702760084,New York Islanders,2025-11-15T03:40:47Z
Golden State Warriors @ San Antonio Spurs,NBA,San Antonio Spurs,2025-11-15 02:45:00,Caesars,1.91,3.22,0.0611111111111111,Golden State Warriors,2025-11-15T04:26:09Z
South Florida Bulls @ Navy Midshipmen,NCAAF,South Florida Bulls,2025-11-15 17:05:00,FanDuel,1.63,2.6,0.0794701986754967,Navy Midshipmen,2025-11-15T17:17:05Z
Kansas State Wildcats @ Oklahoma State Cowboys,NCAAF,Oklahoma State Cowboys,2025-11-15 17:10:00,FanDuel,9.0,2.25,0.0404624277456646,Kansas State Wildcats,2025-11-15T17:17:05Z
Notre Dame Fighting Irish @ Pittsburgh Panthers,NCAAF,Pittsburgh Panthers,2025-11-15 16:49:00,Caesars,6.0,2.09,0.1952191235059762,Notre Dame Fighting Irish,2025-11-15T17:17:05Z
Michigan Wolverines @ Northwestern Wildcats,NCAAF,Northwestern Wildcats,2025-11-15 16:52:00,Fanatics,4.15,4.67,0.0559796437659034,Michigan Wolverines,2025-11-15T17:40:24Z
Butler Bulldogs @ SMU Mustangs,NCAAB,Butler Bulldogs,2025-11-15 19:00:00,FanDuel,4.1,4.18,0.0275689223057642,SMU Mustangs,2025-11-15T18:28:53Z
Arizona Wildcats @ Cincinnati Bearcats,NCAAF,Arizona Wildcats,2025-11-15 16:55:00,FanDuel,3.4,3.15,0.0365853658536585,Arizona Wildcats,2025-11-15T18:55:11Z
South Carolina Gamecocks @ Texas A&M Aggies,NCAAF,Texas A&M Aggies,2025-11-15 16:51:00,BetMGM,9.5,2.02,0.1742892459826946,Texas A&M Aggies,2025-11-15T18:55:11Z
Arkansas Razorbacks @ LSU Tigers,NCAAF,Arkansas Razorbacks,2025-11-15 16:53:00,Caesars,2.9,2.02,0.039426523297491,LSU Tigers,2025-11-15T19:48:41Z
Georgia Tech Yellow Jackets @ Boston College Eagles,NCAAF,Boston College Eagles,2025-11-15 20:30:00,FanDuel,7.1,2.64,0.0245310245310246,Georgia Tech Yellow Jackets,2025-11-15T20:22:30Z
Virginia Cavaliers @ Duke Blue Devils,NCAAF,Virginia Cavaliers,2025-11-15 20:30:00,FanDuel,2.94,2.56,0.0315789473684209,Virginia Cavaliers,2025-11-15T20:22:30Z
Maryland Terrapins @ Marquette Golden Eagles,NCAAB,Maryland Terrapins,2025-11-15 19:00:00,Fanatics,1.87,4.16,0.0331491712707183,Maryland Terrapins,2025-11-15T20:51:47Z
Oklahoma Sooners @ Alabama Crimson Tide,NCAAF,Alabama Crimson Tide,2025-11-15 17:49:00,FanDuel,1.87,2.08,0.0505617977528091,Oklahoma Sooners,2025-11-15T20:59:18Z
Memphis Tigers @ East Carolina Pirates,NCAAF,East Carolina Pirates,2025-11-15 18:10:00,FanDuel,1.94,2.64,0.0486486486486484,East Carolina Pirates,2025-11-15T21:18:32Z
Memphis Grizzlies @ Cleveland Cavaliers,NBA,Memphis Grizzlies,2025-11-15 22:10:00,Caesars,5.3,2.7,0.0231660231660232,Cleveland Cavaliers,2025-11-15T21:40:24Z
Iowa Hawkeyes @ USC Trojans,NCAAF,USC Trojans,2025-11-15 18:00:00,FanDuel,3.15,3.15,0.1091549295774647,USC Trojans,2025-11-15T21:48:09Z
Penn State Nittany Lions @ Michigan State Spartans,NCAAF,Michigan State Spartans,2025-11-15 18:00:00,Caesars,4.5,2.53,0.0638297872340425,Penn State Nittany Lions,2025-11-15T22:42:00Z
Maryland Terrapins @ Illinois Fighting Illini,NCAAF,Maryland Terrapins,2025-11-15 18:00:00,BetMGM,23.0,2.7,0.4810045074050226,Illinois Fighting Illini,2025-11-15T22:49:52Z
Louisiana Tech Bulldogs @ Washington State Cougars,NCAAF,Louisiana Tech Bulldogs,2025-11-16 03:11:00,BetMGM,7.0,2.7,0.3565891472868215,Washington State Cougars,2025-11-16T03:20:55Z
Utah Tech Trailblazers @ Hawai'i Rainbow Warriors,NCAAB,Utah Tech Trailblazers,2025-11-16 05:00:00,Fanatics,14.0,3.14,0.1049723756906076,Hawai'i Rainbow Warriors,2025-11-16T04:55:18Z
Winnipeg Jets @ Calgary Flames,NHL,Calgary Flames,2025-11-16 03:10:55,DraftKings,2.7,2.88,0.1688311688311689,Winnipeg Jets,2025-11-16T05:55:32Z
Wright St Raiders @ Kent State Golden Flashes,NCAAB,Wright St Raiders,2025-11-16 17:00:00,FanDuel,2.84,2.7,0.0252707581227437,Kent State Golden Flashes,2025-11-16T16:59:14Z
Notre Dame Fighting Irish @ Ohio State Buckeyes,NCAAB,Ohio State Buckeyes,2025-11-16 17:30:00,Fanatics,1.67,2.61,0.0503144654088049,Ohio State Buckeyes,2025-11-16T17:56:47Z
Los Angeles Clippers @ Boston Celtics,NBA,Los Angeles Clippers,2025-11-16 20:40:41,FanDuel,3.85,3.04,0.1224489795918366,Boston Celtics,2025-11-16T20:47:32Z
Seattle Seahawks @ Los Angeles Rams,NFL,Seattle Seahawks,2025-11-16 21:05:30,Fanatics,2.9,3.06,0.0861423220973783,Los Angeles Rams,2025-11-16T21:19:32Z
Sacramento Kings @ San Antonio Spurs,NBA,Sacramento Kings,2025-11-16 21:10:34,DraftKings,7.5,2.53,0.141552511415525,San Antonio Spurs,2025-11-16T21:40:42Z
San Francisco 49ers @ Arizona Cardinals,NFL,Arizona Cardinals,2025-11-16 21:05:27,FanDuel,8.5,3.37,0.1440107671601616,San Francisco 49ers,2025-11-16T22:35:29Z
Kansas City Chiefs @ Denver Broncos,NFL,Denver Broncos,2025-11-16 21:25:21,BetMGM,3.1,2.15,0.0231023102310231,Denver Broncos,2025-11-16T22:44:53Z
Vegas Golden Knights @ Minnesota Wild,NHL,Minnesota Wild,2025-11-16 23:08:52,Caesars,1.95,4.38,0.0773480662983425,Minnesota Wild,2025-11-16T23:20:00Z
Baltimore Ravens @ Cleveland Browns,NFL,Cleveland Browns,2025-11-16 21:25:20,Caesars,3.4,4.54,0.2830188679245283,Baltimore Ravens,2025-11-16T23:42:12Z
New York Islanders @ Colorado Avalanche,NHL,New York Islanders,2025-11-17 02:12:04,DraftKings,5.5,2.25,0.0318949343339586,Colorado Avalanche,2025-11-17T03:54:14Z
Milwaukee Bucks @ Cleveland Cavaliers,NBA,Milwaukee Bucks,2025-11-18 00:12:55,Caesars,5.0,4.14,0.149425287356322,Cleveland Cavaliers,2025-11-18T01:47:57Z
Vancouver Canucks @ Florida Panthers,NHL,Vancouver Canucks,2025-11-18 00:08:43,DraftKings,17.0,4.09,0.1854951185495118,Florida Panthers,2025-11-18T01:47:57Z
New York Knicks @ Miami Heat,NBA,New York Knicks,2025-11-18 00:41:48,FanDuel,2.54,2.23,0.049586776859504,Miami Heat,2025-11-18T01:47:57Z
Los Angeles Kings @ Washington Capitals,NHL,Los Angeles Kings,2025-11-18 00:08:28,FanDuel,4.0,2.16,0.0282776349614395,Washington Capitals,2025-11-18T01:47:57Z
Carolina Hurricanes @ Boston Bruins,NHL,Boston Bruins,2025-11-18 00:08:29,DraftKings,13.0,2.15,0.1120615911035072,Carolina Hurricanes,2025-11-18T01:47:57Z
Oregon St Beavers @ Oregon Ducks,NCAAB,Oregon St Beavers,2025-11-18 03:00:00,FanDuel,9.6,2.13,0.0389610389610388,Oregon Ducks,2025-11-18T01:47:57Z
Dallas Cowboys @ Las Vegas Raiders,NFL,Las Vegas Raiders,2025-11-18 01:16:39,DraftKings,15.0,2.01,0.1152416356877323,Dallas Cowboys,2025-11-18T03:04:48Z
Chicago Bulls @ Denver Nuggets,NBA,Denver Nuggets,2025-11-18 02:11:00,Fanatics,2.85,2.54,0.1632653061224489,Chicago Bulls,2025-11-18T03:50:42Z
CSU Bakersfield Roadrunners @ Portland St Vikings,NCAAB,CSU Bakersfield Roadrunners,2025-11-18 03:05:00,DraftKings,4.4,2.1,0.1253196930946293,Portland St Vikings,2025-11-18T04:47:54Z
American Eagles @ Rutgers Scarlet Knights,NCAAB,Rutgers Scarlet Knights,2025-11-18 23:31:31,Caesars,1.36,2.36,0.0542635658914728,Rutgers Scarlet Knights,2025-11-18T23:55:51Z
Detroit Pistons @ Atlanta Hawks,NBA,Atlanta Hawks,2025-11-19 00:41:00,Caesars,5.2,2.56,0.0216110019646367,Detroit Pistons,2025-11-19T01:48:04Z
Memphis Grizzlies @ San Antonio Spurs,NBA,Memphis Grizzlies,2025-11-19 01:13:00,FanDuel,2.38,2.19,0.0577777777777777,San Antonio Spurs,2025-11-19T03:04:02Z
Stephen F. Austin Lumberjacks @ Fresno St Bulldogs,NCAAB,Fresno St Bulldogs,2025-11-19 02:06:40,Caesars,7.7,3.4,2.333333333333333,Fresno St Bulldogs,2025-11-19T03:49:16Z
Kansas Jayhawks @ Duke Blue Devils,NCAAB,Kansas Jayhawks,2025-11-19 02:10:07,Caesars,12.0,2.34,0.4134275618374556,Duke Blue Devils,2025-11-19T03:49:16Z
Phoenix Suns @ Portland Trail Blazers,NBA,Portland Trail Blazers,2025-11-19 04:14:00,FanDuel,2.42,2.63,0.03862660944206,Phoenix Suns,2025-11-19T04:56:41Z
Harvard Crimson @ Penn State Nittany Lions,NCAAB,Harvard Crimson,2025-11-19 23:30:00,DraftKings,8.0,3.54,0.0389610389610388,Penn State Nittany Lions,2025-11-19T21:29:26Z
Charlotte Hornets @ Indiana Pacers,NBA,Charlotte Hornets,2025-11-20 00:10:19,DraftKings,21.0,4.05,0.4046822742474916,Indiana Pacers,2025-11-20T01:46:51Z
Miami (OH) RedHawks @ Buffalo Bulls,NCAAF,Buffalo Bulls,2025-11-20 00:05:00,Caesars,5.5,2.45,0.1956521739130436,Miami (OH) RedHawks,2025-11-20T01:46:51Z
Chicago Bulls @ Portland Trail Blazers,NBA,Portland Trail Blazers,2025-11-20 03:11:00,BetMGM,3.6,4.51,0.25,Chicago Bulls,2025-11-20T04:00:35Z
Alabama Crimson Tide @ Illinois Fighting Illini,NCAAB,Illinois Fighting Illini,2025-11-20 02:16:10,FanDuel,4.2,2.02,0.1320754716981131,Alabama Crimson Tide,2025-11-20T04:00:35Z
New York Knicks @ Dallas Mavericks,NBA,Dallas Mavericks,2025-11-20 02:48:08,Caesars,3.6,4.34,0.358490566037736,New York Knicks,2025-11-20T04:46:31Z
Southern Indiana Screaming Eagles @ Incarnate Word Cardinals,NCAAB,Southern Indiana Screaming Eagles,2025-11-20 17:31:05,Caesars,5.5,4.15,0.1133603238866396,Incarnate Word Cardinals,2025-11-20T17:44:25Z
Purdue Boilermakers @ Memphis Tigers,NCAAB,Memphis Tigers,2025-11-20 23:00:00,FanDuel,10.8,3.02,0.08,Purdue Boilermakers,2025-11-20T20:41:14Z
Saint Joseph's Hawks @ UNLV Rebels,NCAAB,Saint Joseph's Hawks,2025-11-21 03:00:00,FanDuel,5.6,4.76,0.0447761194029848,UNLV Rebels,2025-11-21T02:18:29Z
New York Rangers @ Colorado Avalanche,NHL,Colorado Avalanche,2025-11-21 02:08:45,BetMGM,2.1,2.43,0.0294117647058823,Colorado Avalanche,2025-11-21T02:18:29Z
Arizona St Sun Devils @ Hawai'i Rainbow Warriors,NCAAB,Hawai'i Rainbow Warriors,2025-11-21 05:00:00,Caesars,1.74,3.16,0.1572235898415043,Arizona St Sun Devils,2025-11-21T06:12:38Z
Green Bay Phoenix @ Yale Bulldogs,NCAAB,Green Bay Phoenix,2025-11-21 17:30:00,FanDuel,13.0,2.62,0.0764859685046575,Yale Bulldogs,2025-11-21T16:49:12Z
Utah State Aggies @ Tulane Green Wave,NCAAB,Tulane Green Wave,2025-11-21 18:04:02,FanDuel,3.0,2.19,0.1161018672463914,Utah State Aggies,2025-11-21T18:35:15Z
South Carolina Gamecocks @ Butler Bulldogs,NCAAB,South Carolina Gamecocks,2025-11-21 19:00:00,Caesars,3.4,2.02,0.0745058147603244,Butler Bulldogs,2025-11-21T19:23:45Z
Alabama St Hornets @ IUPUI Jaguars,NCAAB,Alabama St Hornets,2025-11-21 19:00:00,Caesars,2.2,2.92,0.1117481086483209,Alabama St Hornets,2025-11-21T19:34:35Z
Campbell Fighting Camels @ UT-Arlington Mavericks,NCAAB,Campbell Fighting Camels,2025-11-21 20:01:01,Caesars,3.3,2.02,0.0981514222918162,Campbell Fighting Camels,2025-11-21T20:30:34Z
Davidson Wildcats @ Boston College Eagles,NCAAB,Boston College Eagles,2025-11-21 20:32:00,DraftKings,2.7,2.53,0.0538453205196247,Davidson Wildcats,2025-11-21T20:57:06Z
Wisconsin Badgers @ BYU Cougars,NCAAB,Wisconsin Badgers,2025-11-21 21:00:00,FanDuel,10.0,2.19,0.3525119798965698,BYU Cougars,2025-11-21T21:36:36Z
Northwestern Wildcats @ Virginia Cavaliers,NCAAB,Northwestern Wildcats,2025-11-21 22:00:00,Caesars,3.22,2.5,0.0641579701182862,Virginia Cavaliers,2025-11-21T21:58:53Z
Army Knights @ Marist Red Foxes,NCAAB,Army Knights,2025-11-22 00:00:00,FanDuel,9.2,3.24,0.0854924489242423,Marist Red Foxes,2025-11-21T23:25:47Z
SIU-Edwardsville Cougars @ Air Force Falcons,NCAAB,SIU-Edwardsville Cougars,2025-11-21 23:05:18,Caesars,4.5,3.04,0.1356112749253534,Air Force Falcons,2025-11-21T23:48:48Z
Charlotte 49ers @ Appalachian St Mountaineers,NCAAB,Appalachian St Mountaineers,2025-11-21 23:32:43,DraftKings,2.45,2.6,0.0523511421842864,Appalachian St Mountaineers,2025-11-21T23:48:48Z
Oakland Golden Grizzlies @ Eastern Michigan Eagles,NCAAB,Oakland Golden Grizzlies,2025-11-21 23:32:51,Caesars,2.1,2.47,0.086672244367574,Eastern Michigan Eagles,2025-11-21T23:48:48Z
St. Thomas (MN) Tommies @ N Colorado Bears,NCAAB,N Colorado Bears,2025-11-22 00:33:21,Fanatics,1.61,3.79,0.0677881080045493,St. Thomas (MN) Tommies,2025-11-22T02:00:37Z
Memphis Tigers @ Wake Forest Demon Deacons,NCAAB,Wake Forest Demon Deacons,2025-11-22 00:15:00,FanDuel,10.0,3.24,0.2848931189102878,Wake Forest Demon Deacons,2025-11-22T02:00:37Z
UC Davis Aggies @ Colorado Buffaloes,NCAAB,UC Davis Aggies,2025-11-22 02:01:30,DraftKings,21.0,2.89,0.4498476481693012,Colorado Buffaloes,2025-11-22T03:11:07Z
Northwestern St Demons @ Grand Canyon Antelopes,NCAAB,Northwestern St Demons,2025-11-22 02:09:56,BetMGM,21.0,2.02,0.0928347458957503,Grand Canyon Antelopes,2025-11-22T03:11:07Z
Georgia Bulldogs @ Xavier Musketeers,NCAAB,Xavier Musketeers,2025-11-22 02:00:00,FanDuel,10.0,4.13,0.7270530922487155,Georgia Bulldogs,2025-11-22T03:44:31Z
Portland Trail Blazers @ Golden State Warriors,NBA,Portland Trail Blazers,2025-11-22 03:12:00,BetMGM,6.5,2.41,0.1342462272077894,Portland Trail Blazers,2025-11-22T04:30:29Z
Oklahoma City Thunder @ Utah Jazz,NBA,Utah Jazz,2025-11-22 03:11:00,DraftKings,11.0,3.37,0.1750050168295281,Oklahoma City Thunder,2025-11-22T04:45:45Z
Denver Nuggets @ Houston Rockets,NBA,Houston Rockets,2025-11-22 02:44:00,Fanatics,10.0,2.81,0.789773673195377,Denver Nuggets,2025-11-22T04:57:11Z
Chelsea @ Burnley,EPL,Burnley,2025-11-22 12:30:00,DraftKings,15.0,2.25,0.0742315327949756,Chelsea,2025-11-22T13:14:02Z
West Ham United @ Bournemouth,EPL,Bournemouth,2025-11-22 15:00:00,FanDuel,5.1,3.31,0.2047451451487945,Draw,2025-11-22T16:46:45Z
Louisville Cardinals @ SMU Mustangs,NCAAF,Louisville Cardinals,2025-11-22 17:02:51,Caesars,3.35,2.84,0.0586536470296713,SMU Mustangs,2025-11-22T17:22:12Z
Tulsa Golden Hurricane @ Army Black Knights,NCAAF,Tulsa Golden Hurricane,2025-11-22 17:00:00,Fanatics,3.6,2.7,0.1480118177834668,Tulsa Golden Hurricane,2025-11-22T17:45:42Z
Delaware Blue Hens @ Wake Forest Demon Deacons,NCAAF,Delaware Blue Hens,2025-11-22 17:03:30,BetMGM,16.5,2.02,0.1413891926059378,Wake Forest Demon Deacons,2025-11-22T17:56:54Z
Kansas Jayhawks @ Iowa State Cyclones,NCAAF,Kansas Jayhawks,2025-11-22 16:54:00,FanDuel,11.6,4.65,0.088539637516164,Iowa State Cyclones,2025-11-22T18:35:57Z
Boston Univ. Terriers @ Harvard Crimson,NCAAB,Harvard Crimson,2025-11-22 18:30:00,BetMGM,2.05,3.22,0.3244415411025427,Boston Univ. Terriers,2025-11-22T18:35:57Z
Old Dominion Monarchs @ Georgia Southern Eagles,NCAAF,Georgia Southern Eagles,2025-11-22 18:00:00,Fanatics,21.0,2.77,0.4531277921021543,Old Dominion Monarchs,2025-11-22T18:35:57Z
Los Angeles Clippers @ Charlotte Hornets,NBA,Charlotte Hornets,2025-11-22 18:12:00,FanDuel,3.0,2.43,0.0802444282521178,Los Angeles Clippers,2025-11-22T18:35:57Z
Fairfield Stags @ Le Moyne Dolphins,NCAAB,Le Moyne Dolphins,2025-11-22 18:00:00,FanDuel,16.0,2.16,0.219486094291331,Fairfield Stags,2025-11-22T18:51:01Z
Missouri Tigers @ Oklahoma Sooners,NCAAF,Missouri Tigers,2025-11-22 17:07:45,FanDuel,6.6,4.05,0.1513902626516043,Oklahoma Sooners,2025-11-22T19:00:06Z
Washington State Cougars @ James Madison Dukes,NCAAF,Washington State Cougars,2025-11-22 18:00:00,BetMGM,10.5,2.02,0.1896178318277206,James Madison Dukes,2025-11-22T19:00:06Z
UMass Lowell River Hawks @ Saint Peter's Peacocks,NCAAB,UMass Lowell River Hawks,2025-11-22 18:47:00,FanDuel,4.2,4.43,0.2332166913988363,Saint Peter's Peacocks,2025-11-22T19:20:42Z
Nevada Wolf Pack @ Wyoming Cowboys,NCAAF,Nevada Wolf Pack,2025-11-22 19:07:33,FanDuel,3.2,2.29,0.0537862881858086,Nevada Wolf Pack,2025-11-22T19:20:42Z
Missouri State Bears @ Kennesaw State Owls,NCAAF,Missouri State Bears,2025-11-22 19:06:42,DraftKings,6.2,3.6,0.0611574497406247,Kennesaw State Owls,2025-11-22T19:44:12Z
Minnesota Golden Gophers @ Northwestern Wildcats,NCAAF,Minnesota Golden Gophers,2025-11-22 16:56:00,Caesars,4.9,4.17,0.5673622994678567,Northwestern Wildcats,2025-11-22T19:53:50Z
New Mexico State Aggies @ UTEP Miners,NCAAF,New Mexico State Aggies,2025-11-22 20:03:02,DraftKings,26.0,2.49,0.9369850362001432,New Mexico State Aggies,2025-11-22T20:28:34Z
Marshall Thundering Herd @ Appalachian State Mountaineers,NCAAF,Marshall Thundering Herd,2025-11-22 19:33:18,Caesars,1.5,2.39,0.0839877629063278,Appalachian State Mountaineers,2025-11-22T20:28:34Z
Jacksonville State Gamecocks @ Florida International Panthers,NCAAF,Florida International Panthers,2025-11-22 20:33:17,Caesars,1.91,3.93,0.1055898320490204,Florida International Panthers,2025-11-22T20:43:53Z
Liberty Flames @ Louisiana Tech Bulldogs,NCAAF,Louisiana Tech Bulldogs,2025-11-22 20:02:26,Caesars,1.91,3.31,0.0532947276731337,Louisiana Tech Bulldogs,2025-11-22T20:43:53Z
Duke Blue Devils @ North Carolina Tar Heels,NCAAF,North Carolina Tar Heels,2025-11-22 20:36:05,Caesars,3.0,2.61,0.1044921874607428,Duke Blue Devils,2025-11-22T20:43:53Z
Baylor Bears @ Arizona Wildcats,NCAAF,Arizona Wildcats,2025-11-22 16:55:00,Fanatics,1.25,2.43,0.0592359311505998,Arizona Wildcats,2025-11-22T20:43:53Z
UConn Huskies @ Florida Atlantic Owls,NCAAF,Florida Atlantic Owls,2025-11-22 20:03:04,DraftKings,17.0,2.94,0.3588598433094265,UConn Huskies,2025-11-22T20:53:48Z
South Florida Bulls @ UAB Blazers,NCAAF,UAB Blazers,2025-11-22 20:00:00,DraftKings,16.0,4.72,0.1654192542451478,South Florida Bulls,2025-11-22T21:23:32Z
Southern Mississippi Golden Eagles @ South Alabama Jaguars,NCAAF,Southern Mississippi Golden Eagles,2025-11-22 20:32:18,BetMGM,5.75,3.46,0.1095420566089658,South Alabama Jaguars,2025-11-22T21:23:32Z
Coastal Carolina Chanticleers @ South Carolina Gamecocks,NCAAF,Coastal Carolina Chanticleers,2025-11-22 21:22:00,DraftKings,41.0,2.92,1.4069374691545318,South Carolina Gamecocks,2025-11-22T21:23:32Z
Michigan Wolverines @ Maryland Terrapins,NCAAF,Maryland Terrapins,2025-11-22 21:01:24,DraftKings,5.5,2.78,0.0850468977980457,Michigan Wolverines,2025-11-22T21:23:32Z
Niagara Purple Eagles @ Howard Bison,NCAAB,Howard Bison,2025-11-22 21:01:05,Caesars,3.0,4.97,0.217032206333905,Howard Bison,2025-11-22T21:34:44Z
Oklahoma State Cowboys @ UCF Knights,NCAAF,Oklahoma State Cowboys,2025-11-22 21:00:00,FanDuel,3.1,2.87,0.059443638731881,UCF Knights,2025-11-22T21:34:44Z
USC Trojans @ Oregon Ducks,NCAAF,USC Trojans,2025-11-22 16:45:00,Caesars,4.2,2.19,0.0771675386378588,Oregon Ducks,2025-11-22T21:44:06Z
Western Carolina Catamounts @ Lipscomb Bisons,NCAAB,Western Carolina Catamounts,2025-11-22 22:00:00,FanDuel,5.8,2.06,0.2118518177291644,Lipscomb Bisons,2025-11-22T22:25:53Z
UT Rio Grande Valley Vaqueros @ Missouri St Bears,NCAAB,UT Rio Grande Valley Vaqueros,2025-11-22 22:02:40,BetMGM,2.05,2.98,0.0553238961207196,Missouri St Bears,2025-11-22T22:40:32Z
UIC Flames @ Southern Indiana Screaming Eagles,NCAAB,Southern Indiana Screaming Eagles,2025-11-22 22:00:00,FanDuel,11.0,2.7,0.1187016145401005,UIC Flames,2025-11-22T22:40:32Z
Michigan State Spartans @ Iowa Hawkeyes,NCAAF,Michigan State Spartans,2025-11-22 16:55:00,DraftKings,7.5,2.34,0.1149738930601768,Iowa Hawkeyes,2025-11-22T22:40:32Z
UL Monroe Warhawks @ Texas State Bobcats,NCAAF,UL Monroe Warhawks,2025-11-22 22:02:57,FanDuel,11.6,4.08,0.173926840258084,Texas State Bobcats,2025-11-22T22:49:58Z
UC Santa Barbara Gauchos @ Nevada Wolf Pack,NCAAB,UC Santa Barbara Gauchos,2025-11-22 22:00:00,Fanatics,3.3,2.35,0.2180387843805534,Nevada Wolf Pack,2025-11-22T22:49:58Z
San Francisco Dons @ Minnesota Golden Gophers,NCAAB,Minnesota Golden Gophers,2025-11-22 22:33:00,FanDuel,2.44,2.43,0.1051113646975031,San Francisco Dons,2025-11-22T22:59:18Z
TCU Horned Frogs @ Houston Cougars,NCAAF,Houston Cougars,2025-11-22 16:53:00,FanDuel,3.6,2.36,0.0680170315771414,TCU Horned Frogs,2025-11-22T22:59:18Z
Kansas State Wildcats @ Utah Utes,NCAAF,Kansas State Wildcats,2025-11-22 21:06:18,Caesars,5.4,2.75,0.1759178061981632,Utah Utes,2025-11-22T23:37:49Z
Iona Gaels @ Oregon St Beavers,NCAAB,Iona Gaels,2025-11-22 22:30:00,FanDuel,3.9,2.89,0.1276723832064704,Iona Gaels,2025-11-22T23:49:09Z
Milwaukee Panthers @ Wichita St Shockers,NCAAB,Milwaukee Panthers,2025-11-23 00:00:00,FanDuel,6.2,3.6,0.0755337631601195,Wichita St Shockers,2025-11-22T23:58:33Z
Georgia State Panthers @ Troy Trojans,NCAAF,Georgia State Panthers,2025-11-22 21:03:34,FanDuel,16.0,3.07,0.6827052497960011,Troy Trojans,2025-11-22T23:58:33Z
St. Thomas (MN) Tommies @ CSU Fullerton Titans,NCAAB,CSU Fullerton Titans,2025-11-22 22:33:00,DraftKings,14.0,2.33,0.2763461508834953,CSU Fullerton Titans,2025-11-22T23:58:33Z
Southern Miss Golden Eagles @ North Florida Ospreys,NCAAB,North Florida Ospreys,2025-11-23 01:00:00,FanDuel,11.6,3.16,0.4035693305229962,Southern Miss Golden Eagles,2025-11-23T02:26:07Z
San Jose State Spartans @ San Diego State Aztecs,NCAAF,San Jose State Spartans,2025-11-23 03:35:40,DraftKings,9.0,3.37,0.3025277785101841,San Diego State Aztecs,2025-11-23T03:45:34Z
UT-Arlington Mavericks @ Weber State Wildcats,NCAAB,UT-Arlington Mavericks,2025-11-23 02:05:00,FanDuel,2.16,2.7,0.2628212074972145,UT-Arlington Mavericks,2025-11-23T03:45:34Z
Washington Huskies @ UCLA Bruins,NCAAF,UCLA Bruins,2025-11-23 03:40:00,Caesars,3.65,2.48,0.0765984874046732,Washington Huskies,2025-11-23T03:45:34Z
Northern Iowa Panthers @ UC Irvine Anteaters,NCAAB,UC Irvine Anteaters,2025-11-23 03:30:07,FanDuel,2.76,2.63,0.129020174617882,Northern Iowa Panthers,2025-11-23T05:00:05Z
Utah State Aggies @ Fresno State Bulldogs,NCAAF,Utah State Aggies,2025-11-23 03:32:41,Caesars,2.95,4.72,0.1674271488877015,Utah State Aggies,2025-11-23T06:15:36Z
Aston Villa @ Leeds United,EPL,Aston Villa,2025-11-23 14:00:00,DraftKings,8.5,2.87,0.1669469216892954,Aston Villa,2025-11-23T14:49:09Z
Alabama St Hornets @ SIU-Edwardsville Cougars,NCAAB,Alabama St Hornets,2025-11-23 18:03:45,Caesars,2.0,2.78,0.0817702849363233,SIU-Edwardsville Cougars,2025-11-23T18:36:16Z
Clemson Tigers @ Georgia Bulldogs,NCAAB,Clemson Tigers,2025-11-23 18:02:34,Fanatics,2.3,2.63,0.0794521445000675,Clemson Tigers,2025-11-23T18:36:16Z
Seattle Seahawks @ Tennessee Titans,NFL,Tennessee Titans,2025-11-23 18:03:05,DraftKings,14.0,3.31,0.1155604371200473,Seattle Seahawks,2025-11-23T18:51:34Z
Binghamton Bearcats @ Canisius Golden Griffins,NCAAB,Binghamton Bearcats,2025-11-23 18:00:00,BetMGM,2.3,3.1,0.0678320373036829,Canisius Golden Griffins,2025-11-23T19:01:35Z
Old Dominion Monarchs @ Drexel Dragons,NCAAB,Old Dominion Monarchs,2025-11-23 19:05:34,Caesars,4.8,2.16,0.115783298913441,Drexel Dragons,2025-11-23T19:22:19Z
Eastern Washington Eagles @ Central Arkansas Bears,NCAAB,Eastern Washington Eagles,2025-11-23 19:02:52,DraftKings,4.7,2.02,0.1844653913232099,Central Arkansas Bears,2025-11-23T19:22:19Z
N Colorado Bears @ CSU Fullerton Titans,NCAAB,CSU Fullerton Titans,2025-11-23 19:00:00,FanDuel,7.3,2.34,0.3460286977681862,N Colorado Bears,2025-11-23T19:34:26Z
Miami Heat @ Philadelphia 76ers,NBA,Philadelphia 76ers,2025-11-23 18:10:00,DraftKings,2.9,3.64,0.0631766351635778,Miami Heat,2025-11-23T19:43:38Z
Indianapolis Colts @ Kansas City Chiefs,NFL,Kansas City Chiefs,2025-11-23 18:02:47,FanDuel,2.28,3.15,0.0801129612099135,Kansas City Chiefs,2025-11-23T19:43:38Z
West Georgia Wolves @ Georgia Tech Yellow Jackets,NCAAB,West Georgia Wolves,2025-11-23 19:00:00,FanDuel,11.6,2.54,0.6810415177122888,Georgia Tech Yellow Jackets,2025-11-23T19:43:38Z
New York Jets @ Baltimore Ravens,NFL,New York Jets,2025-11-23 18:02:38,FanDuel,6.6,2.47,0.1030889391010966,Baltimore Ravens,2025-11-23T19:43:38Z
Brown Bears @ Maine Black Bears,NCAAB,Maine Black Bears,2025-11-23 19:03:20,DraftKings,6.5,2.1,0.1602347606078001,Brown Bears,2025-11-23T19:43:38Z
New England Patriots @ Cincinnati Bengals,NFL,Cincinnati Bengals,2025-11-23 18:03:38,Fanatics,9.5,4.0,0.180225676334699,New England Patriots,2025-11-23T20:29:41Z
Delaware Blue Hens @ Southern Illinois Salukis,NCAAB,Delaware Blue Hens,2025-11-23 20:00:07,Caesars,6.5,2.64,0.3090173791420175,Southern Illinois Salukis,2025-11-23T20:29:41Z
Prairie View Panthers @ North Florida Ospreys,NCAAB,Prairie View Panthers,2025-11-23 19:30:00,Caesars,5.5,2.31,0.1506858303762329,Prairie View Panthers,2025-11-23T20:29:41Z
Butler Bulldogs @ Virginia Cavaliers,NCAAB,Butler Bulldogs,2025-11-23 19:00:15,Caesars,1.56,2.22,0.0998421779723019,Butler Bulldogs,2025-11-23T20:44:54Z
Mt. St. Mary's Mountaineers @ Western Michigan Broncos,NCAAB,Mt. St. Mary's Mountaineers,2025-11-23 20:02:56,Fanatics,21.0,2.02,0.2711145971594931,Western Michigan Broncos,2025-11-23T21:23:56Z
Robert Morris Colonials @ Monmouth Hawks,NCAAB,Robert Morris Colonials,2025-11-23 20:06:21,DraftKings,3.6,2.97,0.0783682099994684,Monmouth Hawks,2025-11-23T21:36:08Z
Lamar Cardinals @ Montana Grizzlies,NCAAB,Lamar Cardinals,2025-11-23 21:02:35,Caesars,2.8,2.77,0.0599047655525429,Lamar Cardinals,2025-11-23T21:36:08Z
West Virginia Mountaineers @ Xavier Musketeers,NCAAB,West Virginia Mountaineers,2025-11-23 21:19:20,DraftKings,1.56,2.7,0.0827181205528356,Xavier Musketeers,2025-11-23T21:45:37Z
Quinnipiac Bobcats @ Pittsburgh Panthers,NCAAB,Quinnipiac Bobcats,2025-11-23 22:00:00,FanDuel,7.8,4.15,0.0518871714725043,Quinnipiac Bobcats,2025-11-23T21:56:43Z
Coastal Carolina Chanticleers @ Illinois St Redbirds,NCAAB,Coastal Carolina Chanticleers,2025-11-23 22:00:00,FanDuel,7.6,2.29,0.0581902393299591,Illinois St Redbirds,2025-11-23T21:56:43Z
Philadelphia Eagles @ Dallas Cowboys,NFL,Dallas Cowboys,2025-11-23 21:26:24,BetMGM,6.0,2.09,0.0537100019490576,Dallas Cowboys,2025-11-23T21:56:43Z
Minnesota Wild @ Winnipeg Jets,NHL,Winnipeg Jets,2025-11-23 21:14:00,FanDuel,3.4,3.54,0.0870860446126765,Minnesota Wild,2025-11-23T22:41:23Z
Tenn-Martin Skyhawks @ Southern Miss Golden Eagles,NCAAB,Southern Miss Golden Eagles,2025-11-23 22:30:00,Caesars,1.67,3.13,0.1391848200762658,Southern Miss Golden Eagles,2025-11-23T22:50:45Z
Jacksonville Jaguars @ Arizona Cardinals,NFL,Arizona Cardinals,2025-11-23 21:05:54,BetMGM,2.45,4.1,0.107429072891494,Jacksonville Jaguars,2025-11-23T23:00:08Z
Cleveland Browns @ Las Vegas Raiders,NFL,Las Vegas Raiders,2025-11-23 21:05:22,FanDuel,9.0,3.37,0.0728344092407048,Cleveland Browns,2025-11-23T23:00:08Z
Northwestern Wildcats @ South Carolina Gamecocks,NCAAB,South Carolina Gamecocks,2025-11-23 22:05:00,DraftKings,4.7,3.3,0.173828957453953,Northwestern Wildcats,2025-11-23T23:25:15Z
Brooklyn Nets @ Toronto Raptors,NBA,Brooklyn Nets,2025-11-23 23:13:00,DraftKings,9.5,2.33,0.1922104890224956,Toronto Raptors,2025-11-23T23:37:37Z
Youngstown St Penguins @ UNC Greensboro Spartans,NCAAB,UNC Greensboro Spartans,2025-11-23 22:30:51,Fanatics,21.0,2.02,0.0907438656185594,UNC Greensboro Spartans,2025-11-23T23:37:37Z
Boston Bruins @ San Jose Sharks,NHL,Boston Bruins,2025-11-24 01:08:38,BetMGM,34.0,3.02,1.536029480049193,San Jose Sharks,2025-11-24T03:42:30Z
Towson Tigers @ Rhode Island Rams,NCAAB,Towson Tigers,2025-11-24 16:01:22,Caesars,2.6,2.81,0.2297978612132948,Towson Tigers,2025-11-24T16:34:41Z
Toledo Rockets @ Troy Trojans,NCAAB,Toledo Rockets,2025-11-24 16:03:01,Caesars,1.95,2.14,0.1075385983395015,Toledo Rockets,2025-11-24T16:34:41Z
Massachusetts Minutemen @ Oregon St Beavers,NCAAB,Oregon St Beavers,2025-11-24 17:30:00,Fanatics,1.57,4.47,0.0935816197143893,Massachusetts Minutemen,2025-11-24T19:18:32Z
VMI Keydets @ Buffalo Bulls,NCAAB,VMI Keydets,2025-11-24 19:46:40,FanDuel,4.1,2.92,0.0874679856383665,Buffalo Bulls,2025-11-24T19:57:02Z
Everton @ Manchester United,EPL,Everton,2025-11-24 20:01:00,Caesars,11.0,4.55,1.2388973815613566,Everton,2025-11-24T20:30:55Z
Baylor Bears @ Creighton Bluejays,NCAAB,Creighton Bluejays,2025-11-24 19:06:13,FanDuel,2.86,2.16,0.1340992946459855,Baylor Bears,2025-11-24T20:30:55Z
Iowa State Cyclones @ St. John's Red Storm,NCAAB,St. John's Red Storm,2025-11-24 21:35:24,Caesars,2.75,4.61,0.0782230301575789,Iowa State Cyclones,2025-11-24T21:40:32Z
Grambling St Tigers @ UC Riverside Highlanders,NCAAB,UC Riverside Highlanders,2025-11-24 20:03:02,FanDuel,2.44,3.1,0.0592769570067724,UC Riverside Highlanders,2025-11-24T21:40:32Z
Temple Owls @ UC San Diego Tritons,NCAAB,Temple Owls,2025-11-24 21:31:06,DraftKings,2.3,2.53,0.0800007229977922,UC San Diego Tritons,2025-11-24T21:40:32Z
Middle Tennessee Blue Raiders @ GW Revolutionaries,NCAAB,Middle Tennessee Blue Raiders,2025-11-24 22:00:36,BetMGM,7.75,3.93,0.1390906919824771,GW Revolutionaries,2025-11-24T22:26:49Z
Oakland Golden Grizzlies @ Lamar Cardinals,NCAAB,Lamar Cardinals,2025-11-24 21:00:00,FanDuel,8.5,3.37,0.2195902259362504,Oakland Golden Grizzlies,2025-11-24T22:42:25Z
USC Trojans @ Boise State Broncos,NCAAB,Boise State Broncos,2025-11-24 22:05:00,Caesars,3.3,2.21,0.0912842683872038,USC Trojans,2025-11-24T22:42:25Z
Kennesaw St Owls @ Rice Owls,NCAAB,Kennesaw St Owls,2025-11-24 21:34:27,Caesars,4.5,2.36,0.1723889367696044,Kennesaw St Owls,2025-11-24T22:51:43Z
Elon Phoenix @ Appalachian St Mountaineers,NCAAB,Elon Phoenix,2025-11-24 23:33:10,DraftKings,2.7,2.09,0.0517297604709831,Elon Phoenix,2025-11-24T23:52:46Z
Chicago Bulls @ New Orleans Pelicans,NBA,New Orleans Pelicans,2025-11-25 01:11:00,Caesars,1.43,4.99,0.0555513115034473,New Orleans Pelicans,2025-11-25T02:06:59Z
James Madison Dukes @ Florida Int'l Golden Panthers,NCAAB,James Madison Dukes,2025-11-25 00:02:14,FanDuel,1.3,3.9,0.1286993914986242,James Madison Dukes,2025-11-25T02:06:59Z
Philadelphia Flyers @ Tampa Bay Lightning,NHL,Philadelphia Flyers,2025-11-25 00:11:24,DraftKings,19.0,3.71,0.2488908611894174,Tampa Bay Lightning,2025-11-25T02:06:59Z
Carolina Panthers @ San Francisco 49ers,NFL,Carolina Panthers,2025-11-25 01:15:59,FanDuel,4.1,2.7,0.0890594811953046,San Francisco 49ers,2025-11-25T02:06:59Z
Louisiana Ragin' Cajuns @ UC Davis Aggies,NCAAB,Louisiana Ragin' Cajuns,2025-11-25 02:04:17,FanDuel,7.3,2.08,0.2178796666290428,UC Davis Aggies,2025-11-25T02:06:59Z
Alabama Crimson Tide @ Gonzaga Bulldogs,NCAAB,Gonzaga Bulldogs,2025-11-25 02:36:06,Caesars,1.42,2.77,0.0586784008822462,Gonzaga Bulldogs,2025-11-25T03:58:36Z
San Diego St Aztecs @ Michigan Wolverines,NCAAB,San Diego St Aztecs,2025-11-25 03:35:34,FanDuel,11.6,3.17,0.1293729332924096,Michigan Wolverines,2025-11-25T04:33:47Z
Utah Jazz @ Golden State Warriors,NBA,Utah Jazz,2025-11-25 03:11:00,DraftKings,26.0,2.7,0.2128948298925375,Golden State Warriors,2025-11-25T04:33:47Z
Houston Rockets @ Phoenix Suns,NBA,Phoenix Suns,2025-11-25 02:43:00,Caesars,6.5,2.02,0.2966357575315066,Houston Rockets,2025-11-25T04:33:47Z
Minnesota Timberwolves @ Sacramento Kings,NBA,Minnesota Timberwolves,2025-11-25 03:11:00,Caesars,2.0,4.35,0.2779980884071786,Sacramento Kings,2025-11-25T05:29:35Z
Maryland Terrapins @ UNLV Rebels,NCAAB,UNLV Rebels,2025-11-25 05:20:53,Caesars,2.5,3.64,0.0538133791127961,Maryland Terrapins,2025-11-25T05:29:35Z
Arizona St Sun Devils @ Texas Longhorns,NCAAB,Arizona St Sun Devils,2025-11-25 04:45:00,FanDuel,5.8,2.43,0.1560387751382579,Arizona St Sun Devils,2025-11-25T05:29:35Z
Stony Brook Seawolves @ Bethune-Cookman Wildcats,NCAAB,Bethune-Cookman Wildcats,2025-11-25 16:02:00,Caesars,1.53,3.97,0.1025486937182805,Stony Brook Seawolves,2025-11-25T16:37:44Z
Towson Tigers @ Liberty Flames,NCAAB,Liberty Flames,2025-11-25 17:03:00,FanDuel,7.0,4.6,0.4502149709435775,Towson Tigers,2025-11-25T18:40:52Z
Notre Dame Fighting Irish @ Rutgers Scarlet Knights,NCAAB,Rutgers Scarlet Knights,2025-11-25 18:00:00,Caesars,23.0,2.02,0.0822239897350707,Notre Dame Fighting Irish,2025-11-25T18:40:52Z
UNC Greensboro Spartans @ Delaware Blue Hens,NCAAB,UNC Greensboro Spartans,2025-11-25 18:31:02,Caesars,7.4,2.9,0.8666995526223669,Delaware Blue Hens,2025-11-25T19:58:28Z
NC State Wolfpack @ Boise State Broncos,NCAAB,Boise State Broncos,2025-11-25 19:30:17,FanDuel,6.0,4.18,0.0633490608618887,NC State Wolfpack,2025-11-25T20:46:54Z
Bowling Green Falcons @ UMass Minutemen,NCAAF,UMass Minutemen,2025-11-25 21:30:00,FanDuel,5.8,3.82,0.0651407505229129,Bowling Green Falcons,2025-11-25T20:46:54Z
UTEP Miners @ UAB Blazers,NCAAB,UTEP Miners,2025-11-25 21:01:26,BetMGM,5.0,3.04,0.1210212307493525,UAB Blazers,2025-11-25T21:49:19Z
Syracuse Orange @ Kansas Jayhawks,NCAAB,Syracuse Orange,2025-11-25 20:30:00,Caesars,6.0,2.54,0.229828833009102,Kansas Jayhawks,2025-11-25T21:49:19Z
St. John's Red Storm @ Baylor Bears,NCAAB,Baylor Bears,2025-11-25 21:30:00,FanDuel,7.3,2.5,0.0622878553880106,St. John's Red Storm,2025-11-25T22:28:04Z
Seton Hall Pirates @ USC Trojans,NCAAB,Seton Hall Pirates,2025-11-25 22:20:47,FanDuel,3.3,2.02,0.0745275602607745,USC Trojans,2025-11-25T22:28:04Z
Ohio Bobcats @ Loyola Marymount Lions,NCAAB,Loyola Marymount Lions,2025-11-25 22:00:53,Caesars,1.83,3.1,0.1645842213559258,Loyola Marymount Lions,2025-11-25T23:25:40Z
Middle Tennessee Blue Raiders @ McNeese Cowboys,NCAAB,McNeese Cowboys,2025-11-25 22:04:07,BetMGM,2.1,2.8,0.2155259596875525,McNeese Cowboys,2025-11-25T23:38:44Z
Tennessee Volunteers @ Houston Cougars,NCAAB,Tennessee Volunteers,2025-11-25 23:15:00,DraftKings,4.4,2.7,0.1232076893017901,Tennessee Volunteers,2025-11-25T23:49:20Z
Rice Owls @ Florida Gulf Coast Eagles,NCAAB,Florida Gulf Coast Eagles,2025-11-26 00:07:54,Caesars,1.83,4.54,0.3681642722784441,Florida Gulf Coast Eagles,2025-11-26T02:07:31Z
Winthrop Eagles @ Nebraska Cornhuskers,NCAAB,Winthrop Eagles,2025-11-26 01:35:00,FanDuel,5.2,3.08,0.0784269476046015,Nebraska Cornhuskers,2025-11-26T02:07:31Z
Portland St Vikings @ Utah Tech Trailblazers,NCAAB,Portland St Vikings,2025-11-26 02:02:21,Caesars,1.74,2.19,0.0606455595225186,Portland St Vikings,2025-11-26T02:07:31Z
Oakland Golden Grizzlies @ Montana Grizzlies,NCAAB,Montana Grizzlies,2025-11-26 02:02:50,Caesars,1.62,2.92,0.0703302409721202,Oakland Golden Grizzlies,2025-11-26T03:21:40Z
UTSA Roadrunners @ Georgia Southern Eagles,NCAAB,UTSA Roadrunners,2025-11-26 02:01:43,Caesars,4.5,2.7,0.1404948853047051,UTSA Roadrunners,2025-11-26T03:21:40Z
Dallas Stars @ Edmonton Oilers,NHL,Edmonton Oilers,2025-11-26 02:10:19,Caesars,12.0,2.16,0.1332025953802006,Dallas Stars,2025-11-26T03:21:40Z
Utah Utes @ Grand Canyon Antelopes,NCAAB,Utah Utes,2025-11-26 05:08:55,Caesars,3.4,2.83,0.1772209349294132,Grand Canyon Antelopes,2025-11-26T05:28:58Z
UNLV Rebels @ Alabama Crimson Tide,NCAAB,UNLV Rebels,2025-11-26 05:05:00,DraftKings,21.0,2.47,0.1999552982958744,Alabama Crimson Tide,2025-11-26T05:46:06Z
Los Angeles Clippers @ Los Angeles Lakers,NBA,Los Angeles Clippers,2025-11-26 04:14:00,Caesars,3.0,2.44,0.1025316170712346,Los Angeles Lakers,2025-11-26T05:46:06Z
St. Francis (PA) Red Flash @ Troy Trojans,NCAAB,St. Francis (PA) Red Flash,2025-11-26 16:03:04,FanDuel,4.6,2.25,0.1580994652013174,Troy Trojans,2025-11-26T16:54:52Z
Western Kentucky Hilltoppers @ Vanderbilt Commodores,NCAAB,Western Kentucky Hilltoppers,2025-11-26 17:01:19,FanDuel,12.0,3.24,0.183129141042418,Vanderbilt Commodores,2025-11-26T18:00:47Z
FC Kairat @ FC Copenhagen,UEFA Champions League,FC Kairat,2025-11-26 17:45:00,Caesars,13.0,3.04,0.1029082075116127,Not Found,2025-11-26T18:00:47Z
Anadolu Efes @ AS Monaco,Basketball Euroleague,Anadolu Efes,2025-11-26 18:30:00,FanDuel,5.3,3.2,0.1074330021799582,Not Found,2025-11-26T18:36:40Z
AS Monaco @ Pafos FC,UEFA Champions League,Pafos FC,2025-11-26 17:45:00,DraftKings,23.0,2.53,0.0628736671063678,Not Found,2025-11-26T18:53:59Z
Texas Longhorns @ UCLA Bruins,WNCAAB,UCLA Bruins,2025-11-26 19:05:57,Fanatics,2.65,4.72,0.0507543717486229,Not Found,2025-11-26T19:21:20Z
Brown Bears @ New Hampshire Wildcats,NCAAB,New Hampshire Wildcats,2025-11-26 18:00:00,DraftKings,14.0,2.21,0.2600866537590244,Brown Bears,2025-11-26T19:21:20Z
Buffalo Bulls @ Bucknell Bison,NCAAB,Bucknell Bison,2025-11-26 18:30:43,FanDuel,9.7,4.5,0.2180575936920361,Buffalo Bulls,2025-11-26T19:34:21Z
UNC Greensboro Spartans @ Miami (OH) RedHawks,NCAAB,UNC Greensboro Spartans,2025-11-26 19:00:42,FanDuel,8.5,3.15,0.1337819225319801,Miami (OH) RedHawks,2025-11-26T19:34:21Z
Omaha Mavericks @ Florida Int'l Golden Panthers,NCAAB,Omaha Mavericks,2025-11-26 19:00:00,FanDuel,6.6,2.47,0.1284932585809676,Florida Int'l Golden Panthers,2025-11-26T19:43:46Z
Belmont Bruins @ Toledo Rockets,NCAAB,Toledo Rockets,2025-11-26 18:34:45,Caesars,6.0,4.86,0.2607381263087502,Belmont Bruins,2025-11-26T19:53:32Z
Georgia St Panthers @ New Mexico St Aggies,NCAAB,Georgia St Panthers,2025-11-26 20:00:00,FanDuel,8.4,4.45,0.1441313057227489,New Mexico St Aggies,2025-11-26T19:53:32Z
Wofford Terriers @ Northern Kentucky Norse,NCAAB,Wofford Terriers,2025-11-26 19:02:13,FanDuel,3.4,2.7,0.0622228831402053,Northern Kentucky Norse,2025-11-26T19:53:32Z
Notre Dame Fighting Irish @ Houston Cougars,NCAAB,Notre Dame Fighting Irish,2025-11-26 20:33:00,Caesars,7.5,2.25,0.0579837302165948,Houston Cougars,2025-11-26T20:29:23Z
Duke Blue Devils @ South Carolina Gamecocks,WNCAAB,Duke Blue Devils,2025-11-26 21:30:00,FanDuel,16.0,2.19,0.1491111389956187,Not Found,2025-11-26T20:29:23Z
PSV Eindhoven @ Liverpool,UEFA Champions League,PSV Eindhoven,2025-11-26 20:00:00,FanDuel,9.0,2.02,0.0888268392191274,PSV Eindhoven,2025-11-26T20:29:23Z
Real Madrid @ Olympiakos Piraeus,UEFA Champions League,Olympiakos Piraeus,2025-11-26 20:00:00,FanDuel,46.0,3.37,0.2368463466838228,Not Found,2025-11-26T20:53:36Z
Lipscomb Bisons @ Marshall Thundering Herd,NCAAB,Lipscomb Bisons,2025-11-26 21:00:00,Caesars,1.77,2.84,0.1434880044033023,Lipscomb Bisons,2025-11-26T21:24:18Z
Northern Iowa Panthers @ Tulsa Golden Hurricane,NCAAB,Tulsa Golden Hurricane,2025-11-26 21:35:08,DraftKings,2.54,4.27,0.085952490871383,Tulsa Golden Hurricane,2025-11-26T21:37:03Z
Birmingham City @ West Bromwich Albion,Championship,West Bromwich Albion,2025-11-26 20:00:00,FanDuel,7.5,2.92,0.1058315837560629,Draw,2025-11-26T21:49:22Z
Seton Hall Pirates @ Washington St Cougars,NCAAB,Washington St Cougars,2025-11-26 22:33:02,DraftKings,19.0,4.05,0.4438362829877107,Seton Hall Pirates,2025-11-26T23:01:53Z
Vermont Catamounts @ Princeton Tigers,NCAAB,Vermont Catamounts,2025-11-26 22:05:00,FanDuel,2.12,2.42,0.0641267069648175,Vermont Catamounts,2025-11-26T23:26:44Z
N Colorado Bears @ Air Force Falcons,NCAAB,Air Force Falcons,2025-11-26 23:04:57,Caesars,2.5,2.12,0.1136824906938764,N Colorado Bears,2025-11-26T23:26:44Z
Sam Houston St Bearkats @ Idaho State Bengals,NCAAB,Idaho State Bengals,2025-11-26 23:30:27,Caesars,2.0,3.01,0.1042665204286166,Sam Houston St Bearkats,2025-11-26T23:58:31Z
NC State Wolfpack @ Texas Longhorns,NCAAB,Texas Longhorns,2025-11-27 02:32:41,Caesars,1.36,4.72,0.0587856649608927,Texas Longhorns,2025-11-27T03:19:15Z
Memphis Grizzlies @ New Orleans Pelicans,NBA,New Orleans Pelicans,2025-11-27 01:10:00,Caesars,3.6,3.02,0.8128193946389517,Memphis Grizzlies,2025-11-27T03:19:15Z
Grand Canyon Antelopes @ Iowa Hawkeyes,NCAAB,Grand Canyon Antelopes,2025-11-27 02:35:00,Caesars,7.7,2.39,0.1785489101172231,Iowa Hawkeyes,2025-11-27T03:19:15Z
Phoenix Suns @ Sacramento Kings,NBA,Sacramento Kings,2025-11-27 03:11:00,DraftKings,21.0,3.71,0.2148017289124206,Phoenix Suns,2025-11-27T03:53:52Z
Montr√©al Canadiens @ Utah Mammoth,NHL,Utah Mammoth,2025-11-27 02:38:26,FanDuel,5.6,3.93,0.0893615764985514,Montr√©al Canadiens,2025-11-27T04:59:36Z
Baylor Bears @ San Diego St Aztecs,NCAAB,Baylor Bears,2025-11-27 03:36:27,Caesars,2.1,2.44,0.2418589112616052,Baylor Bears,2025-11-27T04:59:36Z
Utah Utes @ Ole Miss Rebels,NCAAB,Ole Miss Rebels,2025-11-27 05:11:00,BetMGM,2.0,3.46,0.1490574123570611,Utah Utes,2025-11-27T05:47:02Z
Young Boys @ Aston Villa,UEFA Europa League,Young Boys,2025-11-27 17:45:00,Caesars,12.0,2.02,0.0586288329465306,Aston Villa,2025-11-27T16:34:23Z
St. Bonaventure Bonnies @ East Carolina Pirates,NCAAB,East Carolina Pirates,2025-11-27 17:00:00,FanDuel,5.6,4.05,0.0584669310278367,St. Bonaventure Bonnies,2025-11-27T16:52:11Z
Dinamo Zagreb @ Lille,UEFA Europa League,Dinamo Zagreb,2025-11-27 17:45:00,Caesars,8.5,2.7,0.0637042742933196,Lille,2025-11-27T17:44:00Z
Lincoln Red Imps FC @ ƒ¶amrun Spartans FC,UEFA Europa Conference League,Lincoln Red Imps FC,2025-11-27 17:45:00,FanDuel,7.0,3.57,0.0874613382512182,Not Found,2025-11-27T17:53:22Z
Dynamo Kyiv @ Omonoia FC,UEFA Europa Conference League,Dynamo Kyiv,2025-11-27 17:45:00,DraftKings,4.2,2.74,0.0547048525916967,Not Found,2025-11-27T17:53:22Z
Nice @ Porto,UEFA Europa League,Draw,2025-11-27 17:45:00,FanDuel,7.0,2.7,0.1126777930440892,Not Found,2025-11-27T17:53:22Z
FC Midtjylland @ AS Roma,UEFA Europa League,FC Midtjylland,2025-11-27 17:45:00,DraftKings,46.0,2.16,0.3316228706864835,Not Found,2025-11-27T19:21:29Z
Oregon Ducks @ Creighton Bluejays,NCAAB,Oregon Ducks,2025-11-27 19:05:31,BetMGM,3.25,3.2,0.0614024521469239,Creighton Bluejays,2025-11-27T19:34:10Z
Green Bay Packers @ Detroit Lions,NFL,Detroit Lions,2025-11-27 18:03:15,FanDuel,4.9,2.43,0.1107985471804985,Green Bay Packers,2025-11-27T20:27:59Z
FCSB @ Red Star Belgrade,UEFA Europa League,Red Star Belgrade,2025-11-27 20:00:00,DraftKings,2.95,2.17,0.4551156794908866,Not Found,2025-11-27T20:27:59Z
SC Braga @ Rangers FC,UEFA Europa League,SC Braga,2025-11-27 20:00:00,Caesars,7.0,3.04,0.0738152179908223,Not Found,2025-11-27T20:51:20Z
FC Basel @ KRC Genk,UEFA Europa League,FC Basel,2025-11-27 20:00:00,DraftKings,41.0,2.29,0.127509127206585,Not Found,2025-11-27T20:51:20Z
TCU Horned Frogs @ Florida Gators,NCAAB,TCU Horned Frogs,2025-11-27 20:03:14,BetMGM,8.0,2.7,0.0705647878420012,TCU Horned Frogs,2025-11-27T21:00:25Z
Nevada Wolf Pack @ Washington Huskies,NCAAB,Washington Huskies,2025-11-27 21:35:47,BetMGM,1.65,4.22,0.0721889002245502,Washington Huskies,2025-11-27T21:49:27Z
BYU Cougars @ Miami Hurricanes,NCAAB,Miami Hurricanes,2025-11-27 22:02:11,DraftKings,3.5,2.81,0.1849770507486713,BYU Cougars,2025-11-27T22:26:46Z
UNLV Rebels @ Rutgers Scarlet Knights,NCAAB,UNLV Rebels,2025-11-27 21:36:05,DraftKings,2.95,4.31,0.1220993475968315,Rutgers Scarlet Knights,2025-11-27T23:00:11Z
Kansas City Chiefs @ Dallas Cowboys,NFL,Dallas Cowboys,2025-11-27 21:40:46,Caesars,2.45,4.27,0.1251252659321693,Dallas Cowboys,2025-11-27T23:00:11Z
Duke Blue Devils @ Arkansas Razorbacks,NCAAB,Arkansas Razorbacks,2025-11-28 01:20:54,Fanatics,19.0,2.92,0.3109771975528606,Duke Blue Devils,2025-11-28T02:04:25Z
Minnesota Golden Gophers @ Stanford Cardinal,NCAAB,Minnesota Golden Gophers,2025-11-28 02:46:01,DraftKings,1.83,3.37,0.1101865582339115,Stanford Cardinal,2025-11-28T03:18:19Z
Cincinnati Bengals @ Baltimore Ravens,NFL,Baltimore Ravens,2025-11-28 01:23:11,Fanatics,4.1,2.73,0.2524782703686208,Cincinnati Bengals,2025-11-28T03:52:59Z
Utah Utes @ Kansas Jayhawks,NCAAF,Kansas Jayhawks,2025-11-28 16:58:00,Caesars,5.0,4.18,0.3027428286787867,Not Found,2025-11-28T17:24:44Z
Richmond Spiders @ Charlotte 49ers,NCAAB,Charlotte 49ers,2025-11-28 17:34:00,FanDuel,9.0,3.57,0.2531886915482243,Not Found,2025-11-28T17:49:22Z
Northeastern Huskies @ Wake Forest Demon Deacons,NCAAB,Northeastern Huskies,2025-11-28 17:00:00,FanDuel,7.3,2.82,0.1723670662530528,Not Found,2025-11-28T17:58:41Z
Ole Miss Rebels @ Mississippi State Bulldogs,NCAAF,Mississippi State Bulldogs,2025-11-28 16:49:00,Caesars,6.0,2.7,0.0727050854359733,Not Found,2025-11-28T17:58:41Z
Ohio Bobcats @ Buffalo Bulls,NCAAF,Buffalo Bulls,2025-11-28 17:04:00,Fanatics,21.0,2.51,0.2781431857754386,Not Found,2025-11-28T18:37:32Z
New York Rangers @ Boston Bruins,NHL,Boston Bruins,2025-11-28T18:07:00Z,BetMGM,7.0,2.7,0.0731242590672395,Not Found,2025-11-28T18:53:46Z
Iowa Hawkeyes @ Nebraska Cornhuskers,NCAAF,Nebraska Cornhuskers,2025-11-28T17:08:55Z,DraftKings,13.0,3.35,0.700273431246889,Not Found,2025-11-28T19:21:58Z
Alcorn St Braves @ Indiana St Sycamores,NCAAB,Alcorn St Braves,2025-11-28T19:00:24Z,Caesars,1.29,4.86,0.0560322718304412,Not Found,2025-11-28T19:34:21Z
Siena Saints @ Longwood Lancers,NCAAB,Longwood Lancers,2025-11-28T18:00:00Z,FanDuel,18.0,4.22,0.3495683473528925,Not Found,2025-11-28T19:34:21Z
Texas State Bobcats @ Seattle Redhawks,NCAAB,Texas State Bobcats,2025-11-28T19:00:20Z,DraftKings,3.9,2.6,0.0889576524562657,Not Found,2025-11-28T19:34:21Z
Ball State Cardinals @ Monmouth Hawks,NCAAB,Ball State Cardinals,2025-11-28T19:02:05Z,Caesars,3.9,2.25,0.0554307210531852,Not Found,2025-11-28T19:34:21Z
Oklahoma Sooners @ Marquette Golden Eagles,NCAAB,Oklahoma Sooners,2025-11-28T19:00:00Z,Caesars,2.35,3.27,0.1545970164972107,Not Found,2025-11-28T20:29:51Z
NJIT Highlanders @ Eastern Michigan Eagles,NCAAB,NJIT Highlanders,2025-11-28T21:00:00Z,FanDuel,12.2,2.63,0.1162122158745643,Not Found,2025-11-28T20:44:24Z
RB Leipzig @ Borussia Monchengladbach,Bundesliga - Germany,Draw,2025-11-28T19:30:00Z,Caesars,2.4,3.37,0.057400388603537,Not Found,2025-11-28T20:53:37Z
Nicholls St Colonels @ Tulane Green Wave,NCAAB,Nicholls St Colonels,2025-11-28T20:00:00Z,DraftKings,9.5,2.15,0.263741466005292,Not Found,2025-11-28T20:53:37Z
UC Santa Barbara Gauchos @ Lehigh Mountain Hawks,NCAAB,UC Santa Barbara Gauchos,2025-11-28T21:35:12Z,Caesars,1.53,4.38,0.0522133709691133,Not Found,2025-11-28T21:45:13Z
North Carolina A&T Aggies @ Davidson Wildcats,NCAAB,North Carolina A&T Aggies,2025-11-28T21:04:10Z,FanDuel,9.3,2.63,0.362430047736568,Not Found,2025-11-28T21:45:13Z
Charleston Southern Buccaneers @ South Carolina Gamecocks,NCAAB,Charleston Southern Buccaneers,2025-11-28T21:00:00Z,FanDuel,11.0,2.02,0.2094668551427262,Not Found,2025-11-28T21:45:13Z
North Dakota St Bison @ Arkansas St Red Wolves,NCAAB,North Dakota St Bison,2025-11-28T20:00:09Z,FanDuel,3.55,3.06,0.4987081482434108,Not Found,2025-11-28T21:56:45Z
Texas A&M Aggies @ Florida St Seminoles,NCAAB,Florida St Seminoles,2025-11-28T22:05:23Z,FanDuel,5.7,2.13,0.1140247044337249,Not Found,2025-11-28T22:26:12Z
Le Moyne Dolphins @ Lafayette Leopards,NCAAB,Le Moyne Dolphins,2025-11-28T21:35:00Z,FanDuel,4.2,2.19,0.0902402460484703,Not Found,2025-11-28T22:40:41Z
Georgia Bulldogs @ Georgia Tech Yellow Jackets,NCAAF,Georgia Tech Yellow Jackets,2025-11-28T20:45:58Z,DraftKings,17.0,2.02,0.1201334576497167,Not Found,2025-11-28T22:40:41Z
South Florida Bulls @ Colorado St Rams,NCAAB,South Florida Bulls,2025-11-28T21:31:25Z,Caesars,2.95,5.0,0.3003337347199418,Not Found,2025-11-28T22:50:23Z
Calgary Flames @ Florida Panthers,NHL,Florida Panthers,2025-11-28T21:08:28Z,FanDuel,14.0,4.64,1.4713087920329133,Not Found,2025-11-28T23:25:14Z
