Match,League,Team,Start Time,Random Bet Book,Random Bet Odds,Result,Scrape Time
Charlotte 49ers @ Army Black Knights,NCAAF,Charlotte 49ers,2025-10-11 12:00:00,DraftKings,8.0,Army Black Knights,2025-10-11 10:26:02
Miami (OH) RedHawks @ Akron Zips,NCAAF,Akron Zips,2025-10-11 12:00:00,Fanatics,4.55,Miami (OH) RedHawks,2025-10-11 10:26:02
Pittsburgh Panthers @ Florida State Seminoles,NCAAF,Pittsburgh Panthers,2025-10-11 12:00:00,FanDuel,4.5,Pittsburgh Panthers,2025-10-11 10:59:05
UCF Knights @ Cincinnati Bearcats,NCAAF,UCF Knights,2025-10-11 12:00:00,Fanatics,4.05,Cincinnati Bearcats,2025-10-11 10:59:05
Northern Illinois Huskies @ Eastern Michigan Eagles,NCAAF,Northern Illinois Huskies,2025-10-11 13:00:00,FanDuel,1.89,Eastern Michigan Eagles,2025-10-11 12:31:03
UMass Minutemen @ Kent State Golden Flashes,NCAAF,UMass Minutemen,2025-10-11 14:30:00,Caesars,2.05,Kent State Golden Flashes,2025-10-11 13:24:42
Ball State Cardinals @ Western Michigan Broncos,NCAAF,Ball State Cardinals,2025-10-11 15:30:00,FanDuel,3.85,Western Michigan Broncos,2025-10-11 14:59:25
Air Force Falcons @ UNLV Rebels,NCAAF,Air Force Falcons,2025-10-11 15:30:00,DraftKings,3.25,UNLV Rebels,2025-10-11 14:59:25
Calgary Stampeders @ Hamilton Tiger-Cats,CFL,Hamilton Tiger-Cats,2025-10-11 15:05:00,FanDuel,1.59,Calgary Stampeders,2025-10-11 14:59:25
Old Dominion Monarchs @ Marshall Thundering Herd,NCAAF,Marshall Thundering Herd,2025-10-11 15:30:00,FanDuel,5.8,Marshall Thundering Herd,2025-10-11 15:20:54
Iowa State Cyclones @ Colorado Buffaloes,NCAAF,Colorado Buffaloes,2025-10-11 15:30:00,Caesars,2.35,Colorado Buffaloes,2025-10-11 15:20:54
Arkansas Razorbacks @ Tennessee Volunteers,NCAAF,Arkansas Razorbacks,2025-10-11 16:15:00,FanDuel,4.4,Tennessee Volunteers,2025-10-11 15:59:02
Indiana Hoosiers @ Oregon Ducks,NCAAF,Oregon Ducks,2025-10-11 11:49:00,FanDuel,2.0,Indiana Hoosiers,2025-10-11 17:23:33
TCU Horned Frogs @ Kansas State Wildcats,NCAAF,Kansas State Wildcats,2025-10-11 12:32:00,Caesars,1.59,Kansas State Wildcats,2025-10-11 17:23:33
Georgia Bulldogs @ Auburn Tigers,NCAAF,Auburn Tigers,2025-10-11 19:30:00,DraftKings,2.8,Georgia Bulldogs,2025-10-11 19:25:11
Michigan Wolverines @ USC Trojans,NCAAF,Michigan Wolverines,2025-10-11 19:30:00,DraftKings,2.4,USC Trojans,2025-10-11 19:25:11
Clemson Tigers @ Boston College Eagles,NCAAF,Clemson Tigers,2025-10-11 19:30:00,FanDuel,1.17,Clemson Tigers,2025-10-11 19:25:11
Florida Gators @ Texas A&M Aggies,NCAAF,Florida Gators,2025-10-11 15:31:00,BetMGM,5.75,Texas A&M Aggies,2025-10-11 19:59:02
South Carolina Gamecocks @ LSU Tigers,NCAAF,South Carolina Gamecocks,2025-10-11 19:59:00,FanDuel,3.3,LSU Tigers,2025-10-11 19:59:02
Troy Trojans @ Texas State Bobcats,NCAAF,Texas State Bobcats,2025-10-11 20:05:00,FanDuel,1.37,Troy Trojans,2025-10-11 19:59:02
Utah State Aggies @ Hawaii Rainbow Warriors,NCAAF,Hawaii Rainbow Warriors,2025-10-11 23:59:00,BetMGM,2.05,Hawaii Rainbow Warriors,2025-10-11 23:09:24
Yomiuri Giants @ Yokohama DeNA BayStars,NPB,Yomiuri Giants,2025-10-12 01:00:00,DraftKings,2.3,Yokohama DeNA BayStars,2025-10-11 23:38:57
Orix Buffaloes @ Hokkaido Nippon-Ham Fighters,NPB,Orix Buffaloes,2025-10-12 01:00:00,DraftKings,2.14,Hokkaido Nippon-Ham Fighters,2025-10-11 23:38:57
Dallas Stars @ Colorado Avalanche,NHL,Dallas Stars,2025-10-11 21:09:02,FanDuel,1.94,Dallas Stars,2025-10-11 23:59:01
Denver Broncos @ New York Jets,NFL,New York Jets,2025-10-12 09:30:00,DraftKings,4.3,Denver Broncos,2025-10-12 01:59:06
New England Patriots @ New Orleans Saints,NFL,New Orleans Saints,2025-10-12 13:00:00,DraftKings,2.6,New England Patriots,2025-10-12 12:32:11
Seattle Seahawks @ Jacksonville Jaguars,NFL,Jacksonville Jaguars,2025-10-12 13:00:00,FanDuel,1.96,Seattle Seahawks,2025-10-12 12:32:11
Los Angeles Chargers @ Miami Dolphins,NFL,Los Angeles Chargers,2025-10-12 13:01:00,BetMGM,1.53,Los Angeles Chargers,2025-10-12 12:32:11
Dallas Cowboys @ Carolina Panthers,NFL,Carolina Panthers,2025-10-12 13:01:00,Caesars,2.35,Carolina Panthers,2025-10-12 13:59:16
Arizona Cardinals @ Indianapolis Colts,NFL,Indianapolis Colts,2025-10-12 13:03:00,Caesars,1.22,Indianapolis Colts,2025-10-12 13:59:16
Cleveland Browns @ Pittsburgh Steelers,NFL,Pittsburgh Steelers,2025-10-12 13:02:00,DraftKings,1.19,Pittsburgh Steelers,2025-10-12 14:35:18
Cincinnati Bengals @ Green Bay Packers,NFL,Cincinnati Bengals,2025-10-12 16:26:00,FanDuel,8.0,Green Bay Packers,2025-10-12 15:59:13
Tennessee Titans @ Las Vegas Raiders,NFL,Las Vegas Raiders,2025-10-12 16:06:00,DraftKings,1.54,Las Vegas Raiders,2025-10-12 15:59:13
San Francisco 49ers @ Tampa Bay Buccaneers,NFL,Tampa Bay Buccaneers,2025-10-12 16:26:00,FanDuel,1.54,Tampa Bay Buccaneers,2025-10-12 15:59:13
Washington Capitals @ New York Rangers,NHL,New York Rangers,2025-10-12 19:10:00,BetMGM,1.95,Washington Capitals,2025-10-12 17:58:57
Detroit Lions @ Kansas City Chiefs,NFL,Kansas City Chiefs,2025-10-12 20:20:00,BetMGM,1.71,Kansas City Chiefs,2025-10-12 18:28:24
Seattle Mariners @ Toronto Blue Jays,MLB,Toronto Blue Jays,2025-10-12 20:03:00,FanDuel,1.62,Seattle Mariners,2025-10-12 18:28:24
SSG Landers @ Samsung Lions,KBO,SSG Landers,2025-10-13 05:30:00,FanDuel,1.98,Samsung Lions,2025-10-13 00:00:23
Ottawa Redblacks @ Montreal Alouettes,CFL,Ottawa Redblacks,2025-10-13 13:05:00,DraftKings,7.5,Montreal Alouettes,2025-10-13 01:31:50
Seattle Mariners @ Toronto Blue Jays,MLB,Seattle Mariners,2025-10-13 17:04:00,FanDuel,2.06,Seattle Mariners,2025-10-13 14:59:00
San Antonio Spurs @ Indiana Pacers,NBA Preseason,San Antonio Spurs,2025-10-13 19:00:00,DraftKings,2.3,San Antonio Spurs,2025-10-13 16:30:39
Washington Wizards @ New York Knicks,NBA Preseason,New York Knicks,2025-10-13 19:30:00,FanDuel,1.25,Washington Wizards,2025-10-13 17:25:02
Miami Heat @ Atlanta Hawks,NBA Preseason,Miami Heat,2025-10-13 18:00:00,Caesars,1.61,Atlanta Hawks,2025-10-13 17:59:21
Buffalo Bills @ Atlanta Falcons,NFL,Atlanta Falcons,2025-10-13 19:15:52,BetMGM,2.4,Atlanta Falcons,2025-10-13 19:25:15
Los Angeles Dodgers @ Milwaukee Brewers,MLB,Milwaukee Brewers,2025-10-13 20:08:00,FanDuel,2.3,Los Angeles Dodgers,2025-10-13 19:25:15
Chicago Bears @ Washington Commanders,NFL,Chicago Bears,2025-10-13 20:16:00,FanDuel,3.15,Chicago Bears,2025-10-13 19:59:10
Dallas Mavericks @ Utah Jazz,NBA Preseason,Utah Jazz,2025-10-13 21:00:00,Caesars,2.4,Dallas Mavericks,2025-10-13 19:59:10
SSG Landers @ Samsung Lions,KBO,SSG Landers,2025-10-14 05:30:00,FanDuel,2.6,Samsung Lions,2025-10-13 22:00:49
Nashville Predators @ Toronto Maple Leafs,NHL,Toronto Maple Leafs,2025-10-14 19:10:00,Fanatics,1.56,Toronto Maple Leafs,2025-10-14 14:59:01
Detroit Pistons @ Cleveland Cavaliers,NBA Preseason,Cleveland Cavaliers,2025-10-14 19:00:00,Caesars,1.53,Cleveland Cavaliers,2025-10-14 14:59:01
Seattle Kraken @ Montréal Canadiens,NHL,Seattle Kraken,2025-10-14 19:10:00,DraftKings,2.3,Montreal Canadiens,2025-10-14 15:23:55
Tampa Bay Lightning @ Washington Capitals,NHL,Tampa Bay Lightning,2025-10-14 19:10:00,FanDuel,1.94,Washington Capitals,2025-10-14 15:23:55
Edmonton Oilers @ New York Rangers,NHL,New York Rangers,2025-10-14 19:10:00,DraftKings,2.2,Edmonton Oilers,2025-10-14 16:31:16
Houston Rockets @ New Orleans Pelicans,NBA Preseason,New Orleans Pelicans,2025-10-14 20:00:00,Caesars,3.05,Houston Rockets,2025-10-14 19:26:24
Los Angeles Dodgers @ Milwaukee Brewers,MLB,Los Angeles Dodgers,2025-10-14 20:09:00,FanDuel,1.83,Los Angeles Dodgers,2025-10-14 19:26:24
Oklahoma City Thunder @ Milwaukee Bucks,NBA Preseason,Oklahoma City Thunder,2025-10-14 20:00:00,FanDuel,1.49,Oklahoma City Thunder,2025-10-14 19:26:24
Florida International Panthers @ Western Kentucky Hilltoppers,NCAAF,Western Kentucky Hilltoppers,2025-10-14 20:00:00,FanDuel,1.28,Florida International Panthers,2025-10-14 19:26:24
Chicago Bulls @ Denver Nuggets,NBA Preseason,Chicago Bulls,2025-10-14 21:00:00,FanDuel,2.64,Denver Nuggets,2025-10-14 19:59:06
Pittsburgh Penguins @ Anaheim Ducks,NHL,Pittsburgh Penguins,2025-10-14 22:44:38,BetMGM,2.45,Anaheim Ducks,2025-10-14 23:43:52
Hokkaido Nippon-Ham Fighters @ Fukuoka SoftBank Hawks,NPB,Fukuoka SoftBank Hawks,2025-10-15 05:00:00,DraftKings,1.65,Fukuoka SoftBank Hawks,2025-10-14 23:58:55
Carolina Hurricanes @ San Jose Sharks,NHL,Carolina Hurricanes,2025-10-14 22:08:59,BetMGM,1.03,Carolina Hurricanes,2025-10-14 23:58:55
Yokohama DeNA BayStars @ Hanshin Tigers,NPB,Yokohama DeNA BayStars,2025-10-15 05:00:00,FanDuel,2.1,Hanshin Tigers,2025-10-15 00:33:28
Hapoel Tel Aviv @ Valencia Basket,Basketball Euroleague,Hapoel Tel Aviv,2025-10-15 14:30:00,BetMGM,2.05,Hapoel Tel Aviv BC,2025-10-15 13:29:02
Memphis Grizzlies @ Charlotte Hornets,NBA Preseason,Memphis Grizzlies,2025-10-15 19:00:00,Caesars,2.52,Charlotte Hornets,2025-10-15 15:59:09
Toronto Raptors @ Boston Celtics,NBA Preseason,Toronto Raptors,2025-10-15 19:30:00,FanDuel,2.42,Boston Celtics,2025-10-15 18:58:56
Toronto Blue Jays @ Seattle Mariners,MLB,Toronto Blue Jays,2025-10-15 20:08:00,BetMGM,2.1,Toronto Blue Jays,2025-10-15 19:26:00
Dallas Mavericks @ Los Angeles Lakers,NBA Preseason,Los Angeles Lakers,2025-10-15 22:30:00,BetMGM,3.6,Dallas Mavericks,2025-10-15 20:45:16
Hokkaido Nippon-Ham Fighters @ Fukuoka SoftBank Hawks,NPB,Hokkaido Nippon-Ham Fighters,2025-10-16 05:00:00,FanDuel,2.06,Fukuoka SoftBank Hawks,2025-10-15 20:45:16
Yokohama DeNA BayStars @ Hanshin Tigers,NPB,Hanshin Tigers,2025-10-16 05:00:00,DraftKings,1.46,Hanshin Tigers,2025-10-15 20:45:16
Milwaukee Brewers @ Los Angeles Dodgers,MLB,Milwaukee Brewers,2025-10-16 18:08:00,FanDuel,2.46,Los Angeles Dodgers,2025-10-16 13:08:50
Washington Wizards @ Detroit Pistons,NBA Preseason,Detroit Pistons,2025-10-16 19:00:00,DraftKings,1.4,Detroit Pistons,2025-10-16 14:47:50
Colorado Avalanche @ Columbus Blue Jackets,NHL,Columbus Blue Jackets,2025-10-16 19:10:00,Caesars,2.4,Colorado Avalanche,2025-10-16 15:05:50
Nashville Predators @ Montréal Canadiens,NHL,Montréal Canadiens,2025-10-16 19:10:00,BetMGM,1.69,Montreal Canadiens,2025-10-16 15:05:50
New Orleans Pelicans @ Orlando Magic,NBA Preseason,Orlando Magic,2025-10-16 19:00:00,FanDuel,1.34,Orlando Magic,2025-10-16 15:05:50
New York Rangers @ Toronto Maple Leafs,NHL,New York Rangers,2025-10-16 19:10:00,FanDuel,2.16,Toronto Maple Leafs,2025-10-16 15:37:22
Florida Panthers @ New Jersey Devils,NHL,New Jersey Devils,2025-10-16 19:10:00,BetMGM,1.67,New Jersey Devils,2025-10-16 17:08:53
Winnipeg Jets @ Philadelphia Flyers,NHL,Philadelphia Flyers,2025-10-16 19:10:00,FanDuel,2.2,Winnipeg Jets,2025-10-16 18:37:06
Houston Rockets @ Atlanta Hawks,NBA Preseason,Houston Rockets,2025-10-16 19:42:00,FanDuel,3.2,Houston Rockets,2025-10-16 19:35:20
Minnesota Timberwolves @ Chicago Bulls,NBA Preseason,Chicago Bulls,2025-10-16 20:00:00,Caesars,3.05,Chicago Bulls,2025-10-16 19:35:20
Vancouver Canucks @ Dallas Stars,NHL,Vancouver Canucks,2025-10-16 20:08:20,DraftKings,7.0,Vancouver Canucks,2025-10-16 20:45:00
Toronto Blue Jays @ Seattle Mariners,MLB,Toronto Blue Jays,2025-10-16 20:34:00,FanDuel,2.62,Toronto Blue Jays,2025-10-16 20:45:00
Portland Trail Blazers @ Utah Jazz,NBA Preseason,Portland Trail Blazers,2025-10-16 21:00:00,Caesars,1.71,Utah Jazz,2025-10-16 20:56:25
Carolina Hurricanes @ Anaheim Ducks,NHL,Anaheim Ducks,2025-10-16 22:08:13,DraftKings,2.54,Carolina Hurricanes,2025-10-16 22:18:37
Hokkaido Nippon-Ham Fighters @ Fukuoka SoftBank Hawks,NPB,Hokkaido Nippon-Ham Fighters,2025-10-17 05:00:00,FanDuel,1.77,Hokkaido Nippon-Ham Fighters,2025-10-16 22:18:37
Boston Bruins @ Vegas Golden Knights,NHL,Vegas Golden Knights,2025-10-16 22:08:40,DraftKings,1.48,Vegas Golden Knights,2025-10-16 23:14:08
Pittsburgh Penguins @ Los Angeles Kings,NHL,Los Angeles Kings,2025-10-16 22:08:46,Caesars,1.26,Pittsburgh Penguins,2025-10-16 23:14:08
Yokohama DeNA BayStars @ Hanshin Tigers,NPB,Yokohama DeNA BayStars,2025-10-17 05:00:00,Caesars,2.15,Hanshin Tigers,2025-10-17 00:12:28
Real Madrid @ KK Crvena zvezda,Basketball Euroleague,KK Crvena zvezda,2025-10-17 13:00:00,FanDuel,2.6,KK Crvena zvezda,2025-10-17 13:08:41
Hapoel Tel Aviv @ Paris Basketball,Basketball Euroleague,Paris Basketball,2025-10-17 14:45:00,DraftKings,2.0,Hapoel Tel Aviv BC,2025-10-17 14:44:47
Toronto Blue Jays @ Seattle Mariners,MLB,Seattle Mariners,2025-10-17 18:09:00,Fanatics,2.0,Toronto Blue Jays,2025-10-17 15:35:29
Brooklyn Nets @ Toronto Raptors,NBA Preseason,Brooklyn Nets,2025-10-17 19:00:00,DraftKings,3.05,Toronto Raptors,2025-10-17 16:11:23
Saskatchewan Roughriders @ Winnipeg Blue Bombers,CFL,Saskatchewan Roughriders,2025-10-17 20:00:00,DraftKings,4.7,Winnipeg Blue Bombers,2025-10-17 19:34:52
North Carolina Tar Heels @ California Golden Bears,NCAAF,North Carolina Tar Heels,2025-10-17 22:30:00,Caesars,3.75,California Golden Bears,2025-10-17 20:42:09
Tampa Bay Lightning @ Detroit Red Wings,NHL,Tampa Bay Lightning,2025-10-17 19:08:35,FanDuel,3.55,Detroit Red Wings,2025-10-17 20:42:09
Los Angeles Clippers @ Golden State Warriors,NBA Preseason,Los Angeles Clippers,2025-10-17 22:00:00,Caesars,2.48,Los Angeles Clippers,2025-10-17 20:42:09
Vancouver Canucks @ Chicago Blackhawks,NHL,Vancouver Canucks,2025-10-17 20:39:05,DraftKings,1.83,Vancouver Canucks,2025-10-17 20:42:09
Nebraska Cornhuskers @ Minnesota Golden Gophers,NCAAF,Nebraska Cornhuskers,2025-10-17 20:05:53,BetMGM,1.33,Minnesota Golden Gophers,2025-10-17 20:42:09
Edmonton Elks @ BC Lions,CFL,Edmonton Elks,2025-10-17 22:37:00,DraftKings,3.75,BC Lions,2025-10-17 22:12:56
Hokkaido Nippon-Ham Fighters @ Fukuoka SoftBank Hawks,NPB,Hokkaido Nippon-Ham Fighters,2025-10-18 01:00:00,DraftKings,1.89,Hokkaido Nippon-Ham Fighters,2025-10-17 23:43:29
Samsung Lions @ Hanwha Eagles,KBO,Samsung Lions,2025-10-18 01:00:00,FanDuel,2.68,Hanwha Eagles,2025-10-18 01:09:18
Chelsea @ Nottingham Forest,EPL,Nottingham Forest,2025-10-18 07:31:00,Caesars,3.7,Chelsea,2025-10-18 08:16:54
Leeds United @ Burnley,EPL,Burnley,2025-10-18 10:00:00,DraftKings,3.6,Burnley,2025-10-18 10:07:50
Newcastle United @ Brighton and Hove Albion,EPL,Newcastle United,2025-10-18 10:00:00,Caesars,2.4,Brighton and Hove Albion,2025-10-18 10:07:50
Bournemouth @ Crystal Palace,EPL,Bournemouth,2025-10-18 10:01:00,Caesars,1.22,Draw,2025-10-18 11:08:09
Arizona Wildcats @ Houston Cougars,NCAAF,Houston Cougars,2025-10-18 12:00:00,Caesars,2.0,Houston Cougars,2025-10-18 11:35:27
Central Michigan Chippewas @ Bowling Green Falcons,NCAAF,Central Michigan Chippewas,2025-10-18 12:03:09,Caesars,2.8,Central Michigan Chippewas,2025-10-18 12:10:44
LSU Tigers @ Vanderbilt Commodores,NCAAF,Vanderbilt Commodores,2025-10-18 12:07:41,BetMGM,1.87,Vanderbilt Commodores,2025-10-18 12:10:44
Oklahoma Sooners @ South Carolina Gamecocks,NCAAF,South Carolina Gamecocks,2025-10-18 12:48:00,DraftKings,2.6,Oklahoma Sooners,2025-10-18 12:40:44
Arsenal @ Fulham,EPL,Arsenal,2025-10-18 12:30:00,Caesars,1.56,Arsenal,2025-10-18 12:40:44
Georgia Tech Yellow Jackets @ Duke Blue Devils,NCAAF,Duke Blue Devils,2025-10-18 12:10:28,FanDuel,2.58,Georgia Tech Yellow Jackets,2025-10-18 13:07:34
Buffalo Bulls @ UMass Minutemen,NCAAF,UMass Minutemen,2025-10-18 14:30:00,DraftKings,6.75,Buffalo Bulls,2025-10-18 14:12:23
Baylor Bears @ TCU Horned Frogs,NCAAF,TCU Horned Frogs,2025-10-18 12:02:33,Fanatics,1.05,TCU Horned Frogs,2025-10-18 14:12:23
Florida Panthers @ Buffalo Sabres,NHL,Florida Panthers,2025-10-18 13:08:28,FanDuel,15.0,Buffalo Sabres,2025-10-18 14:43:03
Troy Trojans @ UL Monroe Warhawks,NCAAF,UL Monroe Warhawks,2025-10-18 15:02:50,FanDuel,3.3,Troy Trojans,2025-10-18 15:07:11
Purdue Boilermakers @ Northwestern Wildcats,NCAAF,Purdue Boilermakers,2025-10-18 15:01:16,FanDuel,2.58,Northwestern Wildcats,2025-10-18 15:07:11
Akron Zips @ Ball State Cardinals,NCAAF,Akron Zips,2025-10-18 15:30:00,FanDuel,1.89,Ball State Cardinals,2025-10-18 15:07:11
Michigan State Spartans @ Indiana Hoosiers,NCAAF,Michigan State Spartans,2025-10-18 15:40:00,Fanatics,19.0,Indiana Hoosiers,2025-10-18 15:36:42
Temple Owls @ Charlotte 49ers,NCAAF,Charlotte 49ers,2025-10-18 15:33:02,FanDuel,3.9,Temple Owls,2025-10-18 15:36:42
New York Islanders @ Ottawa Senators,NHL,New York Islanders,2025-10-18 15:09:07,Fanatics,2.15,New York Islanders,2025-10-18 15:36:42
SMU Mustangs @ Clemson Tigers,NCAAF,Clemson Tigers,2025-10-18 15:35:51,FanDuel,1.57,SMU Mustangs,2025-10-18 15:36:42
Edmonton Oilers @ New Jersey Devils,NHL,Edmonton Oilers,2025-10-18 15:39:05,BetMGM,1.91,New Jersey Devils,2025-10-18 16:09:43
UNLV Rebels @ Boise State Broncos,NCAAF,UNLV Rebels,2025-10-18 15:35:45,DraftKings,16.0,Boise State Broncos,2025-10-18 18:08:08
Ole Miss Rebels @ Georgia Bulldogs,NCAAF,Ole Miss Rebels,2025-10-18 15:45:31,Caesars,1.45,Georgia Bulldogs,2025-10-18 18:08:08
Seattle Kraken @ Toronto Maple Leafs,NHL,Toronto Maple Leafs,2025-10-18 19:15:05,FanDuel,2.06,Seattle Kraken,2025-10-18 19:34:56
New York Rangers @ Montréal Canadiens,NHL,New York Rangers,2025-10-18 19:15:21,FanDuel,4.0,New York Rangers,2025-10-18 20:51:51
Utah Utes @ BYU Cougars,NCAAF,BYU Cougars,2025-10-18 20:06:24,Caesars,1.83,BYU Cougars,2025-10-18 20:51:51
Carolina Hurricanes @ Los Angeles Kings,NHL,Carolina Hurricanes,2025-10-18 21:08:59,BetMGM,1.31,Carolina Hurricanes,2025-10-18 22:43:57
Florida State Seminoles @ Stanford Cardinal,NCAAF,Stanford Cardinal,2025-10-18 22:35:21,BetMGM,2.6,Stanford Cardinal,2025-10-18 23:40:10
Samsung Lions @ Hanwha Eagles,KBO,Hanwha Eagles,2025-10-19 01:00:00,Fanatics,1.67,Samsung Lions,2025-10-18 23:40:10
Aston Villa @ Tottenham Hotspur,EPL,Tottenham Hotspur,2025-10-19 09:00:00,DraftKings,2.2,Aston Villa,2025-10-19 08:16:54
Manchester United @ Liverpool,EPL,Draw,2025-10-19 11:30:00,Fanatics,3.4,Manchester United,2025-10-19 12:10:29
Carolina Panthers @ New York Jets,NFL,New York Jets,2025-10-19 13:00:00,BetMGM,1.95,Carolina Panthers,2025-10-19 12:10:29
Vancouver Canucks @ Washington Capitals,NHL,Washington Capitals,2025-10-19 12:40:00,FanDuel,1.59,Vancouver Canucks,2025-10-19 12:10:29
New Orleans Saints @ Chicago Bears,NFL,Chicago Bears,2025-10-19 13:00:00,FanDuel,1.47,Chicago Bears,2025-10-19 12:10:29
Philadelphia Eagles @ Minnesota Vikings,NFL,Philadelphia Eagles,2025-10-19 13:00:00,Fanatics,1.71,Philadelphia Eagles,2025-10-19 12:41:04
New England Patriots @ Tennessee Titans,NFL,Tennessee Titans,2025-10-19 13:03:23,DraftKings,3.3,New England Patriots,2025-10-19 13:08:04
Miami Dolphins @ Cleveland Browns,NFL,Miami Dolphins,2025-10-19 13:02:25,FanDuel,2.08,Cleveland Browns,2025-10-19 13:36:18
Edmonton Oilers @ Detroit Red Wings,NHL,Detroit Red Wings,2025-10-19 15:10:00,BetMGM,2.15,Detroit Red Wings,2025-10-19 15:07:29
Washington Commanders @ Dallas Cowboys,NFL,Dallas Cowboys,2025-10-19 16:25:00,FanDuel,1.81,Dallas Cowboys,2025-10-19 15:07:29
Indianapolis Colts @ Los Angeles Chargers,NFL,Los Angeles Chargers,2025-10-19 16:05:00,DraftKings,1.74,Indianapolis Colts,2025-10-19 15:07:29
Green Bay Packers @ Arizona Cardinals,NFL,Green Bay Packers,2025-10-19 16:25:00,FanDuel,1.29,Green Bay Packers,2025-10-19 15:23:25
New York Giants @ Denver Broncos,NFL,New York Giants,2025-10-19 16:05:30,DraftKings,4.0,Denver Broncos,2025-10-19 16:10:02
Atlanta Falcons @ San Francisco 49ers,NFL,Atlanta Falcons,2025-10-19 20:20:00,DraftKings,1.95,San Francisco 49ers,2025-10-19 18:09:13
Anaheim Ducks @ Chicago Blackhawks,NHL,Anaheim Ducks,2025-10-19 19:10:00,BetMGM,1.8,Chicago Blackhawks,2025-10-19 18:09:13
Seattle Mariners @ Toronto Blue Jays,MLB,Toronto Blue Jays,2025-10-19 20:04:00,DraftKings,1.83,Toronto Blue Jays,2025-10-19 19:35:30
Boston Bruins @ Utah Mammoth,NHL,Utah Mammoth,2025-10-19 19:08:47,Caesars,1.25,Utah Mammoth,2025-10-19 19:35:30
Hokkaido Nippon-Ham Fighters @ Fukuoka SoftBank Hawks,NPB,Fukuoka SoftBank Hawks,2025-10-20 05:00:00,DraftKings,1.68,Fukuoka SoftBank Hawks,2025-10-19 22:18:33
Tampa Bay Buccaneers @ Detroit Lions,NFL,Tampa Bay Buccaneers,2025-10-20 19:00:00,DraftKings,3.3,Detroit Lions,2025-10-20 14:49:33
Brentford @ West Ham United,EPL,Draw,2025-10-20 15:00:00,Fanatics,3.3,Brentford,2025-10-20 15:08:42
Seattle Mariners @ Toronto Blue Jays,MLB,Seattle Mariners,2025-10-20 20:08:00,Caesars,2.15,Toronto Blue Jays,2025-10-20 18:38:29
Houston Texans @ Seattle Seahawks,NFL,Houston Texans,2025-10-20 22:00:00,BetMGM,2.45,Seattle Seahawks,2025-10-20 20:46:20
Hanwha Eagles @ Samsung Lions,KBO,Samsung Lions,2025-10-21 05:30:00,Fanatics,1.59,Hanwha Eagles,2025-10-20 20:46:20
Seattle Kraken @ Washington Capitals,NHL,Seattle Kraken,2025-10-21 19:10:00,Fanatics,3.2,Washington Capitals,2025-10-21 15:09:02
Vancouver Canucks @ Pittsburgh Penguins,NHL,Pittsburgh Penguins,2025-10-21 19:10:00,DraftKings,1.95,Pittsburgh Penguins,2025-10-21 15:09:02
Edmonton Oilers @ Ottawa Senators,NHL,Edmonton Oilers,2025-10-21 19:10:00,Caesars,1.8,Edmonton Oilers,2025-10-21 15:09:02
San Jose Sharks @ New York Islanders,NHL,San Jose Sharks,2025-10-21 19:10:00,DraftKings,2.9,New York Islanders,2025-10-21 15:36:24
New Jersey Devils @ Toronto Maple Leafs,NHL,Toronto Maple Leafs,2025-10-21 19:10:00,Fanatics,1.83,New Jersey Devils,2025-10-21 15:36:24
Florida Panthers @ Boston Bruins,NHL,Boston Bruins,2025-10-21 19:38:50,BetMGM,19.5,Florida Panthers,2025-10-21 22:24:59
Hanwha Eagles @ Samsung Lions,KBO,Hanwha Eagles,2025-10-22 05:30:00,FanDuel,2.94,Samsung Lions,2025-10-21 23:32:09
Golden State Warriors @ Los Angeles Lakers,NBA,Los Angeles Lakers,2025-10-21 22:17:41,Caesars,2.2,Golden State Warriors,2025-10-21 23:32:09
Colorado Avalanche @ Utah Mammoth,NHL,Colorado Avalanche,2025-10-21 22:20:46,FanDuel,1.29,Utah Mammoth,2025-10-21 23:32:09
Brooklyn Nets @ Charlotte Hornets,NBA,Brooklyn Nets,2025-10-22 19:10:00,FanDuel,2.76,Charlotte Hornets,2025-10-22 15:08:46
Cleveland Cavaliers @ New York Knicks,NBA,New York Knicks,2025-10-22 19:10:00,DraftKings,2.05,New York Knicks,2025-10-22 15:36:18
Miami Heat @ Orlando Magic,NBA,Miami Heat,2025-10-22 19:10:00,FanDuel,3.9,Orlando Magic,2025-10-22 18:08:24
Philadelphia 76ers @ Boston Celtics,NBA,Philadelphia 76ers,2025-10-22 19:40:00,Fanatics,2.65,Philadelphia 76ers,2025-10-22 19:08:15
New Orleans Pelicans @ Memphis Grizzlies,NBA,New Orleans Pelicans,2025-10-22 20:12:46,FanDuel,7.0,Memphis Grizzlies,2025-10-22 22:20:38
Detroit Pistons @ Chicago Bulls,NBA,Detroit Pistons,2025-10-22 20:13:55,Fanatics,4.1,Chicago Bulls,2025-10-22 22:20:38
Minnesota Timberwolves @ Portland Trail Blazers,NBA,Portland Trail Blazers,2025-10-22 22:17:00,DraftKings,2.75,Minnesota Timberwolves,2025-10-22 22:20:38
Sacramento Kings @ Phoenix Suns,NBA,Phoenix Suns,2025-10-22 22:12:00,Caesars,1.5,Phoenix Suns,2025-10-22 22:20:38
San Antonio Spurs @ Dallas Mavericks,NBA,Dallas Mavericks,2025-10-22 21:50:00,DraftKings,4.9,San Antonio Spurs,2025-10-22 23:24:37
Missouri State Bears @ New Mexico State Aggies,NCAAF,Missouri State Bears,2025-10-22 21:02:55,BetMGM,1.07,Missouri State Bears,2025-10-22 23:50:18
Chicago Blackhawks @ Tampa Bay Lightning,NHL,Chicago Blackhawks,2025-10-23 18:55:00,DraftKings,3.6,Chicago Blackhawks,2025-10-23 15:08:35
Detroit Red Wings @ New York Islanders,NHL,Detroit Red Wings,2025-10-23 19:10:00,FanDuel,2.15,New York Islanders,2025-10-23 15:08:35
Anaheim Ducks @ Boston Bruins,NHL,Boston Bruins,2025-10-23 19:10:00,FanDuel,1.91,Anaheim Ducks,2025-10-23 15:08:35
Pittsburgh Penguins @ Florida Panthers,NHL,Pittsburgh Penguins,2025-10-23 19:10:00,BetMGM,2.65,Pittsburgh Penguins,2025-10-23 17:35:06
Philadelphia Flyers @ Ottawa Senators,NHL,Ottawa Senators,2025-10-23 19:10:00,FanDuel,1.62,Ottawa Senators,2025-10-23 18:38:33
Vancouver Canucks @ Nashville Predators,NHL,Vancouver Canucks,2025-10-23 20:10:00,FanDuel,2.0,Nashville Predators,2025-10-23 19:35:08
Oklahoma City Thunder @ Indiana Pacers,NBA,Oklahoma City Thunder,2025-10-23 19:42:00,FanDuel,1.33,Oklahoma City Thunder,2025-10-23 19:35:08
Samsung Lions @ Hanwha Eagles,KBO,Samsung Lions,2025-10-24 05:30:00,Fanatics,2.55,Hanwha Eagles,2025-10-23 20:42:46
Carolina Hurricanes @ Colorado Avalanche,NHL,Colorado Avalanche,2025-10-23 21:10:00,FanDuel,1.75,Carolina Hurricanes,2025-10-23 20:42:46
Utah Mammoth @ St Louis Blues,NHL,Utah Mammoth,2025-10-23 20:08:32,BetMGM,1.03,Utah Mammoth,2025-10-23 20:42:46
Denver Nuggets @ Golden State Warriors,NBA,Golden State Warriors,2025-10-23 22:19:01,Fanatics,7.5,Golden State Warriors,2025-10-24 00:12:06
West Ham United @ Leeds United,EPL,West Ham United,2025-10-24 15:00:00,Fanatics,4.75,Leeds United,2025-10-24 14:30:32
Milwaukee Bucks @ Toronto Raptors,NBA,Milwaukee Bucks,2025-10-24 18:40:00,FanDuel,2.06,Milwaukee Bucks,2025-10-24 14:57:16
Atlanta Hawks @ Orlando Magic,NBA,Atlanta Hawks,2025-10-24 19:11:03,BetMGM,2.75,Atlanta Hawks,2025-10-24 19:30:30
Los Angeles Dodgers @ Toronto Blue Jays,MLB,Toronto Blue Jays,2025-10-24 20:00:00,Caesars,2.4,Toronto Blue Jays,2025-10-24 19:30:30
San Antonio Spurs @ New Orleans Pelicans,NBA,San Antonio Spurs,2025-10-24 20:10:00,Fanatics,1.59,San Antonio Spurs,2025-10-24 19:40:37
Detroit Pistons @ Houston Rockets,NBA,Detroit Pistons,2025-10-24 20:10:00,FanDuel,3.1,Detroit Pistons,2025-10-24 19:56:28
Utah Jazz @ Sacramento Kings,NBA,Sacramento Kings,2025-10-24 22:10:00,FanDuel,1.48,Sacramento Kings,2025-10-24 21:41:11
Minnesota Timberwolves @ Los Angeles Lakers,NBA,Minnesota Timberwolves,2025-10-24 22:17:55,DraftKings,2.5,Los Angeles Lakers,2025-10-24 23:27:33
Phoenix Suns @ Los Angeles Clippers,NBA,Phoenix Suns,2025-10-24 22:43:33,BetMGM,16.5,Los Angeles Clippers,2025-10-24 23:48:45
Golden State Warriors @ Portland Trail Blazers,NBA,Golden State Warriors,2025-10-24 22:12:47,FanDuel,3.35,Portland Trail Blazers,2025-10-24 23:48:45
Hanshin Tigers @ Fukuoka SoftBank Hawks,NPB,Fukuoka SoftBank Hawks,2025-10-25 05:30:00,FanDuel,2.04,Hanshin Tigers,2025-10-25 03:47:29
Fulham @ Newcastle United,EPL,Draw,2025-10-25 10:00:00,FanDuel,5.3,Newcastle United,2025-10-25 10:41:45
Ohio Bobcats @ Eastern Michigan Eagles,NCAAF,Ohio Bobcats,2025-10-25 12:00:00,FanDuel,1.24,Ohio Bobcats,2025-10-25 11:31:02
Bowling Green Falcons @ Kent State Golden Flashes,NCAAF,Bowling Green Falcons,2025-10-25 12:00:00,DraftKings,1.32,Kent State Golden Flashes,2025-10-25 11:40:43
Syracuse Orange @ Georgia Tech Yellow Jackets,NCAAF,Syracuse Orange,2025-10-25 12:00:00,DraftKings,7.5,Georgia Tech Yellow Jackets,2025-10-25 11:56:37
Brighton and Hove Albion @ Manchester United,EPL,Brighton and Hove Albion,2025-10-25 12:30:00,FanDuel,3.6,Manchester United,2025-10-25 12:24:54
Akron Zips @ Buffalo Bulls,NCAAF,Akron Zips,2025-10-25 13:00:00,Caesars,4.2,Akron Zips,2025-10-25 12:50:20
Auburn Tigers @ Arkansas Razorbacks,NCAAF,Auburn Tigers,2025-10-25 12:47:35,Caesars,2.18,Auburn Tigers,2025-10-25 12:50:20
Liverpool @ Brentford,EPL,Draw,2025-10-25 15:00:00,Caesars,4.0,Brentford,2025-10-25 14:47:11
BYU Cougars @ Iowa State Cyclones,NCAAF,BYU Cougars,2025-10-25 15:30:00,FanDuel,2.2,BYU Cougars,2025-10-25 15:16:04
UMass Minutemen @ Central Michigan Chippewas,NCAAF,UMass Minutemen,2025-10-25 15:32:29,FanDuel,15.0,Central Michigan Chippewas,2025-10-25 15:42:24
Alabama Crimson Tide @ South Carolina Gamecocks,NCAAF,South Carolina Gamecocks,2025-10-25 15:51:00,Caesars,4.6,Alabama Crimson Tide,2025-10-25 15:50:12
Chicago Bulls @ Orlando Magic,NBA,Chicago Bulls,2025-10-25 19:00:00,DraftKings,2.95,Chicago Bulls,2025-10-25 18:18:55
Charlotte Hornets @ Philadelphia 76ers,NBA,Charlotte Hornets,2025-10-25 19:40:00,DraftKings,2.6,Philadelphia 76ers,2025-10-25 19:18:29
Oklahoma City Thunder @ Atlanta Hawks,NBA,Atlanta Hawks,2025-10-25 19:40:31,DraftKings,4.0,Oklahoma City Thunder,2025-10-25 19:48:23
Phoenix Suns @ Denver Nuggets,NBA,Phoenix Suns,2025-10-25 21:13:37,FanDuel,9.0,Denver Nuggets,2025-10-25 21:49:38
Los Angeles Dodgers @ Toronto Blue Jays,MLB,Toronto Blue Jays,2025-10-25 20:07:00,DraftKings,1.91,Los Angeles Dodgers,2025-10-25 21:49:38
Indiana Pacers @ Memphis Grizzlies,NBA,Memphis Grizzlies,2025-10-25 20:11:00,Fanatics,1.05,Memphis Grizzlies,2025-10-25 21:49:38
Hanwha Eagles @ LG Twins,KBO,Hanwha Eagles,2025-10-26 01:00:00,BetMGM,2.25,LG Twins,2025-10-26 00:25:00
Hanshin Tigers @ Fukuoka SoftBank Hawks,NPB,Fukuoka SoftBank Hawks,2025-10-26 05:30:00,DraftKings,2.1,Fukuoka SoftBank Hawks,2025-10-26 01:20:55
Crystal Palace @ Arsenal,EPL,Crystal Palace,2025-10-26 10:00:00,DraftKings,9.0,Arsenal,2025-10-26 09:05:00
Manchester City @ Aston Villa,EPL,Aston Villa,2025-10-26 10:00:00,FanDuel,4.6,Aston Villa,2025-10-26 09:05:00
Nottingham Forest @ Bournemouth,EPL,Nottingham Forest,2025-10-26 10:00:00,FanDuel,4.0,Bournemouth,2025-10-26 09:49:30
Burnley @ Wolverhampton Wanderers,EPL,Burnley,2025-10-26 10:00:00,Caesars,3.7,Burnley,2025-10-26 10:18:42
Buffalo Bills @ Carolina Panthers,NFL,Carolina Panthers,2025-10-26 13:00:00,FanDuel,4.3,Buffalo Bills,2025-10-26 12:42:16
Tottenham Hotspur @ Everton,EPL,Draw,2025-10-26 12:30:00,Caesars,3.4,Tottenham Hotspur,2025-10-26 12:42:16
New York Jets @ Cincinnati Bengals,NFL,New York Jets,2025-10-26 13:00:00,FanDuel,3.3,New York Jets,2025-10-26 12:42:16
Cleveland Browns @ New England Patriots,NFL,New England Patriots,2025-10-26 13:00:00,Fanatics,1.29,New England Patriots,2025-10-26 12:42:16
Miami Dolphins @ Atlanta Falcons,NFL,Miami Dolphins,2025-10-26 13:03:00,DraftKings,3.8,Miami Dolphins,2025-10-26 12:58:42
Chicago Bears @ Baltimore Ravens,NFL,Chicago Bears,2025-10-26 13:03:00,BetMGM,2.25,Baltimore Ravens,2025-10-26 12:58:42
Colorado Avalanche @ New Jersey Devils,NHL,Colorado Avalanche,2025-10-26 13:08:06,BetMGM,2.05,New Jersey Devils,2025-10-26 13:17:54
San Francisco 49ers @ Houston Texans,NFL,Houston Texans,2025-10-26 13:03:11,FanDuel,1.54,Houston Texans,2025-10-26 13:17:54
Brooklyn Nets @ San Antonio Spurs,NBA,Brooklyn Nets,2025-10-26 14:10:00,DraftKings,5.1,San Antonio Spurs,2025-10-26 13:31:35
Tampa Bay Buccaneers @ New Orleans Saints,NFL,New Orleans Saints,2025-10-26 16:05:00,DraftKings,2.8,Tampa Bay Buccaneers,2025-10-26 15:16:43
Dallas Cowboys @ Denver Broncos,NFL,Dallas Cowboys,2025-10-26 16:25:00,FanDuel,2.66,Denver Broncos,2025-10-26 15:16:43
Boston Celtics @ Detroit Pistons,NBA,Detroit Pistons,2025-10-26 15:40:00,FanDuel,1.74,Detroit Pistons,2025-10-26 15:35:55
Tennessee Titans @ Indianapolis Colts,NFL,Tennessee Titans,2025-10-26 16:25:00,DraftKings,10.0,Indianapolis Colts,2025-10-26 15:51:51
Vegas Golden Knights @ Tampa Bay Lightning,NHL,Vegas Golden Knights,2025-10-26 17:10:00,FanDuel,2.18,Tampa Bay Lightning,2025-10-26 15:59:06
Milwaukee Bucks @ Cleveland Cavaliers,NBA,Cleveland Cavaliers,2025-10-26 18:00:00,FanDuel,1.39,Cleveland Cavaliers,2025-10-26 16:36:46
New York Knicks @ Miami Heat,NBA,New York Knicks,2025-10-26 18:00:00,Caesars,1.69,Miami Heat,2025-10-26 17:18:50
Charlotte Hornets @ Washington Wizards,NBA,Washington Wizards,2025-10-26 18:10:00,FanDuel,1.81,Charlotte Hornets,2025-10-26 17:40:27
Utah Mammoth @ Winnipeg Jets,NHL,Winnipeg Jets,2025-10-26 18:10:00,Fanatics,1.67,Utah Mammoth,2025-10-26 17:40:27
San Jose Sharks @ Minnesota Wild,NHL,San Jose Sharks,2025-10-26 18:10:00,Caesars,2.75,San Jose Sharks,2025-10-26 17:48:24
Los Angeles Kings @ Chicago Blackhawks,NHL,Los Angeles Kings,2025-10-26 19:10:00,BetMGM,1.65,Los Angeles Kings,2025-10-26 17:48:24
Indiana Pacers @ Minnesota Timberwolves,NBA,Indiana Pacers,2025-10-26 19:10:00,DraftKings,5.55,Minnesota Timberwolves,2025-10-26 18:35:09
Toronto Raptors @ Dallas Mavericks,NBA,Dallas Mavericks,2025-10-26 19:40:00,BetMGM,1.98,Dallas Mavericks,2025-10-26 18:35:09
Dallas Stars @ Nashville Predators,NHL,Dallas Stars,2025-10-26 19:10:00,DraftKings,1.7,Dallas Stars,2025-10-26 18:44:40
Green Bay Packers @ Pittsburgh Steelers,NFL,Pittsburgh Steelers,2025-10-26 20:20:00,FanDuel,2.3,Green Bay Packers,2025-10-26 19:30:59
New York Rangers @ Calgary Flames,NHL,New York Rangers,2025-10-26 20:10:00,FanDuel,1.83,Calgary Flames,2025-10-26 19:41:39
Los Angeles Lakers @ Sacramento Kings,NBA,Los Angeles Lakers,2025-10-26 21:00:00,DraftKings,2.36,Los Angeles Lakers,2025-10-26 19:57:32
Hanwha Eagles @ LG Twins,KBO,Hanwha Eagles,2025-10-27 05:30:00,Fanatics,2.25,LG Twins,2025-10-26 23:22:29
Edmonton Oilers @ Vancouver Canucks,NHL,Edmonton Oilers,2025-10-26 22:08:10,FanDuel,7.0,Vancouver Canucks,2025-10-27 00:01:48
Cleveland Cavaliers @ Detroit Pistons,NBA,Cleveland Cavaliers,2025-10-27 19:00:00,DraftKings,1.74,Cleveland Cavaliers,2025-10-27 15:17:56
Orlando Magic @ Philadelphia 76ers,NBA,Philadelphia 76ers,2025-10-27 19:00:00,FanDuel,3.15,Philadelphia 76ers,2025-10-27 15:56:18
Boston Bruins @ Ottawa Senators,NHL,Boston Bruins,2025-10-27 19:40:00,DraftKings,2.45,Ottawa Senators,2025-10-27 16:22:21
Atlanta Hawks @ Chicago Bulls,NBA,Chicago Bulls,2025-10-27 20:00:00,Caesars,2.18,Chicago Bulls,2025-10-27 17:19:26
Boston Celtics @ New Orleans Pelicans,NBA,New Orleans Pelicans,2025-10-27 20:00:00,FanDuel,2.14,Boston Celtics,2025-10-27 17:19:26
Washington Commanders @ Kansas City Chiefs,NFL,Washington Commanders,2025-10-27 20:15:00,FanDuel,6.0,Kansas City Chiefs,2025-10-27 19:19:53
Toronto Raptors @ San Antonio Spurs,NBA,Toronto Raptors,2025-10-27 20:00:00,Fanatics,2.6,San Antonio Spurs,2025-10-27 19:19:53
Toronto Blue Jays @ Los Angeles Dodgers,MLB,Toronto Blue Jays,2025-10-27 20:01:00,FanDuel,2.68,Los Angeles Dodgers,2025-10-27 19:30:52
Brooklyn Nets @ Houston Rockets,NBA,Brooklyn Nets,2025-10-27 20:00:00,DraftKings,9.0,Houston Rockets,2025-10-27 19:48:47
Denver Nuggets @ Minnesota Timberwolves,NBA,Minnesota Timberwolves,2025-10-27 21:42:00,BetMGM,6.5,Denver Nuggets,2025-10-27 23:42:10
Fukuoka SoftBank Hawks @ Hanshin Tigers,NPB,Fukuoka SoftBank Hawks,2025-10-28 05:00:00,BetMGM,1.87,Fukuoka SoftBank Hawks,2025-10-28 01:57:13
Anadolu Efes @ Paris Basketball,Basketball Euroleague,Paris Basketball,2025-10-28 15:45:00,DraftKings,2.24,Anadolu Efes SK,2025-10-28 15:56:30
Philadelphia 76ers @ Washington Wizards,NBA,Washington Wizards,2025-10-28 19:10:00,BetMGM,2.65,Philadelphia 76ers,2025-10-28 16:26:21
Charlotte Hornets @ Miami Heat,NBA,Charlotte Hornets,2025-10-28 19:30:00,Caesars,2.85,Miami Heat,2025-10-28 18:21:38
Tampa Bay Lightning @ Nashville Predators,NHL,Tampa Bay Lightning,2025-10-28 19:55:00,BetMGM,1.57,Tampa Bay Lightning,2025-10-28 18:38:57
James Madison Dukes @ Texas State Bobcats,NCAAF,Texas State Bobcats,2025-10-28 20:00:00,FanDuel,3.35,James Madison Dukes,2025-10-28 19:32:12
New York Knicks @ Milwaukee Bucks,NBA,Milwaukee Bucks,2025-10-28 20:00:00,FanDuel,2.14,Milwaukee Bucks,2025-10-28 19:42:32
Toronto Blue Jays @ Los Angeles Dodgers,MLB,Los Angeles Dodgers,2025-10-28 20:08:00,FanDuel,1.5,Toronto Blue Jays,2025-10-28 19:42:32
Sacramento Kings @ Oklahoma City Thunder,NBA,Sacramento Kings,2025-10-28 20:12:00,BetMGM,2.7,Oklahoma City Thunder,2025-10-28 21:50:28
LG Twins @ Hanwha Eagles,KBO,LG Twins,2025-10-29 05:30:00,Fanatics,2.25,Hanwha Eagles,2025-10-28 23:08:05
Los Angeles Clippers @ Golden State Warriors,NBA,Golden State Warriors,2025-10-28 23:10:00,FanDuel,2.08,Golden State Warriors,2025-10-28 23:08:05
Fukuoka SoftBank Hawks @ Hanshin Tigers,NPB,Hanshin Tigers,2025-10-29 05:00:00,Caesars,1.77,Fukuoka SoftBank Hawks,2025-10-29 00:29:14
AS Monaco @ Olympiacos,Basketball Euroleague,AS Monaco,2025-10-29 15:15:00,FanDuel,2.96,Not Found,2025-10-29 15:18:01
Joao Fonseca @ Karen Khachanov,ATP Paris Masters,Karen Khachanov,2025-10-29 15:30:00,Fanatics,1.69,Not Found,2025-10-29 15:18:01
Houston Rockets @ Toronto Raptors,NBA,Houston Rockets,2025-10-29 18:40:00,FanDuel,1.45,Houston Rockets,2025-10-29 16:25:40
Cleveland Cavaliers @ Boston Celtics,NBA,Boston Celtics,2025-10-29 19:10:00,DraftKings,2.45,Boston Celtics,2025-10-29 18:38:47
Orlando Magic @ Detroit Pistons,NBA,Orlando Magic,2025-10-29 19:10:00,FanDuel,1.83,Detroit Pistons,2025-10-29 18:55:14
Sacramento Kings @ Chicago Bulls,NBA,Sacramento Kings,2025-10-29 20:10:00,DraftKings,2.6,Chicago Bulls,2025-10-29 19:20:45
Jacksonville State Gamecocks @ Middle Tennessee Blue Raiders,NCAAF,Jacksonville State Gamecocks,2025-10-29 19:30:00,FanDuel,1.53,Not Found,2025-10-29 19:20:45
Portland Trail Blazers @ Utah Jazz,NBA,Portland Trail Blazers,2025-10-29 21:00:00,Caesars,1.67,Portland Trail Blazers,2025-10-29 19:44:10
Atlanta Hawks @ Brooklyn Nets,NBA,Atlanta Hawks,2025-10-29 19:41:12,FanDuel,1.54,Atlanta Hawks,2025-10-29 19:52:02
New Orleans Pelicans @ Denver Nuggets,NBA,New Orleans Pelicans,2025-10-29 21:00:00,FanDuel,6.0,Denver Nuggets,2025-10-29 19:59:24
Toronto Maple Leafs @ Columbus Blue Jackets,NHL,Toronto Maple Leafs,2025-10-29 19:42:41,FanDuel,2.86,Columbus Blue Jackets,2025-10-29 19:59:24
Andrey Rublev @ Ben Shelton,ATP Paris Masters,Andrey Rublev,2025-10-30 09:30:00,FanDuel,2.22,Not Found,2025-10-29 23:04:07
Los Angeles Lakers @ Minnesota Timberwolves,NBA,Minnesota Timberwolves,2025-10-29 21:43:00,Fanatics,26.0,Los Angeles Lakers,2025-10-29 23:47:29
Fukuoka SoftBank Hawks @ Hanshin Tigers,NPB,Hanshin Tigers,2025-10-30 05:00:00,DraftKings,2.0,Fukuoka SoftBank Hawks,2025-10-29 23:47:29
LG Twins @ Hanwha Eagles,KBO,Hanwha Eagles,2025-10-30 05:30:00,FanDuel,1.91,LG Twins,2025-10-29 23:47:29
Daniel Altmaier @ Felix Auger-Aliassime,ATP Paris Masters,Felix Auger-Aliassime,2025-10-30 07:10:00,DraftKings,1.51,Not Found,2025-10-29 23:47:29
Memphis Grizzlies @ Phoenix Suns,NBA,Phoenix Suns,2025-10-29 22:10:00,BetMGM,3.2,Memphis Grizzlies,2025-10-30 00:27:23
Valentin Vacherot @ Cameron Norrie,ATP Paris Masters,Valentin Vacherot,2025-10-30 06:00:00,FanDuel,1.75,Not Found,2025-10-30 00:43:05
Alexander Bublik @ Taylor Fritz,ATP Paris Masters,Taylor Fritz,2025-10-30 11:00:00,Fanatics,1.71,Not Found,2025-10-30 01:38:57
Alex de Minaur @ Karen Khachanov,ATP Paris Masters,Alex de Minaur,2025-10-30 12:00:00,FanDuel,1.64,Not Found,2025-10-30 05:39:35
ASVEL Lyon Villeurbanne @ Žalgiris,Basketball Euroleague,ASVEL Lyon Villeurbanne,2025-10-30 14:00:00,FanDuel,4.0,Not Found,2025-10-30 11:42:17
Jannik Sinner @ Francisco Cerundolo,ATP Paris Masters,Francisco Cerundolo,2025-10-30 14:00:00,DraftKings,14.0,Not Found,2025-10-30 12:50:58
Daniil Medvedev @ Lorenzo Sonego,ATP Paris Masters,Daniil Medvedev,2025-10-30 14:00:00,DraftKings,1.25,Not Found,2025-10-30 12:50:58
Dubai Basketball @ Valencia Basket,Basketball Euroleague,Dubai Basketball,2025-10-30 15:30:00,DraftKings,3.35,Valencia Basket,2025-10-30 14:32:46
Virtus Segafredo Bologna @ FC Bayern München,Basketball Euroleague,Virtus Segafredo Bologna,2025-10-30 15:30:00,FanDuel,2.72,Not Found,2025-10-30 14:32:46
Paris Basketball @ Pallacanestro Olimpia Milano,Basketball Euroleague,Pallacanestro Olimpia Milano,2025-10-30 15:30:00,BetMGM,1.61,Not Found,2025-10-30 14:32:46
Alexander Zverev @ Alejandro Davidovich Fokina,ATP Paris Masters,Alejandro Davidovich Fokina,2025-10-30 15:10:00,FanDuel,2.95,Not Found,2025-10-30 14:52:30
Fenerbahce SK @ Real Madrid,Basketball Euroleague,Real Madrid,2025-10-30 16:00:00,FanDuel,1.51,Not Found,2025-10-30 15:49:30
Orlando Magic @ Charlotte Hornets,NBA,Charlotte Hornets,2025-10-30 19:10:00,FanDuel,2.16,Orlando Magic,2025-10-30 16:24:38
Tulane Green Wave @ UTSA Roadrunners,NCAAF,UTSA Roadrunners,2025-10-30 19:30:00,DraftKings,2.95,Not Found,2025-10-30 18:40:19
Marshall Thundering Herd @ Coastal Carolina Chanticleers,NCAAF,Coastal Carolina Chanticleers,2025-10-30 19:30:00,DraftKings,3.1,Not Found,2025-10-30 18:48:24
Golden State Warriors @ Milwaukee Bucks,NBA,Golden State Warriors,2025-10-30 20:10:00,FanDuel,1.34,Milwaukee Bucks,2025-10-30 19:41:14
Washington Wizards @ Oklahoma City Thunder,NBA,Oklahoma City Thunder,2025-10-30 20:10:00,FanDuel,1.09,Oklahoma City Thunder,2025-10-30 19:41:14
Miami Heat @ San Antonio Spurs,NBA,Miami Heat,2025-10-30 20:40:36,FanDuel,2.9,San Antonio Spurs,2025-10-30 21:46:31
LG Twins @ Hanwha Eagles,KBO,Hanwha Eagles,2025-10-31 05:30:00,DraftKings,2.1,LG Twins,2025-10-30 23:48:16
Felix Auger-Aliassime @ Valentin Vacherot,ATP Paris Masters,Valentin Vacherot,2025-10-31 09:00:00,FanDuel,2.38,Not Found,2025-10-31 04:49:14
Alex de Minaur @ Alexander Bublik,ATP Paris Masters,Alexander Bublik,2025-10-31 10:10:00,FanDuel,2.14,Not Found,2025-10-31 05:39:38
Panathinaikos @ AS Monaco,Basketball Euroleague,Panathinaikos,2025-10-31 14:00:00,FanDuel,2.14,Not Found,2025-10-31 12:50:02
Jannik Sinner @ Ben Shelton,ATP Paris Masters,Ben Shelton,2025-10-31 14:00:00,FanDuel,5.4,Not Found,2025-10-31 13:38:09
Hapoel Tel Aviv @ Olympiacos,Basketball Euroleague,Hapoel Tel Aviv,2025-10-31 15:15:00,DraftKings,2.85,Not Found,2025-10-31 14:32:49
Alexander Zverev @ Daniil Medvedev,ATP Paris Masters,Alexander Zverev,2025-10-31 15:10:00,FanDuel,2.14,Not Found,2025-10-31 14:32:49
FC Barcelona Bàsquet @ KK Partizan NIS,Basketball Euroleague,KK Partizan NIS,2025-10-31 15:30:00,BetMGM,1.85,Not Found,2025-10-31 15:16:48
Anadolu Efes @ Saski Baskonia,Basketball Euroleague,Anadolu Efes,2025-10-31 15:30:00,DraftKings,1.65,Not Found,2025-10-31 15:16:48
Colorado Avalanche @ Vegas Golden Knights,NHL,Colorado Avalanche,2025-10-31 16:10:00,Caesars,1.87,Colorado Avalanche,2025-10-31 15:36:14
Atlanta Hawks @ Indiana Pacers,NBA,Indiana Pacers,2025-10-31 19:00:00,BetMGM,2.15,Atlanta Hawks,2025-10-31 16:38:43
Memphis Tigers @ Rice Owls,NCAAF,Rice Owls,2025-10-31 19:00:00,BetMGM,5.5,Not Found,2025-10-31 18:20:38
Boston Celtics @ Philadelphia 76ers,NBA,Boston Celtics,2025-10-31 19:00:00,FanDuel,1.93,Boston Celtics,2025-10-31 18:20:38
North Carolina Tar Heels @ Syracuse Orange,NCAAF,North Carolina Tar Heels,2025-10-31 19:30:00,BetMGM,2.0,Not Found,2025-10-31 19:19:49
Sam Houston State Bearkats @ Louisiana Tech Bulldogs,NCAAF,Louisiana Tech Bulldogs,2025-10-31 20:00:00,FanDuel,1.12,Louisiana Tech Bulldogs,2025-10-31 19:19:49
New York Knicks @ Chicago Bulls,NBA,Chicago Bulls,2025-10-31 20:00:00,Caesars,2.7,Chicago Bulls,2025-10-31 19:30:33
Los Angeles Dodgers @ Toronto Blue Jays,MLB,Toronto Blue Jays,2025-10-31 20:01:00,Caesars,2.22,Los Angeles Dodgers,2025-10-31 19:47:02
Toronto Raptors @ Cleveland Cavaliers,NBA,Toronto Raptors,2025-10-31 19:41:52,DraftKings,2.54,Toronto Raptors,2025-10-31 19:54:53
Denver Nuggets @ Portland Trail Blazers,NBA,Portland Trail Blazers,2025-10-31 22:10:00,DraftKings,2.95,Portland Trail Blazers,2025-10-31 21:49:59
Detroit Red Wings @ Anaheim Ducks,NHL,Anaheim Ducks,2025-10-31 22:10:00,Fanatics,1.8,Anaheim Ducks,2025-10-31 21:49:59
Los Angeles Lakers @ Memphis Grizzlies,NBA,Los Angeles Lakers,2025-10-31 21:42:49,Caesars,1.12,Los Angeles Lakers,2025-10-31 23:47:07
New Orleans Pelicans @ Los Angeles Clippers,NBA,New Orleans Pelicans,2025-10-31 22:40:17,Caesars,8.0,Los Angeles Clippers,2025-10-31 23:59:16
Alexander Bublik @ Felix Auger-Aliassime,ATP Paris Masters,Alexander Bublik,2025-11-01 09:30:00,DraftKings,1.88,Not Found,2025-11-01 09:04:34
Arsenal @ Burnley,EPL,Burnley,2025-11-01 11:00:00,FanDuel,14.0,Not Found,2025-11-01 10:32:41
Jannik Sinner @ Alexander Zverev,ATP Paris Masters,Alexander Zverev,2025-11-01 12:00:00,FanDuel,5.8,Not Found,2025-11-01 11:18:57
Wolverhampton Wanderers @ Fulham,EPL,Draw,2025-11-01 11:01:00,FanDuel,5.4,Not Found,2025-11-01 11:18:57
Brentford @ Crystal Palace,EPL,Draw,2025-11-01 11:01:00,DraftKings,3.2,Not Found,2025-11-01 11:18:57
Army Black Knights @ Air Force Falcons,NCAAF,Air Force Falcons,2025-11-01 12:00:00,DraftKings,1.91,Not Found,2025-11-01 11:18:57
Leeds United @ Brighton and Hove Albion,EPL,Brighton and Hove Albion,2025-11-01 11:01:00,Caesars,1.38,Not Found,2025-11-01 11:18:57
UCF Knights @ Baylor Bears,NCAAF,Baylor Bears,2025-11-01 12:00:00,BetMGM,1.67,Not Found,2025-11-01 11:40:04
Manchester United @ Nottingham Forest,EPL,Nottingham Forest,2025-11-01 11:00:00,FanDuel,9.0,Not Found,2025-11-01 11:47:57
Arizona State Sun Devils @ Iowa State Cyclones,NCAAF,Iowa State Cyclones,2025-11-01 13:00:00,DraftKings,1.34,Not Found,2025-11-01 12:23:43
Chelsea @ Tottenham Hotspur,EPL,Draw,2025-11-01 13:30:00,DraftKings,3.45,Not Found,2025-11-01 13:16:43
Carolina Hurricanes @ Boston Bruins,NHL,Boston Bruins,2025-11-01 13:08:33,Caesars,2.6,Not Found,2025-11-01 13:16:43
East Carolina Pirates @ Temple Owls,NCAAF,East Carolina Pirates,2025-11-01 14:00:00,FanDuel,1.49,Not Found,2025-11-01 13:40:19
Winnipeg Blue Bombers @ Montreal Alouettes,CFL,Montreal Alouettes,2025-11-01 14:05:00,DraftKings,1.4,Not Found,2025-11-01 13:55:45
Indiana Hoosiers @ Maryland Terrapins,NCAAF,Maryland Terrapins,2025-11-01 15:30:00,DraftKings,12.0,Not Found,2025-11-01 15:24:11
Michigan State Spartans @ Minnesota Golden Gophers,NCAAF,Minnesota Golden Gophers,2025-11-01 15:30:00,FanDuel,1.53,Not Found,2025-11-01 15:24:11
Pittsburgh Panthers @ Stanford Cardinal,NCAAF,Stanford Cardinal,2025-11-01 15:30:00,DraftKings,5.25,Not Found,2025-11-01 15:32:08
Louisiana Ragin Cajuns @ South Alabama Jaguars,NCAAF,South Alabama Jaguars,2025-11-01 15:35:00,FanDuel,1.58,Not Found,2025-11-01 15:32:08
New Mexico State Aggies @ Western Kentucky Hilltoppers,NCAAF,New Mexico State Aggies,2025-11-01 15:32:21,FanDuel,4.4,Not Found,2025-11-01 15:40:23
Calgary Flames @ Nashville Predators,NHL,Nashville Predators,2025-11-01 15:38:40,Caesars,1.87,Not Found,2025-11-01 15:40:23
Aston Villa @ Liverpool,EPL,Aston Villa,2025-11-01 16:00:00,Caesars,4.8,Not Found,2025-11-01 15:47:52
Virginia Cavaliers @ California Golden Bears,NCAAF,California Golden Bears,2025-11-01 15:45:00,Caesars,2.92,Not Found,2025-11-01 15:47:52
Oklahoma State Cowboys @ Kansas Jayhawks,NCAAF,Kansas Jayhawks,2025-11-01 16:00:00,DraftKings,1.04,Not Found,2025-11-01 15:47:52
Pittsburgh Penguins @ Winnipeg Jets,NHL,Pittsburgh Penguins,2025-11-01 15:08:42,Caesars,6.5,Not Found,2025-11-01 15:55:14
Mississippi State Bulldogs @ Arkansas Razorbacks,NCAAF,Arkansas Razorbacks,2025-11-01 16:00:00,FanDuel,1.51,Not Found,2025-11-01 15:55:14
Montserrat Ruiz @ Alice Ardelean,MMA,Montserrat Ruiz,2025-11-01 17:15:00,BetMGM,4.1,Not Found,2025-11-01 16:21:23
Sacramento Kings @ Milwaukee Bucks,NBA,Milwaukee Bucks,2025-11-01 17:10:00,FanDuel,1.4,Not Found,2025-11-01 16:42:04
Calgary Stampeders @ BC Lions,CFL,BC Lions,2025-11-01 17:35:00,FanDuel,1.38,Not Found,2025-11-01 16:49:58
Colorado Avalanche @ San Jose Sharks,NHL,San Jose Sharks,2025-11-01 16:08:27,BetMGM,1.91,Not Found,2025-11-01 17:17:34
