Match,League,Team,Start Time,Outlier Book,Outlier Odds,Avg Edge Pct,Modified Z Score,Result,Scrape Time
Orix Buffaloes @ Fukuoka SoftBank Hawks,NPB,Orix Buffaloes,2025-09-23 01:00:00,Bovada,2.8,12.79,3.37,Orix Buffaloes,2025-09-23 01:25:33
Hanshin Tigers @ Yokohama DeNA BayStars,NPB,Yokohama DeNA BayStars,2025-09-23 01:00:54,BetMGM,2.35,8.35,3.1,Draw,2025-09-23 01:25:33
Tohoku Rakuten Golden Eagles @ Hokkaido Nippon-Ham Fighters,NPB,Hokkaido Nippon-Ham Fighters,2025-09-23 01:01:57,Unibet,3.4,14.25,2.7,Tohoku Rakuten Golden Eagles,2025-09-23 01:25:33
Nagoya Grampus @ Albirex Niigata,J League,Draw,2025-09-23 01:00:00,Bovada,3.3,7.66,2.11,Draw,2025-09-23 01:25:33
Cerezo Osaka @ Kashima Antlers,J League,Kashima Antlers,2025-09-23 05:00:00,Bovada,2.42,12.0,4.05,Kashima Antlers,2025-09-23 03:57:35
Saitama Seibu Lions @ Chiba Lotte Marines,NPB,Saitama Seibu Lions,2025-09-23 05:00:00,William Hill,1.99,7.96,4.72,Chiba Lotte Marines,2025-09-23 04:58:09
Doosan Bears @ Samsung Lions,KBO,Doosan Bears,2025-09-23 05:30:00,Pinnacle,2.67,7.51,2.02,Samsung Lions,2025-09-23 04:58:09
Yomiuri Giants @ Hiroshima Toyo Carp,NPB,Yomiuri Giants,2025-09-23 05:01:34,MyBookie.ag,3.85,26.04,3.76,Hiroshima Toyo Carp,2025-09-23 05:30:11
IF Gnistan @ Ilves Tampere,Veikkausliiga - Finland,IF Gnistan,2025-09-23 11:00:00,Coolbet,6.95,5.01,2.56,Ilves Tampere,2025-09-23 05:30:11
Yokohama FC @ Fagiano Okayama,J League,Yokohama FC,2025-09-23 05:00:00,Tipico,4.3,15.33,2.43,Draw,2025-09-23 05:30:11
Avispa Fukuoka @ FC Tokyo,J League,Avispa Fukuoka,2025-09-23 05:03:00,DraftKings,36.0,80.83,5.73,FC Tokyo,2025-09-23 05:57:32
NC Dinos @ Lotte Giants,KBO,Lotte Giants,2025-09-23 05:30:31,Bovada,1.83,10.06,4.89,NC Dinos,2025-09-23 05:57:32
Kiwoom Heroes @ KT Wiz,KBO,Kiwoom Heroes,2025-09-23 05:30:23,Unibet,4.3,13.34,2.29,KT Wiz,2025-09-23 05:57:32
FC Machida Zelvia @ Kyoto Purple Sanga,J League,Kyoto Purple Sanga,2025-09-23 06:03:00,Coolbet,9.0,17.15,5.06,Draw,2025-09-23 06:32:37
Yokohama F Marinos @ Gamba Osaka,J League,Draw,2025-09-23 06:03:00,888sport,3.75,5.96,4.05,Gamba Osaka,2025-09-23 06:32:37
SJK Seinäjoki @ KuPS Kuopio,Veikkausliiga - Finland,SJK Seinäjoki,2025-09-23 11:00:00,Bovada,3.4,5.97,4.05,KuPS Kuopio,2025-09-23 06:32:37
Kia Tigers @ SSG Landers,KBO,Kia Tigers,2025-09-23 05:30:00,MyBookie.ag,2.55,6.39,4.05,SSG Landers,2025-09-23 06:57:39
Urawa Red Diamonds @ Shimizu S Pulse,J League,Draw,2025-09-23 05:00:00,Bovada,1.3,8.29,3.04,Draw,2025-09-23 06:57:39
Tokyo Verdy @ Vissel Kobe,J League,Draw,2025-09-23 06:03:00,Winamax (DE),20.0,14.22,2.49,Vissel Kobe,2025-09-23 06:57:39
Kawasaki Frontale @ Shonan Bellmare,J League,Shonan Bellmare,2025-09-23 06:03:00,DraftKings,19.0,13.87,2.02,Kawasaki Frontale,2025-09-23 07:23:44
Hiroshima Sanfrecce FC @ Kashiwa Reysol,J League,Kashiwa Reysol,2025-09-23 06:03:00,Winamax (DE),40.0,107.74,3.37,Draw,2025-09-23 07:57:34
Girona @ Athletic Bilbao,La Liga - Spain,Girona,2025-09-23 13:00:00,BetOnline.ag,8.35,6.65,2.08,Draw,2025-09-23 07:57:34
Clermont @ Stade de Reims,Ligue 2 - France,Clermont,2025-09-23 14:30:00,Coolbet,7.0,8.33,5.17,Stade de Reims,2025-09-23 12:35:22
HJK Helsinki @ FC Inter Turku,Veikkausliiga - Finland,Draw,2025-09-23 12:01:00,Bovada,3.75,31.17,4.63,Draw,2025-09-23 12:57:37
TPS @ Tappara,Liiga,Tappara,2025-09-23 11:30:00,Coolbet,9.0,97.43,2.02,TPS Turku,2025-09-23 13:26:35
Gent @ Anderlecht,Belgium First Div,Gent,2025-09-23 14:30:00,Bovada,4.9,5.16,4.81,Anderlecht,2025-09-23 13:57:51
Boulogne @ Montpellier,Ligue 2 - France,Boulogne,2025-09-23 14:30:00,Pinnacle,6.33,5.28,2.8,Boulogne,2025-09-23 13:57:51
Saint Etienne @ Amiens,Ligue 2 - France,Amiens,2025-09-23 14:30:00,Coolbet,5.5,5.4,2.36,Saint Etienne,2025-09-23 13:57:51
Cambridge United @ Fulham,EFL Cup,Draw,2025-09-23 14:45:00,1xBet,10.5,17.09,4.95,Fulham,2025-09-23 14:39:04
Nancy @ Annecy FC,Ligue 2 - France,Draw,2025-09-23 14:30:00,LeoVegas (SE),4.1,18.17,3.85,Nancy,2025-09-23 14:39:04
Chelsea @ Lincoln City,EFL Cup,Draw,2025-09-23 14:45:00,Betsson,7.9,7.16,2.43,Chelsea,2025-09-23 14:39:04
Brighton and Hove Albion @ Barnsley,EFL Cup,Barnsley,2025-09-23 14:45:00,Bet Victor,11.0,9.56,2.02,Brighton and Hove Albion,2025-09-23 14:39:04
Stade Lavallois @ Pau FC,Ligue 2 - France,Draw,2025-09-23 14:30:00,Bovada,3.2,5.31,5.4,Pau FC,2025-09-23 14:57:45
Real Madrid @ Levante,La Liga - Spain,Levante,2025-09-23 15:30:00,BetOnline.ag,9.35,10.34,4.55,Real Madrid,2025-09-23 14:57:45
Rodez AF @ SC Bastia,Ligue 2 - France,Draw,2025-09-23 14:30:00,Bovada,3.4,5.56,4.34,Rodez AF,2025-09-23 14:57:45
Grenoble @ Le Mans FC,Ligue 2 - France,Le Mans FC,2025-09-23 14:30:00,Tipico,4.7,10.82,3.1,Le Mans FC,2025-09-23 14:57:45
USL Dunkerque @ Guingamp,Ligue 2 - France,Draw,2025-09-23 14:30:00,Tipico,9.0,9.65,2.92,Guingamp,2025-09-23 14:57:45
Reading @ Wrexham AFC,EFL Cup,Draw,2025-09-23 14:45:00,1xBet,4.67,8.12,2.79,Wrexham AFC,2025-09-23 14:57:45
Valencia @ Espanyol,La Liga - Spain,Draw,2025-09-23 12:59:00,Coral,19.0,825.71,2.04,Draw,2025-09-23 14:57:45
Hibernian @ Falkirk F.C.,Premiership - Scotland,Falkirk F.C.,2025-09-23 14:44:00,Paddy Power,11.0,19.38,2.7,Draw,2025-09-23 15:23:20
Cardiff City @ Burnley,EFL Cup,Draw,2025-09-23 14:45:00,Tipico,8.5,7.68,3.75,Cardiff City,2025-09-23 15:58:11
Southampton @ Liverpool,EFL Cup,Draw,2025-09-23 15:00:00,Tipico,7.0,8.17,3.37,Liverpool,2025-09-23 15:58:11
Villarreal @ Sevilla,La Liga - Spain,Sevilla,2025-09-23 15:30:00,Coolbet,10.0,22.97,2.7,Villarreal,2025-09-23 15:58:11
Troyes @ Red Star,Ligue 2 - France,Red Star,2025-09-23 14:29:00,FanDuel,16.0,26.46,2.02,Troyes,2025-09-23 15:58:11
Everton @ Wolverhampton Wanderers,EFL Cup,Everton,2025-09-23 14:45:00,Coolbet,9.0,7.44,2.02,Wolverhampton Wanderers,2025-09-23 15:58:11
Detroit Tigers @ Cleveland Guardians,MLB,Cleveland Guardians,2025-09-23 18:41:00,Bovada,2.34,6.98,4.32,Cleveland Guardians,2025-09-23 18:59:34
Miami Marlins @ Philadelphia Phillies,MLB,Philadelphia Phillies,2025-09-23 18:47:00,William Hill,1.5,6.68,3.88,Miami Marlins,2025-09-23 18:59:34
Boston Red Sox @ Toronto Blue Jays,MLB,Toronto Blue Jays,2025-09-23 19:08:00,Coolbet,1.9,5.91,4.95,Boston Red Sox,2025-09-23 19:25:07
Velez Sarsfield @ Racing Club,Copa Libertadores,Draw,2025-09-23 18:00:00,Pinnacle,2.2,11.73,4.44,Racing Club,2025-09-23 19:25:07
Washington Nationals @ Atlanta Braves,MLB,Washington Nationals,2025-09-23 19:16:00,Unibet,3.35,12.04,2.7,Atlanta Braves,2025-09-23 19:25:07
Tampa Bay Rays @ Baltimore Orioles,MLB,Baltimore Orioles,2025-09-23 19:46:00,Bovada,2.02,24.7,5.78,Baltimore Orioles,2025-09-23 19:58:58
Pittsburgh Pirates @ Cincinnati Reds,MLB,Cincinnati Reds,2025-09-23 18:41:48,TAB,3.3,16.19,4.89,Pittsburgh Pirates,2025-09-23 19:58:58
New York Mets @ Chicago Cubs,MLB,New York Mets,2025-09-23 19:41:00,TAB,1.92,8.63,2.28,New York Mets,2025-09-23 19:58:58
Los Angeles Dodgers @ Arizona Diamondbacks,MLB,Arizona Diamondbacks,2025-09-23 21:41:00,MyBookie.ag,3.3,9.15,5.4,Arizona Diamondbacks,2025-09-23 22:00:00
Chicago White Sox @ New York Yankees,MLB,Chicago White Sox,2025-09-23 19:06:00,Nordic Bet,3.3,27.61,5.01,New York Yankees,2025-09-23 22:00:00
Phoenix Mercury @ Minnesota Lynx,WNBA,Minnesota Lynx,2025-09-23 19:34:00,BetMGM,17.0,356.05,3.86,Phoenix Mercury,2025-09-23 22:00:00
Necaxa @ Guadalajara,Liga MX,Necaxa,2025-09-23 21:09:00,Tipico,35.0,62.65,3.37,Guadalajara,2025-09-23 22:00:00
Kansas City Royals @ Los Angeles Angels,MLB,Los Angeles Angels,2025-09-23 21:39:00,MyBookie.ag,4.5,16.82,3.15,Kansas City Royals,2025-09-23 22:00:00
St. Louis Cardinals @ San Francisco Giants,MLB,San Francisco Giants,2025-09-23 21:46:00,888sport,3.0,19.98,3.08,St. Louis Cardinals,2025-09-23 22:00:00
Minnesota Twins @ Texas Rangers,MLB,Texas Rangers,2025-09-23 20:06:00,GTbets,7.5,30.73,2.07,Minnesota Twins,2025-09-23 22:00:00
Colorado Rockies @ Seattle Mariners,MLB,Colorado Rockies,2025-09-23 21:41:00,Betway,3.0,15.82,5.06,Seattle Mariners,2025-09-23 23:06:14
Houston Astros @ Oakland Athletics,MLB,Houston Astros,2025-09-23 22:06:00,Pinnacle,2.1,8.45,5.06,Oakland Athletics,2025-09-23 23:06:14
Pachuca @ Puebla,Liga MX,Pachuca,2025-09-23 21:01:00,Paddy Power,21.0,86.12,2.29,Draw,2025-09-23 23:06:14
Indiana Fever @ Las Vegas Aces,WNBA,Indiana Fever,2025-09-23 21:35:41,DraftKings,41.0,4000.0,2.25,Las Vegas Aces,2025-09-23 23:06:14
Mazatlán FC @ León,Liga MX,Draw,2025-09-23 23:06:00,Pinnacle,3.82,13.18,5.47,Draw,2025-09-23 23:39:39
Pumas @ FC Juárez,Liga MX,Pumas,2025-09-23 23:00:00,Coolbet,7.0,9.7,2.09,FC Juárez,2025-09-23 23:39:39
Saitama Seibu Lions @ Chiba Lotte Marines,NPB,Chiba Lotte Marines,2025-09-24 05:00:00,Pinnacle,1.76,8.83,4.38,Chiba Lotte Marines,2025-09-24 05:30:15
Kia Tigers @ Kiwoom Heroes,KBO,Kiwoom Heroes,2025-09-24 05:30:00,Bovada,2.55,7.29,4.11,Kia Tigers,2025-09-24 05:30:15
Lotte Giants @ Samsung Lions,KBO,Samsung Lions,2025-09-24 05:30:12,Bovada,1.42,6.04,4.5,Samsung Lions,2025-09-24 05:59:11
Fukuoka SoftBank Hawks @ Tohoku Rakuten Golden Eagles,NPB,Tohoku Rakuten Golden Eagles,2025-09-24 05:00:00,888sport,15.0,63.03,3.37,Fukuoka SoftBank Hawks,2025-09-24 05:59:11
LG Twins @ NC Dinos,KBO,LG Twins,2025-09-24 06:00:21,MyBookie.ag,2.6,11.19,3.6,NC Dinos,2025-09-24 06:33:08
Maccabi Tel Aviv @ PAOK,UEFA Europa League,Maccabi Tel Aviv,2025-09-24 12:45:00,Bovada,4.6,9.07,4.05,Draw,2025-09-24 11:59:38
Alavés @ Getafe,La Liga - Spain,Getafe,2025-09-24 13:00:00,Bovada,2.32,5.48,4.72,Draw,2025-09-24 12:36:19
Pelicans @ HIFK,Liiga,HIFK,2025-09-24 11:30:00,William Hill,1.62,30.8,3.6,HIFK,2025-09-24 12:36:19
Besiktas JK @ Kayserispor,Turkey Super League,Kayserispor,2025-09-24 13:00:00,BetUS,5.5,7.3,2.02,Besiktas JK,2025-09-24 12:36:19
Lech Poznań @ Raków Częstochowa,Ekstraklasa - Poland,Draw,2025-09-24 12:45:00,Bovada,3.7,5.67,2.02,Draw,2025-09-24 12:58:53
Ässät @ KalPa,Liiga,Ässät,2025-09-24 11:30:00,Pinnacle,1.3,30.0,5.85,Assat,2025-09-24 13:28:58
Lukko @ Kärpät,Liiga,Lukko,2025-09-24 11:30:00,Pinnacle,1.29,17.26,4.27,Lukko,2025-09-24 13:28:58
Varbergs BoIS @ Örebro SK,Superettan - Sweden,Varbergs BoIS,2025-09-24 13:00:00,Coolbet,6.5,19.27,4.05,Draw,2025-09-24 13:28:58
Bradford City @ Newcastle United,EFL Cup,Draw,2025-09-24 14:45:00,Bet Victor,10.0,9.85,3.37,Newcastle United,2025-09-24 13:28:58
Westerlo @ Club Brugge,Belgium First Div,Westerlo,2025-09-24 14:30:00,Bovada,10.0,21.94,3.37,Draw,2025-09-24 13:28:58
Manchester City @ Huddersfield Town,EFL Cup,Draw,2025-09-24 14:45:00,Nordic Bet,7.9,11.42,3.1,Manchester City,2025-09-24 13:28:58
GIF Sundsvall @ IK Brage,Superettan - Sweden,Draw,2025-09-24 13:00:00,Bovada,3.5,6.49,3.04,GIF Sundsvall,2025-09-24 13:28:58
Doncaster Rovers @ Tottenham Hotspur,EFL Cup,Draw,2025-09-24 14:45:00,Pinnacle,10.15,15.34,4.38,Tottenham Hotspur,2025-09-24 13:59:24
SaiPa @ Kiekko-Espoo,Liiga,Kiekko-Espoo,2025-09-24 11:30:00,Pinnacle,1.09,9.0,4.05,Kiekko-Espoo,2025-09-24 13:59:24
FC Zwolle @ AZ Alkmaar,Dutch Eredivisie,FC Zwolle,2025-09-24 14:00:00,1xBet,9.6,6.96,2.97,Draw,2025-09-24 13:59:24
Arsenal @ Port Vale,EFL Cup,Draw,2025-09-24 15:00:00,PlayUp,12.0,13.07,2.7,Arsenal,2025-09-24 13:59:24
Washington Nationals @ Atlanta Braves,MLB,Washington Nationals,2025-09-24 12:16:00,FanDuel,1.25,6.1,5.73,Atlanta Braves,2025-09-24 14:36:25
Falkenbergs FF @ IK Oddevold,Superettan - Sweden,Falkenbergs FF,2025-09-24 13:00:00,FanDuel,6.0,11.52,2.08,Draw,2025-09-24 14:36:25
Rayo Vallecano @ Atlético Madrid,La Liga - Spain,Rayo Vallecano,2025-09-24 15:30:00,Coolbet,8.2,7.42,3.24,Atlético Madrid,2025-09-24 15:24:01
Mallorca @ Real Sociedad,La Liga - Spain,Mallorca,2025-09-24 15:31:00,Bovada,6.5,8.28,3.37,Real Sociedad,2025-09-24 15:59:03
Nottingham Forest @ Real Betis,UEFA Europa League,Real Betis,2025-09-24 15:02:00,Nordic Bet,9.6,10.32,2.16,Draw,2025-09-24 15:59:03
Jagiellonia Białystok @ Legia Warszawa,Ekstraklasa - Poland,Jagiellonia Białystok,2025-09-24 15:00:00,Tipico,6.5,14.15,3.71,Draw,2025-09-24 16:30:35
Milwaukee Brewers @ San Diego Padres,MLB,Milwaukee Brewers,2025-09-24 16:10:48,MyBookie.ag,2.35,6.48,3.26,San Diego Padres,2025-09-24 16:30:35
Fenerbahce @ Dinamo Zagreb,UEFA Europa League,Dinamo Zagreb,2025-09-24 15:00:00,Pinnacle,1.2,9.55,5.73,Dinamo Zagreb,2025-09-24 16:58:57
Miami Marlins @ Philadelphia Phillies,MLB,Miami Marlins,2025-09-24 18:46:00,Bovada,2.61,5.76,5.4,Miami Marlins,2025-09-24 18:29:14
Botafogo @ Grêmio,Brazil Série A,Draw,2025-09-24 18:30:00,Bovada,3.05,8.83,3.85,Draw,2025-09-24 18:59:00
Chicago White Sox @ New York Yankees,MLB,New York Yankees,2025-09-24 19:06:00,Bovada,1.26,7.11,4.72,New York Yankees,2025-09-24 19:25:31
Detroit Tigers @ Cleveland Guardians,MLB,Detroit Tigers,2025-09-24 19:17:00,BetMGM,2.65,9.32,3.63,Cleveland Guardians,2025-09-24 19:25:31
Boston Red Sox @ Toronto Blue Jays,MLB,Toronto Blue Jays,2025-09-24 19:08:00,PointsBet (AU),5.0,26.56,2.81,Boston Red Sox,2025-09-24 19:25:31
Bahia @ Vasco da Gama,Brazil Série A,Bahia,2025-09-24 18:30:00,Tipico,11.0,17.92,2.7,Vasco da Gama,2025-09-24 19:25:31
Querétaro @ Cruz Azul,Liga MX,Draw,2025-09-24 20:00:00,LowVig.ag,6.9,5.95,2.16,Draw,2025-09-24 19:25:31
Cuiabá @ Vila Nova,Brazil Série B,Draw,2025-09-24 18:00:00,Betway,1.18,11.08,5.06,Draw,2025-09-24 19:59:37
Los Angeles Dodgers @ Arizona Diamondbacks,MLB,Arizona Diamondbacks,2025-09-24 21:41:00,Bovada,2.45,8.16,5.49,Los Angeles Dodgers,2025-09-24 22:01:08
Atlas @ Tigres,Liga MX,Atlas,2025-09-24 21:02:00,Tipico,35.0,50.48,4.72,Tigres,2025-09-24 22:01:08
Pittsburgh Pirates @ Cincinnati Reds,MLB,Cincinnati Reds,2025-09-24 18:42:00,FanDuel,2.86,26.26,4.45,Pittsburgh Pirates,2025-09-24 22:01:08
Minnesota Twins @ Texas Rangers,MLB,Minnesota Twins,2025-09-24 20:06:00,Nordic Bet,22.0,106.16,3.04,Texas Rangers,2025-09-24 22:01:08
River Plate @ Palmeiras-SP,Copa Libertadores,River Plate,2025-09-24 20:30:00,Virgin Bet,9.5,65.1,2.43,Palmeiras-SP,2025-09-24 22:01:08
Houston Astros @ Oakland Athletics,MLB,Oakland Athletics,2025-09-24 22:06:00,Caesars,1.67,6.42,4.95,Oakland Athletics,2025-09-24 23:08:21
Portland Timbers @ Vancouver Whitecaps FC,MLS,Portland Timbers,2025-09-24 22:40:00,Pinnacle,2.0,6.08,3.64,Draw,2025-09-24 23:41:00
América @ Atlético San Luis,Liga MX,Draw,2025-09-24 23:05:00,Pinnacle,3.66,7.14,3.44,América,2025-09-24 23:41:00
St. Louis Cardinals @ San Francisco Giants,MLB,San Francisco Giants,2025-09-24 21:45:22,Bovada,1.87,11.26,4.89,San Francisco Giants,2025-09-24 23:59:19
Tijuana @ Santos Laguna,Liga MX,Santos Laguna,2025-09-24 23:03:00,Coolbet,28.0,1315.2,5.62,Santos Laguna,2025-09-25 00:59:47
Chiba Lotte Marines @ Orix Buffaloes,NPB,Chiba Lotte Marines,2025-09-25 05:00:00,Coral,2.8,6.28,2.89,Chiba Lotte Marines,2025-09-25 04:59:06
Hokkaido Nippon-Ham Fighters @ Saitama Seibu Lions,NPB,Saitama Seibu Lions,2025-09-25 05:01:00,FanDuel,4.9,24.44,3.59,Saitama Seibu Lions,2025-09-25 05:30:29
Fukuoka SoftBank Hawks @ Tohoku Rakuten Golden Eagles,NPB,Tohoku Rakuten Golden Eagles,2025-09-25 05:01:14,William Hill,2.7,9.19,2.84,Fukuoka SoftBank Hawks,2025-09-25 05:30:29
LG Twins @ Lotte Giants,KBO,Lotte Giants,2025-09-25 05:30:00,Tipico,2.2,8.1,2.02,LG Twins,2025-09-25 05:30:29
Hanwha Eagles @ Doosan Bears,KBO,Doosan Bears,2025-09-25 05:31:00,Pinnacle,1.46,5.05,4.89,Doosan Bears,2025-09-25 05:59:32
Kiwoom Heroes @ Samsung Lions,KBO,Kiwoom Heroes,2025-09-25 05:30:00,MyBookie.ag,3.4,9.55,2.02,Samsung Lions,2025-09-25 05:59:32
FCSB @ Go Ahead Eagles,UEFA Europa League,Go Ahead Eagles,2025-09-25 12:45:00,Bovada,1.99,8.12,5.85,FCSB,2025-09-25 10:33:32
Elche CF @ CA Osasuna,La Liga - Spain,Elche CF,2025-09-25 13:30:00,Bet Victor,5.25,9.06,5.06,Draw,2025-09-25 13:28:21
Västerås SK @ Umeå FC,Superettan - Sweden,Umeå FC,2025-09-25 13:00:00,Paddy Power,26.0,24.48,2.41,Västerås SK,2025-09-25 13:28:21
Helsingborgs IF @ Sandvikens IF,Superettan - Sweden,Sandvikens IF,2025-09-25 13:00:00,DraftKings,7.0,14.79,2.36,Helsingborgs IF,2025-09-25 13:28:21
Tampa Bay Rays @ Baltimore Orioles,MLB,Baltimore Orioles,2025-09-25 13:06:00,BetMGM,5.0,36.02,2.02,Tampa Bay Rays,2025-09-25 13:59:00
Barcelona @ Oviedo,La Liga - Spain,Oviedo,2025-09-25 15:30:00,Bet Victor,15.0,13.33,2.7,Barcelona,2025-09-25 14:40:13
Utsiktens BK @ Östersunds FK,Superettan - Sweden,Draw,2025-09-25 13:00:00,DraftKings,7.0,17.42,2.13,Östersunds FK,2025-09-25 14:40:13
Pittsburgh Pirates @ Cincinnati Reds,MLB,Pittsburgh Pirates,2025-09-25 14:01:00,Bovada,2.75,8.73,5.4,Pittsburgh Pirates,2025-09-25 14:58:58
LDU Quito @ Sao Paulo,Copa Libertadores,LDU Quito,2025-09-25 18:00:00,Pinnacle,12.07,17.34,2.31,LDU Quito,2025-09-25 15:23:38
Criciuma @ Coritiba,Brazil Série B,Criciuma,2025-09-25 18:00:00,Pinnacle,5.53,7.98,2.1,Criciúma,2025-09-25 15:23:38
Houston Astros @ Oakland Athletics,MLB,Oakland Athletics,2025-09-25 15:36:00,Unibet (SE),13.0,25.41,2.34,Oakland Athletics,2025-09-25 16:30:54
Minnesota Twins @ Texas Rangers,MLB,Texas Rangers,2025-09-25 14:36:00,Caesars,4.2,5.03,2.02,Texas Rangers,2025-09-25 16:30:54
Miami Marlins @ Philadelphia Phillies,MLB,Miami Marlins,2025-09-25 18:06:00,TAB,3.8,15.06,4.72,Philadelphia Phillies,2025-09-25 18:59:30
Chicago White Sox @ New York Yankees,MLB,New York Yankees,2025-09-25 19:06:00,Coral,1.33,7.94,5.53,New York Yankees,2025-09-25 19:25:21
Detroit Tigers @ Cleveland Guardians,MLB,Detroit Tigers,2025-09-25 18:41:00,Caesars,1.56,6.54,3.95,Cleveland Guardians,2025-09-25 19:25:21
Kansas City Royals @ Los Angeles Angels,MLB,Los Angeles Angels,2025-09-25 21:39:00,Bovada,7.0,29.18,4.54,Kansas City Royals,2025-09-25 23:06:54
Tallon Griekspoor @ Corentin Moutet,ATP China Open,Corentin Moutet,2025-09-26 04:20:00,Pinnacle,2.0,10.11,3.06,Not Found,2025-09-26 04:59:14
Amanda Anisimova @ Katie Boulter,WTA China Open,Katie Boulter,2025-09-26 05:30:00,LowVig.ag,4.44,8.93,5.31,Not Found,2025-09-26 05:30:09
Cronulla Sutherland Sharks @ Melbourne Storm,NRL,Cronulla Sutherland Sharks,2025-09-26 05:50:00,Coral,3.5,5.2,4.72,Melbourne Storm,2025-09-26 05:30:09
Hokkaido Nippon-Ham Fighters @ Saitama Seibu Lions,NPB,Hokkaido Nippon-Ham Fighters,2025-09-26 05:01:55,FanDuel,4.9,22.55,3.6,Hokkaido Nippon-Ham Fighters,2025-09-26 05:30:09
McCartney Kessler @ Elise Mertens,WTA China Open,McCartney Kessler,2025-09-26 05:35:26,Pinnacle,2.3,12.89,3.17,Not Found,2025-09-26 05:30:09
Meizhou Hakka @ Shanghai Shenhua FC,Super League - China,Draw,2025-09-26 06:00:00,Bovada,8.25,13.24,2.28,Shanghai Shenhua FC,2025-09-26 05:30:09
LG Twins @ Hanwha Eagles,KBO,LG Twins,2025-09-26 05:30:10,Bovada,2.0,7.73,4.81,Hanwha Eagles,2025-09-26 05:58:55
Lorenzo Musetti @ Giovanni Mpetshi Perricard,ATP China Open,Giovanni Mpetshi Perricard,2025-09-26 07:00:00,Bovada,3.6,5.82,4.5,Not Found,2025-09-26 05:58:55
KT Wiz @ SSG Landers,KBO,KT Wiz,2025-09-26 05:30:46,MyBookie.ag,2.1,10.18,3.93,SSG Landers,2025-09-26 05:58:55
Fukuoka SoftBank Hawks @ Tohoku Rakuten Golden Eagles,NPB,Fukuoka SoftBank Hawks,2025-09-26 05:00:26,Unibet,5.1,23.8,3.82,Fukuoka SoftBank Hawks,2025-09-26 05:58:55
NC Dinos @ Doosan Bears,KBO,Doosan Bears,2025-09-26 05:31:00,Caesars,3.8,39.09,3.51,NC Dinos,2025-09-26 05:58:55
Ekaterina Alexandrova @ Barbora Krejcikova,WTA China Open,Ekaterina Alexandrova,2025-09-26 05:38:00,FanDuel,3.9,14.49,3.37,Not Found,2025-09-26 06:33:07
Wuhan Three Towns @ Shanghai SIPG FC,Super League - China,Wuhan Three Towns,2025-09-26 08:00:00,Coolbet,12.0,15.06,3.37,Shanghai SIPG FC,2025-09-26 06:33:07
Alexander Zverev @ Lorenzo Sonego,ATP China Open,Lorenzo Sonego,2025-09-26 08:10:00,BoyleSports,4.8,10.23,2.7,Not Found,2025-09-26 06:33:07
Hiroshima Toyo Carp @ Tokyo Yakult Swallows,NPB,Hiroshima Toyo Carp,2025-09-26 05:00:47,888sport,23.0,64.74,2.56,Tokyo Yakult Swallows,2025-09-26 06:33:07
Samsung Lions @ Lotte Giants,KBO,Lotte Giants,2025-09-26 05:30:55,Unibet,4.5,10.59,2.28,Lotte Giants,2025-09-26 06:33:07
Chunichi Dragons @ Hanshin Tigers,NPB,Chunichi Dragons,2025-09-26 05:02:18,Pinnacle,22.91,47.73,2.0,Hanshin Tigers,2025-09-26 06:33:07
Shuai Zhang @ Xinyu Wang,WTA China Open,Xinyu Wang,2025-09-26 07:00:00,Bovada,1.91,5.91,4.72,Not Found,2025-09-26 06:58:52
Dalian Yingbo @ Beijing FC,Super League - China,Draw,2025-09-26 07:35:00,Bovada,5.15,6.29,4.38,Beijing FC,2025-09-26 06:58:52
Chengdu Rongcheng FC @ Zhejiang,Super League - China,Zhejiang,2025-09-26 08:00:00,Bovada,4.55,14.37,4.5,Draw,2025-09-26 07:24:55
Yomiuri Giants @ Yokohama DeNA BayStars,NPB,Yokohama DeNA BayStars,2025-09-26 05:00:39,Pinnacle,1.61,25.37,5.28,Yokohama DeNA BayStars,2025-09-26 07:58:56
Sorana Cirstea @ Karolina Muchova,WTA China Open,Sorana Cirstea,2025-09-26 07:25:00,Betway,6.0,28.01,2.53,Not Found,2025-09-26 07:58:56
Katie Volynets @ Belinda Bencic,WTA China Open,Katie Volynets,2025-09-26 08:16:00,DraftKings,6.0,18.74,3.37,Not Found,2025-09-26 08:56:14
Sri Lanka @ India,Asia Cup,Sri Lanka,2025-09-26 10:30:00,Bovada,5.25,11.29,2.98,Not Found,2025-09-26 08:56:14
Jhony Gregory @ Boris Mbarga Atangana,MMA,Jhony Gregory,2025-09-26 11:00:00,FanDuel,9.7,37.46,3.39,Not Found,2025-09-26 09:24:38
Gino van Steenis @ Connor Hughes,MMA,Connor Hughes,2025-09-26 11:00:00,BetOnline.ag,1.53,5.74,2.43,Not Found,2025-09-26 09:24:38
Galatasaray @ Alanyaspor,Turkey Super League,Alanyaspor,2025-09-26 13:00:00,Bovada,7.75,14.85,4.14,Galatasaray,2025-09-26 11:59:23
Pelicans @ HPK,Liiga,Pelicans,2025-09-26 11:30:00,Coolbet,7.0,45.28,4.05,HPK,2025-09-26 11:59:23
Lukko @ Kiekko-Espoo,Liiga,Lukko,2025-09-26 11:30:00,Betway,4.5,37.14,3.37,Kiekko-Espoo,2025-09-26 11:59:23
Greuther Fürth @ FC Schalke 04,Bundesliga 2 - Germany,Greuther Fürth,2025-09-26 12:30:00,Tipico,4.7,7.65,3.15,FC Schalke 04,2025-09-26 12:35:49
Tappara @ JYP,Liiga,Tappara,2025-09-26 11:30:00,Coolbet,6.5,58.25,2.19,JYP,2025-09-26 12:59:04
Werder Bremen @ Bayern Munich,Bundesliga - Germany,Werder Bremen,2025-09-26 14:30:00,Suprabets,29.0,40.68,4.69,Bayern Munich,2025-09-26 13:27:22
Annecy FC @ Troyes,Ligue 2 - France,Annecy FC,2025-09-26 14:00:00,Suprabets,7.6,9.78,2.7,Troyes,2025-09-26 13:27:22
Jukurit @ SaiPa,Liiga,Jukurit,2025-09-26 11:30:00,Coolbet,30.0,123.82,2.13,Jukurit,2025-09-26 13:27:22
VfB Stuttgart II @ FC Energie Cottbus,3. Liga - Germany,VfB Stuttgart II,2025-09-26 13:00:25,Tipico,10.0,5.47,2.02,Not Found,2025-09-26 13:27:22
St. Louis Cardinals @ Chicago Cubs,MLB,Chicago Cubs,2025-09-26 14:21:00,Bovada,1.57,13.93,5.4,Chicago Cubs,2025-09-26 14:36:41
Stade de Reims @ Nancy,Ligue 2 - France,Draw,2025-09-26 14:00:00,Pinnacle,3.09,6.06,3.76,Stade de Reims,2025-09-26 14:36:41
Fortuna Sittard @ FC Twente Enschede,Dutch Eredivisie,Fortuna Sittard,2025-09-26 14:00:00,Pinnacle,6.62,9.96,3.02,FC Twente Enschede,2025-09-26 14:36:41
Le Mans FC @ Clermont,Ligue 2 - France,Le Mans FC,2025-09-26 14:00:00,Tipico,7.0,9.29,2.7,Draw,2025-09-26 14:36:41
KooKoo @ Kärpät,Liiga,Kärpät,2025-09-26 12:30:00,Winamax (DE),42.0,144.51,2.2,KooKoo,2025-09-26 14:36:41
SC Bastia @ Grenoble,Ligue 2 - France,SC Bastia,2025-09-26 14:00:00,Tipico,6.5,13.91,3.74,Draw,2025-09-26 14:59:43
Deportes Iquique @ Colo Colo,Primera División - Chile,Deportes Iquique,2025-09-26 18:00:00,Coolbet,7.0,5.36,2.87,Not Found,2025-09-26 14:59:43
Juve Stabia @ US Catanzaro 1929,Serie B - Italy,US Catanzaro 1929,2025-09-26 14:31:00,DraftKings,9.0,47.73,2.7,Not Found,2025-09-26 14:59:43
Zaragoza @ CD Mirandés,La Liga 2 - Spain,CD Mirandés,2025-09-26 14:30:00,Coolbet,8.5,61.53,2.28,Not Found,2025-09-26 14:59:43
Gil Vicente @ Benfica,Primeira Liga - Portugal,Gil Vicente,2025-09-26 15:15:00,Pinnacle,11.64,9.14,2.21,Benfica,2025-09-26 14:59:43
Waterford FC @ Shelbourne Dublin,League of Ireland,Draw,2025-09-26 14:46:00,Tipico,8.5,24.73,2.02,Shelbourne Dublin,2025-09-26 14:59:43
Anderlecht @ Leuven,Belgium First Div,Draw,2025-09-26 14:45:00,Bovada,3.45,18.5,5.4,Draw,2025-09-26 15:22:27
Espanyol @ Girona,La Liga - Spain,Draw,2025-09-26 15:00:00,Bovada,3.35,6.46,3.04,Draw,2025-09-26 15:22:27
GKS Katowice @ Wisła Płock,Ekstraklasa - Poland,GKS Katowice,2025-09-26 14:30:00,Coolbet,12.0,21.97,2.7,Draw,2025-09-26 15:22:27
Marseille @ Strasbourg,Ligue 1 - France,Draw,2025-09-26 14:45:00,Suprabets,3.9,7.89,3.37,Marseille,2025-09-26 15:59:59
Cork City @ Galway United,League of Ireland,Cork City,2025-09-26 14:45:00,Nordic Bet,24.0,12.28,2.7,Galway United,2025-09-26 15:59:59
Pau FC @ Rodez AF,Ligue 2 - France,Draw,2025-09-26 14:00:00,Tipico,25.0,260.09,2.26,Pau FC,2025-09-26 15:59:59
Derry City @ Drogheda United,League of Ireland,Drogheda United,2025-09-26 14:47:00,Tipico,4.7,48.66,2.25,Draw,2025-09-26 15:59:59
San Martin de San Juan @ Platense,Primera División - Argentina,Platense,2025-09-26 18:00:00,Bovada,2.05,5.01,4.22,Draw,2025-09-26 17:59:15
Calgary Stampeders @ Montreal Alouettes,CFL,Calgary Stampeders,2025-09-26 19:00:00,Bovada,3.0,8.55,4.72,Not Found,2025-09-26 18:28:36
Union Santa Fe @ Banfield,Primera División - Argentina,Draw,2025-09-26 18:00:00,Bovada,2.85,9.61,4.05,Not Found,2025-09-26 18:28:36
Minnesota Twins @ Philadelphia Phillies,MLB,Philadelphia Phillies,2025-09-26 18:46:00,BetUS,1.74,10.56,2.61,Philadelphia Phillies,2025-09-26 18:58:57
New York Mets @ Miami Marlins,MLB,New York Mets,2025-09-26 19:11:00,BetAnySports,1.78,21.1,4.43,Miami Marlins,2025-09-26 19:25:02
Detroit Tigers @ Boston Red Sox,MLB,Boston Red Sox,2025-09-26 19:11:00,Bet Victor,1.95,6.11,3.24,Boston Red Sox,2025-09-26 19:25:02
Baltimore Orioles @ New York Yankees,MLB,Baltimore Orioles,2025-09-26 19:06:00,PointsBet (AU),4.0,11.69,2.47,New York Yankees,2025-09-26 19:25:02
Chicago White Sox @ Washington Nationals,MLB,Washington Nationals,2025-09-26 18:46:00,Caesars,4.5,7.68,2.39,Chicago White Sox,2025-09-26 19:25:02
Las Vegas Aces @ Indiana Fever,WNBA,Indiana Fever,2025-09-26 19:33:38,MyBookie.ag,3.2,8.87,3.04,Las Vegas Aces,2025-09-26 19:59:01
Arizona Diamondbacks @ San Diego Padres,MLB,Arizona Diamondbacks,2025-09-26 21:41:00,BetAnySports,2.16,9.3,3.42,San Diego Padres,2025-09-26 21:55:34
Minnesota Lynx @ Phoenix Mercury,WNBA,Minnesota Lynx,2025-09-26 21:40:42,Ladbrokes,1.6,8.52,2.81,Phoenix Mercury,2025-09-26 21:55:34
León @ FC Juárez,Liga MX,Draw,2025-09-26 21:00:00,FanDuel,5.0,6.12,2.7,FC Juárez,2025-09-26 21:55:34
Cincinnati Reds @ Milwaukee Brewers,MLB,Milwaukee Brewers,2025-09-26 20:10:19,GTbets,5.79,11.4,2.42,Cincinnati Reds,2025-09-26 21:55:34
Tampa Bay Rays @ Toronto Blue Jays,MLB,Tampa Bay Rays,2025-09-26 19:08:00,Unibet (SE),15.0,46.43,2.19,Toronto Blue Jays,2025-09-26 21:55:34
TCU Horned Frogs @ Arizona State Sun Devils,NCAAF,Arizona State Sun Devils,2025-09-26 21:05:33,FanDuel,3.9,19.99,2.14,Arizona State Sun Devils,2025-09-26 21:55:34
Pittsburgh Pirates @ Atlanta Braves,MLB,Atlanta Braves,2025-09-26 19:16:14,BetMGM,7.0,7.07,2.02,Pittsburgh Pirates,2025-09-26 21:55:34
Lin Zhu @ Mirra Andreeva,WTA China Open,Lin Zhu,2025-09-26 23:00:00,LowVig.ag,6.59,14.08,3.62,Not Found,2025-09-26 22:50:05
Houston Cougars @ Oregon State Beavers,NCAAF,Oregon State Beavers,2025-09-26 22:37:00,TAB,6.0,27.86,3.37,Houston Cougars,2025-09-26 22:50:05
Houston Astros @ Los Angeles Angels,MLB,Los Angeles Angels,2025-09-26 21:39:00,MyBookie.ag,3.1,7.89,4.0,Los Angeles Angels,2025-09-26 23:19:16
Dayana Yastremska @ Jessica Bouzas Maneiro,WTA China Open,Dayana Yastremska,2025-09-26 23:17:03,LowVig.ag,1.93,5.04,3.37,Not Found,2025-09-26 23:19:16
Los Angeles Dodgers @ Seattle Mariners,MLB,Seattle Mariners,2025-09-26 21:42:03,Unibet (IT),3.0,20.72,2.92,Los Angeles Dodgers,2025-09-26 23:19:16
Emma Navarro @ Elena Gabriela Ruse,WTA China Open,Emma Navarro,2025-09-26 23:16:15,LowVig.ag,1.48,7.89,2.7,Not Found,2025-09-26 23:19:16
Toronto Argonauts @ BC Lions,CFL,BC Lions,2025-09-26 22:00:00,Bovada,1.31,7.12,2.53,BC Lions,2025-09-26 23:19:16
Kansas City Royals @ Oakland Athletics,MLB,Oakland Athletics,2025-09-26 22:06:00,Bovada,2.08,11.59,5.73,Oakland Athletics,2025-09-26 23:59:13
Victoria Mboko @ Anastasia Potapova,WTA China Open,Victoria Mboko,2025-09-26 23:03:00,Caesars,2.0,30.12,3.57,Not Found,2025-09-26 23:59:13
Colorado Rockies @ San Francisco Giants,MLB,Colorado Rockies,2025-09-26 22:16:00,Betsson,25.0,108.72,3.36,San Francisco Giants,2025-09-26 23:59:13
Alexandre Muller @ Fabian Marozsan,ATP China Open,Alexandre Muller,2025-09-26 23:03:00,Pinnacle,5.13,17.33,2.64,API Error,2025-09-26 23:59:13
Anna Kalinskaya @ Maria Camila Osorio Serrano,WTA China Open,Anna Kalinskaya,2025-09-26 23:09:00,Unibet (SE),6.75,71.97,5.1,API Error,2025-09-27 01:28:37
Daejeon Citizen @ Gangwon FC,K League 1,Draw,2025-09-27 01:00:00,Unibet (FR),3.22,8.34,4.9,Draw,2025-09-27 01:28:37
Brisbane Lions @ Geelong Cats,AFL,Brisbane Lions,2025-09-27 00:31:00,Bovada,2.6,21.94,4.35,Brisbane Lions,2025-09-27 01:28:37
Yomiuri Giants @ Yokohama DeNA BayStars,NPB,Yomiuri Giants,2025-09-27 01:01:56,Bovada,3.2,16.24,3.78,Yomiuri Giants,2025-09-27 01:28:37
Arthur Rinderknech @ Alex de Minaur,ATP China Open,Arthur Rinderknech,2025-09-27 01:07:00,Coral,21.0,53.37,3.08,API Error,2025-09-27 01:28:37
Fagiano Okayama @ FC Machida Zelvia,J League,Fagiano Okayama,2025-09-27 03:00:00,Coolbet,5.75,5.27,5.06,FC Machida Zelvia,2025-09-27 01:58:57
Ulsan Hyundai FC @ Daegu FC,K League 1,Daegu FC,2025-09-27 03:30:00,Bovada,3.95,11.87,3.37,Draw,2025-09-27 01:58:57
Zeynep Sonmez @ Clara Tauson,WTA China Open,Zeynep Sonmez,2025-09-27 01:32:00,Caesars,2.75,7.95,4.05,API Error,2025-09-27 02:35:09
Terence Atmane @ Jannik Sinner,ATP China Open,Terence Atmane,2025-09-27 03:00:00,DraftKings,14.0,19.25,3.37,API Error,2025-09-27 02:35:09
Maya Joint @ Diana Shnaider,WTA China Open,Diana Shnaider,2025-09-27 01:38:00,Betway,5.5,15.16,2.02,API Error,2025-09-27 02:35:09
Pohang Steelers @ Sangju Sangmu FC,K League 1,Sangju Sangmu FC,2025-09-27 03:30:00,Pinnacle,2.63,5.87,5.13,Sangju Sangmu FC,2025-09-27 02:59:26
Chunichi Dragons @ Hanshin Tigers,NPB,Hanshin Tigers,2025-09-27 01:02:11,BetMGM,3.2,20.77,2.17,Chunichi Dragons,2025-09-27 02:59:26
Marta Kostyuk @ Ella Seidel,WTA China Open,Marta Kostyuk,2025-09-27 03:10:00,Pinnacle,1.34,7.76,4.27,API Error,2025-09-27 03:23:23
Perth Wildcats @ New Zealand Breakers,NBL,New Zealand Breakers,2025-09-27 03:35:00,TAB,4.2,11.28,3.91,Perth Wildcats,2025-09-27 03:59:01
Jessica Pegula @ Ajla Tomljanovic,WTA China Open,Ajla Tomljanovic,2025-09-27 03:43:00,DraftKings,23.0,80.62,2.43,API Error,2025-09-27 03:59:01
Xiyu Wang @ Linda Noskova,WTA China Open,Xiyu Wang,2025-09-27 03:50:00,DraftKings,12.0,54.88,3.85,API Error,2025-09-27 04:31:18
SSG Landers @ Doosan Bears,KBO,SSG Landers,2025-09-27 04:01:13,Pinnacle,2.03,7.58,3.64,SSG Landers,2025-09-27 04:31:18
Hiroshima Sanfrecce FC @ Avispa Fukuoka,J League,Avispa Fukuoka,2025-09-27 05:00:00,Bovada,4.05,6.25,2.47,Hiroshima Sanfrecce FC,2025-09-27 04:31:18
Kashima Antlers @ Nagoya Grampus,J League,Nagoya Grampus,2025-09-27 04:00:00,Tipico,30.0,28.56,4.72,Kashima Antlers,2025-09-27 04:59:25
Hokkaido Nippon-Ham Fighters @ Chiba Lotte Marines,NPB,Chiba Lotte Marines,2025-09-27 05:00:00,William Hill,2.38,8.77,4.45,Hokkaido Nippon-Ham Fighters,2025-09-27 04:59:25
NC Dinos @ Kia Tigers,KBO,Kia Tigers,2025-09-27 04:00:09,Pinnacle,2.69,9.77,3.06,NC Dinos,2025-09-27 04:59:25
Qingdao Hainiu FC @ Changchun Yatai,Super League - China,Qingdao Hainiu FC,2025-09-27 06:00:00,Bovada,2.48,6.79,2.78,Draw,2025-09-27 04:59:25
LG Twins @ Hanwha Eagles,KBO,Hanwha Eagles,2025-09-27 04:00:00,FanDuel,15.0,76.65,2.02,LG Twins,2025-09-27 04:59:25
Daria Kasatkina @ Sonay Kartal,WTA China Open,Daria Kasatkina,2025-09-27 05:30:38,Bet Victor,1.95,8.79,3.37,API Error,2025-09-27 05:25:57
Hiroshima Toyo Carp @ Tokyo Yakult Swallows,NPB,Hiroshima Toyo Carp,2025-09-27 05:00:36,Pinnacle,2.71,10.22,2.21,Tokyo Yakult Swallows,2025-09-27 05:25:57
Urawa Red Diamonds @ Tokyo Verdy,J League,Tokyo Verdy,2025-09-27 05:00:00,Tipico,6.0,5.12,3.37,Draw,2025-09-27 06:29:23
Jeonbuk Hyundai Motors @ FC Seoul,K League 1,Draw,2025-09-27 06:00:00,Pinnacle,3.35,5.9,3.37,Draw,2025-09-27 06:29:23
Fukuoka SoftBank Hawks @ Saitama Seibu Lions,NPB,Saitama Seibu Lions,2025-09-27 05:01:03,FanDuel,11.6,23.78,3.51,Fukuoka SoftBank Hawks,2025-09-27 06:58:52
Aliaksandra Sasnovich @ Naomi Osaka,WTA China Open,Naomi Osaka,2025-09-27 05:03:00,Caesars,10.0,53.71,3.37,API Error,2025-09-27 06:58:52
Holstein Kiel @ Elversberg,Bundesliga 2 - Germany,Holstein Kiel,2025-09-27 07:00:00,Pinnacle,3.6,6.54,3.04,Elversberg,2025-09-27 06:58:52
Qinwen Zheng @ Emiliana Arango,WTA China Open,Emiliana Arango,2025-09-27 07:17:48,FanDuel,5.6,16.76,3.37,API Error,2025-09-27 07:21:58
Cristina Bucsa @ Emma Raducanu,WTA China Open,Cristina Bucsa,2025-09-27 07:29:59,SportsBet,4.05,5.96,3.04,API Error,2025-09-27 07:21:58
Tohoku Rakuten Golden Eagles @ Orix Buffaloes,NPB,Tohoku Rakuten Golden Eagles,2025-09-27 05:00:44,FanDuel,11.6,36.42,2.09,Orix Buffaloes,2025-09-27 07:21:58
Derby County @ Wrexham AFC,Championship,Draw,2025-09-27 07:30:00,Pinnacle,3.28,8.03,4.09,Draw,2025-09-27 07:59:17
Millwall @ Swansea City,Championship,Millwall,2025-09-27 07:30:00,Sky Bet,12.0,20.67,2.7,Draw,2025-09-27 07:59:17
1. FC Kaiserslautern @ SC Paderborn,Bundesliga 2 - Germany,1. FC Kaiserslautern,2025-09-27 07:00:00,Coolbet,11.0,25.82,2.7,SC Paderborn,2025-09-27 07:59:17
FC Ingolstadt 04 @ MSV Duisburg,3. Liga - Germany,Draw,2025-09-27 08:00:03,Bovada,3.55,21.71,4.41,API Error,2025-09-27 08:49:51
1. FC Saarbrücken @ Wehen Wiesbaden,3. Liga - Germany,Draw,2025-09-27 08:00:01,Suprabets,7.5,24.5,3.95,API Error,2025-09-27 08:49:51
Barnet @ Oldham Athletic,League 2,Oldham Athletic,2025-09-27 07:30:00,Bet Victor,13.0,9.82,3.37,Draw,2025-09-27 08:49:51
TSV 1860 München @ Erzgebirge Aue,3. Liga - Germany,Draw,2025-09-27 08:03:02,Suprabets,4.1,6.89,2.92,API Error,2025-09-27 08:49:51
Degerfors IF @ IF Elfsborg,Allsvenskan - Sweden,Draw,2025-09-27 09:00:00,Bovada,4.15,6.27,2.75,Degerfors IF,2025-09-27 08:49:51
Reggiana @ Südtirol,Serie B - Italy,Reggiana,2025-09-27 09:00:00,Pinnacle,4.16,6.29,2.74,Südtirol,2025-09-27 08:49:51
TSV Havelse @ Hansa Rostock,3. Liga - Germany,Draw,2025-09-27 08:03:02,Bovada,4.6,13.9,2.56,API Error,2025-09-27 08:49:51
Wycombe Wanderers @ Wimbledon,League 1,Wycombe Wanderers,2025-09-27 07:30:00,Tipico,40.0,106.41,5.06,Wimbledon,2025-09-27 09:12:05
Alemannia Aachen @ Schweinfurt,3. Liga - Germany,Schweinfurt,2025-09-27 08:00:41,Tipico,13.0,26.38,4.72,API Error,2025-09-27 09:12:05
Frosinone @ Mantova,Serie B - Italy,Frosinone,2025-09-27 09:02:00,Coolbet,2.5,29.0,3.85,Frosinone,2025-09-27 09:12:05
Cremonese @ Como,Serie A - Italy,Cremonese,2025-09-27 09:00:00,BetOnline.ag,8.75,18.97,2.36,Draw,2025-09-27 09:12:05
Lechia Gdańsk @ Korona Kielce,Ekstraklasa - Poland,Lechia Gdańsk,2025-09-27 08:45:00,Coolbet,9.0,10.69,2.02,Korona Kielce,2025-09-27 09:12:05
Spezia @ Venezia,Serie B - Italy,Draw,2025-09-27 09:01:00,Winamax (DE),6.25,39.96,5.17,Venezia,2025-09-27 09:29:21
Jakub Mensik @ Arthur Cazaux,ATP China Open,Jakub Mensik,2025-09-27 08:40:00,Pinnacle,1.49,7.95,2.7,API Error,2025-09-27 09:29:21
Montpellier @ Stade Lavallois,Ligue 2 - France,Stade Lavallois,2025-09-27 08:00:00,Bovada,17.0,15.17,2.02,Montpellier,2025-09-27 09:29:21
Bayer Leverkusen @ FC St. Pauli,Bundesliga - Germany,Draw,2025-09-27 09:30:00,Suprabets,4.2,9.63,3.37,Bayer Leverkusen,2025-09-27 09:58:55
FC KTP @ AC Oulu,Veikkausliiga - Finland,FC KTP,2025-09-27 10:00:00,Bovada,3.5,7.66,3.37,FC KTP,2025-09-27 09:58:55
Hibernian @ Celtic,Premiership - Scotland,Draw,2025-09-27 10:00:00,Bovada,5.75,20.7,5.63,Draw,2025-09-27 10:27:05
Newport County @ Chesterfield FC,League 2,Draw,2025-09-27 10:00:00,888sport,4.33,6.28,5.44,Chesterfield FC,2025-09-27 10:27:05
Virtus Entella @ Avellino,Serie B - Italy,Avellino,2025-09-27 09:00:00,Pinnacle,1.36,7.7,5.17,Avellino,2025-09-27 10:27:05
Reading @ Stockport County FC,League 1,Draw,2025-09-27 10:00:00,Tipico,6.5,13.1,4.95,Draw,2025-09-27 10:27:05
Bournemouth @ Leeds United,EPL,Draw,2025-09-27 10:00:00,LeoVegas (SE),4.35,24.46,4.34,Draw,2025-09-27 10:27:05
Blackburn Rovers @ Charlton Athletic,Championship,Draw,2025-09-27 10:00:00,Bovada,3.05,6.98,4.14,Charlton Athletic,2025-09-27 10:27:05
Real Madrid @ Atlético Madrid,La Liga - Spain,Atlético Madrid,2025-09-27 10:15:00,1xBet,3.37,5.29,4.05,Atlético Madrid,2025-09-27 10:27:05
Burnley @ Manchester City,EPL,Draw,2025-09-27 10:00:00,Sky Bet,16.0,24.82,4.05,Manchester City,2025-09-27 10:27:05
Borussia Dortmund @ FSV Mainz 05,Bundesliga - Germany,Draw,2025-09-27 09:30:00,Sky Bet,12.0,23.1,3.48,Borussia Dortmund,2025-09-27 10:27:05
Sheffield United @ Oxford United,Championship,Draw,2025-09-27 10:00:00,Bovada,3.25,7.38,3.37,Sheffield United,2025-09-27 10:27:05
FC Inter Turku @ SJK Seinäjoki,Veikkausliiga - Finland,FC Inter Turku,2025-09-27 10:00:00,Coolbet,3.6,5.11,3.37,SJK Seinäjoki,2025-09-27 10:27:05
Portsmouth @ Ipswich Town,Championship,Portsmouth,2025-09-27 10:00:00,Tipico,30.0,56.87,3.04,Ipswich Town,2025-09-27 10:27:05
Middlesbrough @ Southampton,Championship,Draw,2025-09-27 10:00:00,Pinnacle,3.38,5.6,2.33,Draw,2025-09-27 10:27:05
Brighton and Hove Albion @ Chelsea,EPL,Brighton and Hove Albion,2025-09-27 10:00:00,Coolbet,11.0,17.9,2.02,Brighton and Hove Albion,2025-09-27 10:27:05
Falkirk F.C. @ Hearts,Premiership - Scotland,Falkirk F.C.,2025-09-27 10:01:00,Paddy Power,17.0,22.94,2.02,Hearts,2025-09-27 10:27:05
NAC Breda @ Ajax,Dutch Eredivisie,NAC Breda,2025-09-27 10:30:00,Coolbet,11.0,8.06,2.02,Ajax,2025-09-27 10:27:05
Kiekko-Espoo @ Lukko,Liiga,Lukko,2025-09-27 10:00:00,Nordic Bet,1.53,22.4,4.5,Lukko,2025-09-27 10:59:07
Milton Keynes Dons @ Shrewsbury Town,League 2,Draw,2025-09-27 10:00:00,Bet Victor,9.5,9.5,4.05,Milton Keynes Dons,2025-09-27 10:59:07
Plymouth Argyle @ Burton Albion,League 1,Burton Albion,2025-09-27 10:00:00,Tipico,35.0,101.39,4.05,Plymouth Argyle,2025-09-27 10:59:07
Samsunspor @ Gazişehir Gaziantep,Turkey Super League,Samsunspor,2025-09-27 10:00:00,Bovada,2.83,23.4,3.54,Draw,2025-09-27 10:59:07
Barrow @ Crawley Town,League 2,Draw,2025-09-27 10:00:00,Bet Victor,10.5,18.24,3.37,Barrow,2025-09-27 10:59:07
Augsburg @ 1. FC Heidenheim,Bundesliga - Germany,Draw,2025-09-27 09:30:00,Sky Bet,18.0,53.15,3.37,1. FC Heidenheim,2025-09-27 10:59:07
West Indies @ Nepal,International Twenty20,Nepal,2025-09-27 10:30:00,TAB,7.5,14.49,3.37,API Error,2025-09-27 10:59:07
Levadiakos @ Olympiakos Piraeus,Super League - Greece,Levadiakos,2025-09-27 11:00:00,Coolbet,14.0,13.2,3.37,Olympiakos Piraeus,2025-09-27 10:59:07
Grazer AK @ Ried,Austrian Football Bundesliga,Grazer AK,2025-09-27 11:00:00,1xBet,4.31,8.18,3.19,Draw,2025-09-27 10:59:07
Casa Pia @ Moreirense FC,Primeira Liga - Portugal,Casa Pia,2025-09-27 10:29:00,Bovada,3.85,7.64,3.04,API Error,2025-09-27 10:59:07
AS Monaco @ Lorient,Ligue 1 - France,Draw,2025-09-27 11:00:00,Bovada,4.35,6.29,3.04,Lorient,2025-09-27 10:59:07
Lincoln City @ Peterborough United,League 1,Peterborough United,2025-09-27 10:00:00,Coolbet,10.0,20.24,2.7,Lincoln City,2025-09-27 10:59:07
Doncaster Rovers @ Luton,League 1,Doncaster Rovers,2025-09-27 10:00:00,Tipico,22.0,46.29,2.02,Luton,2025-09-27 10:59:07
Bromley FC @ Swindon Town,League 2,Draw,2025-09-27 10:00:00,Bet Victor,10.0,8.42,2.02,Swindon Town,2025-09-27 10:59:07
Rotherham United @ Mansfield Town,League 1,Mansfield Town,2025-09-27 10:00:00,Coolbet,5.5,8.08,2.02,Mansfield Town,2025-09-27 10:59:07
Rot-Weiss Essen @ Waldhof Mannheim,3. Liga - Germany,Draw,2025-09-27 10:33:02,Suprabets,8.7,25.05,5.4,Waldhof Mannheim,2025-09-27 11:25:07
Huddersfield Town @ Exeter City,League 1,Draw,2025-09-27 10:00:00,Bet Victor,5.25,6.26,4.38,Huddersfield Town,2025-09-27 11:25:07
Salford City @ Bristol Rovers,League 2,Draw,2025-09-27 10:00:00,Pinnacle,2.41,5.58,4.18,Bristol Rovers,2025-09-27 11:25:07
Bolton Wanderers @ Northampton Town,League 1,Northampton Town,2025-09-27 10:00:00,Tipico,6.5,13.23,3.78,Northampton Town,2025-09-27 11:25:07
Rheindorf Altach @ FC Blau-Weiß Linz,Austrian Football Bundesliga,Draw,2025-09-27 11:00:00,Bovada,3.15,8.6,3.77,FC Blau-Weiß Linz,2025-09-27 11:25:07
Bristol City @ Preston North End,Championship,Preston North End,2025-09-27 10:00:00,Tipico,5.5,11.51,3.47,Draw,2025-09-27 11:25:07
Port Vale @ Barnsley,League 1,Barnsley,2025-09-27 10:00:00,Coolbet,12.0,56.77,3.37,Port Vale,2025-09-27 11:25:07
Kilmarnock @ Dundee United,Premiership - Scotland,Draw,2025-09-27 10:00:00,Sky Bet,10.0,24.22,2.7,Kilmarnock,2025-09-27 11:25:07
LASK @ Wolfsberger AC,Austrian Football Bundesliga,Draw,2025-09-27 11:00:00,Bovada,3.6,9.17,2.47,Wolfsberger AC,2025-09-27 11:25:07
Evesham United FC @ AFC Telford United,FA Cup,AFC Telford United,2025-09-27 10:01:00,Virgin Bet,1.98,33.14,2.46,API Error,2025-09-27 11:25:07
Walsall @ Accrington Stanley,League 2,Draw,2025-09-27 10:00:00,Paddy Power,5.0,7.14,2.25,Walsall,2025-09-27 11:25:07
Norwich City @ Stoke City,Championship,Norwich City,2025-09-27 10:01:00,Bet Victor,5.75,9.0,2.25,Draw,2025-09-27 11:25:07
Dundee FC @ St Mirren,Premiership - Scotland,Dundee FC,2025-09-27 10:03:00,Sky Bet,31.0,37.91,2.02,St Mirren,2025-09-27 11:25:07
Tondela @ Santa Clara,Primeira Liga - Portugal,Draw,2025-09-27 11:33:00,Bovada,3.45,23.07,5.73,Tondela,2025-09-27 11:58:56
Harrogate Town @ Gillingham,League 2,Harrogate Town,2025-09-27 10:00:00,Pinnacle,1.29,15.85,5.4,Harrogate Town,2025-09-27 11:58:56
Liverpool @ Crystal Palace,EPL,Liverpool,2025-09-27 10:00:00,Bovada,17.0,106.73,4.95,Crystal Palace,2025-09-27 11:58:56
IFK Norrkoping @ BK Hacken,Allsvenskan - Sweden,Draw,2025-09-27 11:30:00,Pinnacle,4.21,10.81,4.79,BK Hacken,2025-09-27 11:58:56
Atalanta BC @ Juventus,Serie A - Italy,Atalanta BC,2025-09-27 12:00:00,1xBet,4.65,8.73,4.38,Draw,2025-09-27 11:58:56
Padova @ Monza,Serie B - Italy,Padova,2025-09-27 11:17:00,Bovada,4.9,11.83,4.27,Padova,2025-09-27 11:58:56
Queens Park Rangers @ Sheffield Wednesday,Championship,Sheffield Wednesday,2025-09-27 10:00:00,Paddy Power,41.0,162.42,2.83,Draw,2025-09-27 11:58:56
FC Zwolle @ FC Volendam,Dutch Eredivisie,FC Volendam,2025-09-27 12:45:00,Bovada,2.73,5.44,5.06,FC Volendam,2025-09-27 12:31:36
Eintracht Frankfurt @ Borussia Monchengladbach,Bundesliga - Germany,Borussia Monchengladbach,2025-09-27 12:30:00,1xBet,3.27,5.91,4.99,Eintracht Frankfurt,2025-09-27 12:31:36
FC Copenhagen @ SonderjyskE,Denmark Superliga,Draw,2025-09-27 12:02:00,Bovada,4.3,15.91,4.72,FC Copenhagen,2025-09-27 12:31:36
Nieciecza @ Piast Gliwice,Ekstraklasa - Poland,Piast Gliwice,2025-09-27 11:31:00,FanDuel,5.7,17.22,3.71,Piast Gliwice,2025-09-27 12:31:36
Georgia Tech Yellow Jackets @ Wake Forest Demon Deacons,NCAAF,Wake Forest Demon Deacons,2025-09-27 11:53:00,TAB,6.5,36.99,3.41,Georgia Tech Yellow Jackets,2025-09-27 12:31:36
Viking FK @ Sarpsborg FK,Eliteserien - Norway,Draw,2025-09-27 12:00:00,Bovada,4.1,10.59,3.15,Draw,2025-09-27 12:31:36
FC Winterthur @ Servette,Swiss Superleague,Draw,2025-09-27 12:00:00,Tipico,7.0,8.32,2.7,Servette,2025-09-27 12:31:36
Louisville Cardinals @ Pittsburgh Panthers,NCAAF,Louisville Cardinals,2025-09-27 11:51:00,DraftKings,2.95,6.34,2.7,Louisville Cardinals,2025-09-27 12:31:36
Duke Blue Devils @ Syracuse Orange,NCAAF,Syracuse Orange,2025-09-27 11:54:00,GTbets,3.07,9.47,2.5,Duke Blue Devils,2025-09-27 12:31:36
Utah State Aggies @ Vanderbilt Commodores,NCAAF,Utah State Aggies,2025-09-27 12:45:00,FanDuel,12.6,8.7,2.16,Vanderbilt Commodores,2025-09-27 12:31:36
KooKoo @ Sport,Liiga,KooKoo,2025-09-27 11:30:00,Betway,12.0,39.91,2.02,API Error,2025-09-27 12:31:36
USC Trojans @ Illinois Fighting Illini,NCAAF,USC Trojans,2025-09-27 11:50:00,TAB,1.95,5.34,2.02,Illinois Fighting Illini,2025-09-27 12:31:36
Bowling Green Falcons @ Ohio Bobcats,NCAAF,Bowling Green Falcons,2025-09-27 12:03:01,Caesars,5.0,21.4,2.02,Ohio Bobcats,2025-09-27 12:31:36
Alavés @ Mallorca,La Liga - Spain,Draw,2025-09-27 12:29:00,Bovada,3.0,13.42,5.66,Mallorca,2025-09-27 12:58:58
Panserraikos FC @ Aris Thessaloniki,Super League - Greece,Draw,2025-09-27 13:30:00,Suprabets,5.3,5.53,5.4,Draw,2025-09-27 12:58:58
Nantes @ Toulouse,Ligue 1 - France,Nantes,2025-09-27 13:00:00,Suprabets,5.9,7.93,3.81,Draw,2025-09-27 12:58:58
Notre Dame Fighting Irish @ Arkansas Razorbacks,NCAAF,Arkansas Razorbacks,2025-09-27 12:07:52,TAB,6.5,47.82,3.54,Notre Dame Fighting Irish,2025-09-27 12:58:58
Sunderland @ Nottingham Forest,EPL,Sunderland,2025-09-27 12:30:00,Paddy Power,5.5,7.91,3.37,Sunderland,2025-09-27 12:58:58
Deportivo La Coruña @ SD Eibar,La Liga 2 - Spain,SD Eibar,2025-09-27 12:30:00,Tipico,6.0,5.01,2.92,Not Found,2025-09-27 12:58:58
Argentinos Juniors @ Aldosivi Mar del Plata,Primera División - Argentina,Aldosivi Mar del Plata,2025-09-27 13:30:00,Pinnacle,6.19,5.21,2.66,Argentinos Juniors,2025-09-27 12:58:58
South Alabama Jaguars @ North Texas Mean Green,NCAAF,South Alabama Jaguars,2025-09-27 12:00:00,MyBookie.ag,5.75,41.47,2.5,North Texas Mean Green,2025-09-27 12:58:58
Andorra CF @ Real Racing Club de Santander,La Liga 2 - Spain,Draw,2025-09-27 12:30:00,Pinnacle,3.09,5.41,5.94,Not Found,2025-09-27 13:25:10
Rosario Central @ Gimnasia La Plata,Primera División - Argentina,Rosario Central,2025-09-27 13:30:00,Bovada,2.25,5.25,5.62,Rosario Central,2025-09-27 13:25:10
Club Brugge @ Standard Liege,Belgium First Div,Standard Liege,2025-09-27 12:15:00,Bovada,5.0,7.74,4.72,Club Brugge,2025-09-27 13:25:10
Rutgers Scarlet Knights @ Minnesota Golden Gophers,NCAAF,Rutgers Scarlet Knights,2025-09-27 12:01:34,MyBookie.ag,2.85,23.26,3.65,Minnesota Golden Gophers,2025-09-27 13:25:10
Grasshopper Zürich @ FC Lugano,Swiss Superleague,Draw,2025-09-27 12:00:00,Tipico,9.0,10.11,3.37,FC Lugano,2025-09-27 13:25:10
Eastern Michigan Eagles @ Central Michigan Chippewas,NCAAF,Central Michigan Chippewas,2025-09-27 13:02:56,MyBookie.ag,1.4,6.24,3.08,Central Michigan Chippewas,2025-09-27 13:25:10
Trabzonspor @ Fatih Karagümrük,Turkey Super League,Fatih Karagümrük,2025-09-27 13:01:00,Coolbet,11.0,6.73,2.02,Trabzonspor,2025-09-27 13:25:10
Georgia Southern Eagles @ James Madison Dukes,NCAAF,Georgia Southern Eagles,2025-09-27 13:32:31,DraftKings,12.0,34.48,5.62,James Madison Dukes,2025-09-27 13:59:08
Cincinnati Bearcats @ Kansas Jayhawks,NCAAF,Kansas Jayhawks,2025-09-27 11:50:00,GTbets,2.36,19.08,5.81,Cincinnati Bearcats,2025-09-27 14:34:49
Guingamp @ Saint Etienne,Ligue 2 - France,Draw,2025-09-27 14:00:00,Bovada,4.35,16.85,5.62,Guingamp,2025-09-27 14:34:49
Westerlo @ Union Saint-Gilloise,Belgium First Div,Westerlo,2025-09-27 14:45:00,Bovada,8.0,10.4,2.87,Union Saint-Gilloise,2025-09-27 14:34:49
St. Louis Cardinals @ Chicago Cubs,MLB,Chicago Cubs,2025-09-27 14:21:00,LowVig.ag,1.59,6.1,2.12,Chicago Cubs,2025-09-27 14:34:49
Baltimore Orioles @ New York Yankees,MLB,Baltimore Orioles,2025-09-27 13:08:00,Unibet,15.0,35.8,2.02,New York Yankees,2025-09-27 14:34:49
FC St Gallen @ FC Zurich,Swiss Superleague,FC Zurich,2025-09-27 14:30:00,Coolbet,5.5,7.39,2.7,FC Zurich,2025-09-27 14:59:04
Auxerre @ Paris Saint Germain,Ligue 1 - France,Draw,2025-09-27 15:05:00,Unibet (FR),7.4,20.89,5.32,Paris Saint Germain,2025-09-27 15:21:18
Wolverhampton Wanderers @ Tottenham Hotspur,EPL,Draw,2025-09-27 15:00:00,Unibet (FR),4.4,9.03,4.72,Draw,2025-09-27 15:21:18
Tampa Bay Rays @ Toronto Blue Jays,MLB,Toronto Blue Jays,2025-09-27 15:09:00,William Hill,1.62,5.4,4.27,Toronto Blue Jays,2025-09-27 15:21:18
Górnik Zabrze @ Cracovia Kraków,Ekstraklasa - Poland,Draw,2025-09-27 14:15:00,Bovada,3.12,26.3,4.0,Draw,2025-09-27 15:21:18
Inter Milan @ Cagliari,Serie A - Italy,Draw,2025-09-27 14:45:00,Tipico,8.0,10.1,3.37,Inter Milan,2025-09-27 15:21:18
Sparta Rotterdam @ Heracles Almelo,Dutch Eredivisie,Sparta Rotterdam,2025-09-27 15:00:00,PointsBet (AU),3.25,7.03,2.81,Heracles Almelo,2025-09-27 15:21:18
Sampdoria @ Bari,Serie B - Italy,Bari,2025-09-27 13:30:00,DraftKings,10.0,13.66,2.45,Draw,2025-09-27 15:21:18
PSV Eindhoven @ Excelsior,Dutch Eredivisie,Excelsior,2025-09-27 14:00:00,Tipico,6.5,6.36,2.02,PSV Eindhoven,2025-09-27 15:21:18
LSU Tigers @ Ole Miss Rebels,NCAAF,LSU Tigers,2025-09-27 15:45:16,MyBookie.ag,2.35,13.36,4.53,Ole Miss Rebels,2025-09-27 15:58:52
Sporting Lisbon @ Estoril,Primeira Liga - Portugal,Estoril,2025-09-27 15:31:00,Paddy Power,34.0,39.24,3.71,Not Found,2025-09-27 15:58:52
Arkansas State Red Wolves @ UL Monroe Warhawks,NCAAF,UL Monroe Warhawks,2025-09-27 15:02:31,MyBookie.ag,3.9,11.31,3.37,UL Monroe Warhawks,2025-09-27 15:58:52
St Patricks Athletic @ Sligo Rovers,League of Ireland,Sligo Rovers,2025-09-27 14:45:00,Pinnacle,2.08,7.18,3.37,Sligo Rovers,2025-09-27 15:58:52
Auburn Tigers @ Texas A&M Aggies,NCAAF,Auburn Tigers,2025-09-27 15:40:00,MyBookie.ag,5.5,18.44,3.1,Texas A&M Aggies,2025-09-27 15:58:52
Hamilton Tiger-Cats @ Winnipeg Blue Bombers,CFL,Hamilton Tiger-Cats,2025-09-27 15:00:00,Unibet (SE),7.5,32.24,3.08,Winnipeg Blue Bombers,2025-09-27 15:58:52
San Diego State Aztecs @ Northern Illinois Huskies,NCAAF,San Diego State Aztecs,2025-09-27 15:33:01,MyBookie.ag,2.1,10.17,3.04,San Diego State Aztecs,2025-09-27 15:58:52
New Mexico State Aggies @ New Mexico Lobos,NCAAF,New Mexico State Aggies,2025-09-27 16:00:00,Marathon Bet,6.65,12.23,2.43,Not Found,2025-09-27 15:58:52
California Golden Bears @ Boston College Eagles,NCAAF,California Golden Bears,2025-09-27 15:30:00,BetMGM,7.5,21.37,2.07,California Golden Bears,2025-09-27 15:58:52
New York Mets @ Miami Marlins,MLB,Miami Marlins,2025-09-27 16:11:00,Pinnacle,3.19,13.49,5.94,Miami Marlins,2025-09-27 16:28:18
Hawaii Rainbow Warriors @ Air Force Falcons,NCAAF,Hawaii Rainbow Warriors,2025-09-27 16:05:29,Bovada,2.8,28.49,4.05,Not Found,2025-09-27 16:28:18
UCLA Bruins @ Northwestern Wildcats,NCAAF,UCLA Bruins,2025-09-27 15:30:00,BetMGM,6.5,18.78,3.25,Northwestern Wildcats,2025-09-27 16:28:18
Baylor Bears @ Oklahoma State Cowboys,NCAAF,Oklahoma State Cowboys,2025-09-27 15:30:00,Fanatics,15.0,13.79,2.7,Baylor Bears,2025-09-27 16:28:18
Tennessee Volunteers @ Mississippi State Bulldogs,NCAAF,Mississippi State Bulldogs,2025-09-27 16:20:41,Fanatics,4.15,50.4,2.25,Not Found,2025-09-27 16:28:18
Ohio State Buckeyes @ Washington Huskies,NCAAF,Washington Huskies,2025-09-27 15:20:00,MyBookie.ag,3.25,16.11,2.04,Ohio State Buckeyes,2025-09-27 16:28:18
Tulane Green Wave @ Tulsa Golden Hurricane,NCAAF,Tulsa Golden Hurricane,2025-09-27 16:05:16,MyBookie.ag,6.0,13.57,2.02,Not Found,2025-09-27 16:28:18
Cruzeiro @ Vasco da Gama,Brazil Série A,Vasco da Gama,2025-09-27 17:30:00,Pinnacle,3.27,6.75,5.67,Vasco da Gama,2025-09-27 16:58:54
UConn Huskies @ Buffalo Bulls,NCAAF,UConn Huskies,2025-09-27 15:32:38,GTbets,1.74,5.08,4.86,UConn Huskies,2025-09-27 16:58:54
Detroit Tigers @ Boston Red Sox,MLB,Detroit Tigers,2025-09-27 16:11:00,MyBookie.ag,3.0,5.04,2.89,Boston Red Sox,2025-09-27 16:58:54
Indiana Hoosiers @ Iowa Hawkeyes,NCAAF,Iowa Hawkeyes,2025-09-27 15:35:33,DraftKings,3.5,9.18,2.7,Indiana Hoosiers,2025-09-27 16:58:54
Isaias Lucero @ Joshua Kevin Anton,Boxing,Isaias Lucero,2025-09-27 17:30:00,Bovada,2.45,8.28,2.23,Not Found,2025-09-27 16:58:54
Inter Miami CF @ Toronto FC,MLS,Toronto FC,2025-09-27 16:30:00,Coolbet,5.5,5.93,2.02,Not Found,2025-09-27 16:58:54
Boca Juniors @ Defensa y Justicia,Primera División - Argentina,Defensa y Justicia,2025-09-27 18:00:00,1xBet,4.29,6.54,3.31,Defensa y Justicia,2025-09-27 17:59:00
Chicago White Sox @ Washington Nationals,MLB,Washington Nationals,2025-09-27 16:45:00,FanDuel,3.8,15.14,2.25,Chicago White Sox,2025-09-27 17:59:00
Internacional @ Juventude,Brazil Série A,Juventude,2025-09-27 17:30:00,DraftKings,10.0,18.16,2.25,Draw,2025-09-27 17:59:00
Middle Tennessee Blue Raiders @ Kennesaw State Owls,NCAAF,Middle Tennessee Blue Raiders,2025-09-27 18:02:41,DraftKings,9.0,25.56,3.37,Not Found,2025-09-27 18:28:07
Liberty Flames @ Old Dominion Monarchs,NCAAF,Liberty Flames,2025-09-27 18:02:15,Caesars,7.0,25.81,4.05,Not Found,2025-09-27 18:59:07
Minnesota Twins @ Philadelphia Phillies,MLB,Philadelphia Phillies,2025-09-27 18:06:21,Winamax (DE),2.25,12.41,3.37,Philadelphia Phillies,2025-09-27 18:59:07
Saskatchewan Roughriders @ Edmonton Elks,CFL,Edmonton Elks,2025-09-27 19:00:00,Coolbet,2.95,7.19,3.08,Not Found,2025-09-27 18:59:07
Necaxa @ Atlas,Liga MX,Atlas,2025-09-27 19:00:00,1xBet,3.97,5.18,2.34,Atlas,2025-09-27 18:59:07
Memphis Tigers @ Florida Atlantic Owls,NCAAF,Memphis Tigers,2025-09-27 19:07:00,Unibet (NL),1.5,12.91,5.14,Not Found,2025-09-27 19:24:28
Western Kentucky Hilltoppers @ Missouri State Bears,NCAAF,Western Kentucky Hilltoppers,2025-09-27 19:03:26,BetMGM,2.3,26.63,5.04,Not Found,2025-09-27 19:24:28
Pittsburgh Pirates @ Atlanta Braves,MLB,Pittsburgh Pirates,2025-09-27 19:15:00,Caesars,2.75,7.95,2.95,Pittsburgh Pirates,2025-09-27 19:24:28
Virginia Tech Hokies @ NC State Wolfpack,NCAAF,Virginia Tech Hokies,2025-09-27 19:10:30,SportsBet,4.0,15.86,2.7,Not Found,2025-09-27 19:24:28
Operario PR @ Atletico Paranaense,Brazil Série B,Operario PR,2025-09-27 19:30:00,FanDuel,8.0,8.96,2.65,Not Found,2025-09-27 19:24:28
Texas Rangers @ Cleveland Guardians,MLB,Cleveland Guardians,2025-09-27 19:16:00,MyBookie.ag,2.1,12.79,2.47,Texas Rangers,2025-09-27 19:24:28
Cincinnati Reds @ Milwaukee Brewers,MLB,Cincinnati Reds,2025-09-27 19:11:00,BetMGM,2.45,7.23,2.11,Cincinnati Reds,2025-09-27 19:24:28
Jacksonville State Gamecocks @ Southern Mississippi Golden Eagles,NCAAF,Southern Mississippi Golden Eagles,2025-09-27 19:02:29,FanDuel,1.47,6.09,2.02,Not Found,2025-09-27 19:24:28
Appalachian State Mountaineers @ Boise State Broncos,NCAAF,Appalachian State Mountaineers,2025-09-27 19:30:00,DraftKings,7.0,6.47,2.02,Not Found,2025-09-27 19:24:28
Ramiro Edwin Robles @ Nelvie Tiafack,Boxing,Ramiro Edwin Robles,2025-09-27 20:00:00,Paddy Power,31.0,65.73,5.1,Not Found,2025-09-27 19:58:50
Philadelphia Union @ D.C. United,MLS,Philadelphia Union,2025-09-27 19:30:00,TAB,2.15,23.92,5.06,Not Found,2025-09-27 19:58:50
Mirassol @ Atletico Mineiro,Brazil Série A,Mirassol,2025-09-27 20:00:00,Bovada,4.2,11.21,4.5,Atletico Mineiro,2025-09-27 19:58:50
Washington State Cougars @ Colorado State Rams,NCAAF,Washington State Cougars,2025-09-27 19:34:14,MyBookie.ag,2.05,10.92,3.6,Not Found,2025-09-27 19:58:50
Luana Carolina @ Michelle Montague,MMA,Michelle Montague,2025-09-27 20:00:00,Betway,1.6,5.71,2.7,Not Found,2025-09-27 19:58:50
CF Montreal @ Charlotte FC,MLS,Draw,2025-09-27 19:30:00,Sky Bet,7.5,12.01,2.58,CF Montréal,2025-09-27 19:58:50
Atlético San Luis @ Pachuca,Liga MX,Atlético San Luis,2025-09-27 19:01:00,DraftKings,15.0,16.96,2.36,Not Found,2025-09-27 19:58:50
Arizona Wildcats @ Iowa State Cyclones,NCAAF,Arizona Wildcats,2025-09-27 19:00:00,BetMGM,10.5,24.58,2.29,Not Found,2025-09-27 19:58:50
Anthony Soto @ Mazlum Akdeniz,Boxing,Anthony Soto,2025-09-27 20:30:00,1xBet,10.6,7.95,2.02,Not Found,2025-09-27 19:58:50
Kim Clavel @ Sol Cudos,Boxing,Sol Cudos,2025-09-27 21:35:00,DraftKings,11.0,125.87,5.96,Not Found,2025-09-27 22:15:04
Houston Astros @ Los Angeles Angels,MLB,Houston Astros,2025-09-27 21:39:00,Bovada,1.69,10.5,5.85,Houston Astros,2025-09-27 22:15:04
Los Angeles Dodgers @ Seattle Mariners,MLB,Los Angeles Dodgers,2025-09-27 21:41:00,Pinnacle,2.34,6.42,5.3,Los Angeles Dodgers,2025-09-27 22:15:04
Minnesota United FC @ Colorado Rapids,MLS,Draw,2025-09-27 21:40:00,Bovada,3.85,15.41,5.06,Draw,2025-09-27 22:15:04
Austin FC @ Real Salt Lake,MLS,Draw,2025-09-27 21:41:00,Bovada,4.0,10.04,4.38,Real Salt Lake,2025-09-27 22:15:04
Marshall Thundering Herd @ Louisiana Ragin Cajuns,NCAAF,Louisiana Ragin Cajuns,2025-09-27 20:02:29,DraftKings,14.0,14.6,4.22,Louisiana Ragin Cajuns,2025-09-27 22:15:04
Kansas City Royals @ Oakland Athletics,MLB,Kansas City Royals,2025-09-27 22:05:00,BetOnline.ag,2.15,16.75,3.97,Kansas City Royals,2025-09-27 22:15:04
Arizona Diamondbacks @ San Diego Padres,MLB,Arizona Diamondbacks,2025-09-27 20:43:00,Betsson,20.0,77.02,3.37,San Diego Padres,2025-09-27 22:15:04
Santos Laguna @ Monterrey,Liga MX,Draw,2025-09-27 21:05:00,FanDuel,6.5,9.63,3.22,Monterrey,2025-09-27 22:15:04
Eva Lys @ Elena Rybakina,WTA China Open,Eva Lys,2025-09-27 23:00:00,Winamax (DE),7.75,9.77,2.7,API Error,2025-09-27 22:15:04
Louisiana Tech Bulldogs @ UTEP Miners,NCAAF,UTEP Miners,2025-09-27 21:02:22,GTbets,8.4,19.32,4.45,Louisiana Tech Bulldogs,2025-09-27 23:30:58
Ramon Taveras @ Jack Jenkins,MMA,Ramon Taveras,2025-09-27 23:10:00,DraftKings,23.0,134.57,3.44,API Error,2025-09-27 23:30:58
Sporting Kansas City @ LA Galaxy,MLS,Draw,2025-09-27 22:40:00,Sky Bet,10.0,13.15,2.02,LA Galaxy,2025-09-27 23:30:58
Learner Tien @ Flavio Cobolli,ATP China Open,Flavio Cobolli,2025-09-27 23:07:00,FanDuel,3.5,12.69,2.74,API Error,2025-09-27 23:58:55
Ivan Erslan @ Jim Crute,MMA,Ivan Erslan,2025-09-27 23:48:00,Unibet,3.75,15.0,2.16,API Error,2025-09-27 23:58:55
Pumas @ América,Liga MX,Draw,2025-09-27 23:05:00,Unibet (SE),7.5,99.21,6.0,América,2025-09-28 00:32:12
BYU Cougars @ Colorado Buffaloes,NCAAF,BYU Cougars,2025-09-27 17:25:00,Pinnacle,1.63,9.96,4.91,Not Found,2025-09-28 00:32:12
Barbora Krejcikova @ McCartney Kessler,WTA China Open,McCartney Kessler,2025-09-28 00:07:00,888sport,5.0,13.92,3.66,Not Found,2025-09-28 00:32:12
Vancouver Whitecaps FC @ Seattle Sounders FC,MLS,Seattle Sounders FC,2025-09-27 22:41:00,Paddy Power,7.5,23.66,3.37,Draw,2025-09-28 00:32:12
Chunichi Dragons @ Hanshin Tigers,NPB,Chunichi Dragons,2025-09-28 01:00:00,BetUS,2.6,5.15,2.85,Chunichi Dragons,2025-09-28 00:32:12
FC Dallas @ Portland Timbers,MLS,FC Dallas,2025-09-27 22:40:00,Pinnacle,13.74,32.22,2.52,Draw,2025-09-28 00:32:12
Cairns Taipans @ Sydney Kings,NBL,Cairns Taipans,2025-09-28 00:36:00,PointsBet (AU),4.25,6.62,2.07,Cairns Taipans,2025-09-28 00:32:12
Tohoku Rakuten Golden Eagles @ Orix Buffaloes,NPB,Orix Buffaloes,2025-09-28 01:00:50,William Hill,1.48,17.58,5.1,Orix Buffaloes,2025-09-28 01:29:10
Coco Gauff @ Leylah Fernandez,WTA China Open,Leylah Fernandez,2025-09-28 01:07:00,888sport,6.0,23.09,4.38,Not Found,2025-09-28 01:29:10
Fukuoka SoftBank Hawks @ Saitama Seibu Lions,NPB,Fukuoka SoftBank Hawks,2025-09-28 01:00:54,MyBookie.ag,3.2,14.94,2.65,Fukuoka SoftBank Hawks,2025-09-28 01:29:10
Lorenzo Musetti @ Adrian Mannarino,ATP China Open,Adrian Mannarino,2025-09-28 01:41:00,FanDuel,31.0,144.54,4.32,Not Found,2025-09-28 02:59:15
Samsung Lions @ Kiwoom Heroes,KBO,Kiwoom Heroes,2025-09-28 01:00:22,MyBookie.ag,4.15,16.11,4.29,Samsung Lions,2025-09-28 02:59:15
Lotte Giants @ Doosan Bears,KBO,Lotte Giants,2025-09-28 01:00:00,BetRivers,6.25,38.7,2.22,Doosan Bears,2025-09-28 02:59:15
Penrith Panthers @ Brisbane Broncos,NRL,Brisbane Broncos,2025-09-28 02:06:00,Coral,8.5,44.59,2.02,Brisbane Broncos,2025-09-28 02:59:15
Alejandro Davidovich Fokina @ Daniil Medvedev,ATP China Open,Daniil Medvedev,2025-09-28 03:30:00,Pinnacle,1.59,15.11,5.88,Not Found,2025-09-28 03:58:52
Marie Bouzkova @ Veronika Kudermetova,WTA China Open,Veronika Kudermetova,2025-09-28 02:40:00,Pinnacle,3.47,14.83,2.79,Not Found,2025-09-28 03:58:52
Brisbane Bullets @ Adelaide 36ers,NBL,Brisbane Bullets,2025-09-28 02:36:00,Coral,13.0,36.91,2.02,Adelaide 36ers,2025-09-28 03:58:52
Kyoto Purple Sanga @ Cerezo Osaka,J League,Kyoto Purple Sanga,2025-09-28 05:30:00,Bovada,3.25,5.98,5.4,Kyoto Purple Sanga,2025-09-28 04:31:29
Yokohama F Marinos @ FC Tokyo,J League,Yokohama F Marinos,2025-09-28 05:00:00,Bovada,3.5,8.44,3.71,Yokohama F Marinos,2025-09-28 04:31:29
Sofia Kenin @ Jasmine Paolini,WTA China Open,Sofia Kenin,2025-09-28 04:15:00,Betway,8.0,40.74,3.37,Not Found,2025-09-28 04:31:29
Shonan Bellmare @ Yokohama FC,J League,Shonan Bellmare,2025-09-28 04:00:00,Tipico,15.0,16.93,3.37,Yokohama FC,2025-09-28 04:59:30
Gwangju FC @ FC Anyang,K League 1,FC Anyang,2025-09-28 03:30:00,Coolbet,5.5,8.23,2.7,Draw,2025-09-28 04:59:30
Alexander Zverev @ Corentin Moutet,ATP China Open,Corentin Moutet,2025-09-28 07:00:00,FanDuel,5.2,6.45,4.05,Not Found,2025-09-28 05:26:04
Priscilla Hon @ Belinda Bencic,WTA China Open,Priscilla Hon,2025-09-28 05:05:00,888sport,4.5,23.81,2.97,Not Found,2025-09-28 05:26:04
Suwon FC @ Jeju United FC,K League 1,Suwon FC,2025-09-28 03:30:00,Sky Bet,11.0,125.53,2.36,Suwon FC,2025-09-28 05:26:04
Yokohama DeNA BayStars @ Hiroshima Toyo Carp,NPB,Yokohama DeNA BayStars,2025-09-28 05:01:00,Pinnacle,2.57,10.47,2.15,Yokohama DeNA BayStars,2025-09-28 05:26:04
Hokkaido Nippon-Ham Fighters @ Chiba Lotte Marines,NPB,Hokkaido Nippon-Ham Fighters,2025-09-28 04:00:39,FanDuel,3.3,18.95,2.02,Hokkaido Nippon-Ham Fighters,2025-09-28 05:26:04
Yomiuri Giants @ Tokyo Yakult Swallows,NPB,Yomiuri Giants,2025-09-28 05:01:00,Betsson,3.7,14.02,2.02,Draw,2025-09-28 05:26:04
Paula Badosa @ Karolina Muchova,WTA China Open,Karolina Muchova,2025-09-28 05:17:00,Bovada,1.45,15.98,4.55,Not Found,2025-09-28 05:58:57
AZ Alkmaar @ NEC Nijmegen,Dutch Eredivisie,NEC Nijmegen,2025-09-28 06:15:00,1xBet,3.57,6.13,5.73,NEC Nijmegen,2025-09-28 06:29:31
Genk @ Sint Truiden,Belgium First Div,Genk,2025-09-28 07:30:00,Bovada,2.2,5.07,5.62,Genk,2025-09-28 06:29:31
Raków Częstochowa @ Widzew Łódź,Ekstraklasa - Poland,Draw,2025-09-28 06:15:00,Bovada,3.12,12.05,4.18,Raków Częstochowa,2025-09-28 06:59:25
Udinese @ Sassuolo,Serie A - Italy,Draw,2025-09-28 06:31:00,Sky Bet,10.0,35.0,4.14,Sassuolo,2025-09-28 06:59:25
IK Oddevold @ Varbergs BoIS,Superettan - Sweden,IK Oddevold,2025-09-28 07:00:00,Bovada,3.9,10.48,4.05,Draw,2025-09-28 06:59:25
Amanda Anisimova @ Shuai Zhang,WTA China Open,Shuai Zhang,2025-09-28 08:30:00,1xBet,5.65,8.38,4.38,Not Found,2025-09-28 07:58:51
Arminia Bielefeld @ Hannover 96,Bundesliga 2 - Germany,Draw,2025-09-28 07:30:00,Pinnacle,3.6,5.39,4.36,Hannover 96,2025-09-28 07:58:51
Qingdao West Coast FC @ Shenzhen Peng City FC,Super League - China,Draw,2025-09-28 07:35:00,Bovada,3.35,6.46,2.64,Qingdao West Coast FC,2025-09-28 07:58:51
Sandvikens IF @ Västerås SK,Superettan - Sweden,Sandvikens IF,2025-09-28 09:00:00,BetOnline.ag,8.8,7.47,5.31,Västerås SK,2025-09-28 08:50:44
Östersunds FK @ Falkenbergs FF,Superettan - Sweden,Östersunds FK,2025-09-28 09:00:00,Bovada,3.9,9.5,4.38,Falkenbergs FF,2025-09-28 08:50:44
Fredrikstad FK @ SK Brann,Eliteserien - Norway,Draw,2025-09-28 08:32:00,Bovada,4.5,9.95,3.37,SK Brann,2025-09-28 08:50:44
Paris FC @ Nice,Ligue 1 - France,Paris FC,2025-09-28 09:00:00,Bovada,3.9,7.21,3.04,Draw,2025-09-28 08:50:44
Henan FC @ Tianjin Jinmen Tiger FC,Super League - China,Henan FC,2025-09-28 07:00:00,Unibet (SE),34.0,76.05,2.7,Tianjin Jinmen Tiger FC,2025-09-28 08:50:44
Feyenoord @ Groningen,Dutch Eredivisie,Groningen,2025-09-28 08:30:00,Bovada,5.0,9.71,2.7,Feyenoord,2025-09-28 08:50:44
Hertha Berlin @ 1. FC Nürnberg,Bundesliga 2 - Germany,Draw,2025-09-28 07:30:00,Suprabets,11.0,18.2,2.7,Hertha Berlin,2025-09-28 08:50:44
Córdoba @ Real Sociedad B,La Liga 2 - Spain,Córdoba,2025-09-28 08:00:00,Tipico,7.5,9.76,2.02,Draw,2025-09-28 08:50:44
Hartberg @ Sturm Graz,Austrian Football Bundesliga,Hartberg,2025-09-28 08:30:00,Tipico,5.0,5.52,5.17,Sturm Graz,2025-09-28 09:12:42
Volos FC @ AEK Athens,Super League - Greece,Volos FC,2025-09-28 10:00:00,Bovada,13.0,40.53,4.5,AEK Athens,2025-09-28 09:12:42
Hellas Verona @ AS Roma,Serie A - Italy,AS Roma,2025-09-28 09:00:00,GTbets,1.45,10.1,4.5,AS Roma,2025-09-28 09:12:42
RB Salzburg @ WSG Tirol,Austrian Football Bundesliga,Draw,2025-09-28 08:30:00,Sky Bet,6.0,14.64,3.37,RB Salzburg,2025-09-28 09:12:42
Jagiellonia Białystok @ Lech Poznań,Ekstraklasa - Poland,Jagiellonia Białystok,2025-09-28 08:45:00,Bovada,3.55,5.69,3.37,Draw,2025-09-28 09:12:42
SC Verl @ Jahn Regensburg,3. Liga - Germany,Draw,2025-09-28 07:30:00,Coolbet,5.0,40.6,3.24,Not Found,2025-09-28 09:12:42
FC Thun @ BSC Young Boys,Swiss Superleague,Draw,2025-09-28 08:00:00,Bovada,4.2,8.71,3.1,BSC Young Boys,2025-09-28 09:12:42
FC Fredericia @ Viborg FF,Denmark Superliga,Draw,2025-09-28 08:01:00,Suprabets,3.15,6.02,3.04,Viborg FF,2025-09-28 09:12:42
Basaksehir @ Torku Konyaspor,Turkey Super League,Basaksehir,2025-09-28 10:00:00,Pinnacle,3.7,6.15,2.25,Torku Konyaspor,2025-09-28 09:12:42
Mjällby AIF @ IF Brommapojkarna,Allsvenskan - Sweden,Mjällby AIF,2025-09-28 08:00:00,Tipico,6.5,12.98,3.37,Mjällby AIF,2025-09-28 09:29:50
Fiorentina @ Pisa,Serie A - Italy,Draw,2025-09-28 09:00:00,Bovada,3.1,21.38,4.72,Draw,2025-09-28 09:58:55
Rangers @ Livingston,Premiership - Scotland,Livingston,2025-09-28 10:00:00,1xBet,6.45,7.02,4.05,Rangers,2025-09-28 09:58:55
Fulham @ Aston Villa,EPL,Fulham,2025-09-28 09:00:00,Bet Victor,4.5,7.49,3.37,Aston Villa,2025-09-28 09:58:55
IFK Mariehamn @ Jaro,Veikkausliiga - Finland,IFK Mariehamn,2025-09-28 08:59:00,Pinnacle,1.78,5.74,4.95,IFK Mariehamn,2025-09-28 10:25:52
AD Ceuta FC @ Cádiz CF,La Liga 2 - Spain,AD Ceuta FC,2025-09-28 10:15:00,1xBet,3.88,8.26,4.59,API Error,2025-09-28 10:25:52
Vitoria @ Grêmio,Brazil Série A,Vitoria,2025-09-28 10:00:00,Paddy Power,5.0,5.12,4.05,Grêmio,2025-09-28 10:25:52
Heerenveen @ FC Utrecht,Dutch Eredivisie,FC Utrecht,2025-09-28 08:30:00,FanDuel,46.0,217.17,3.24,Draw,2025-09-28 10:25:52
TSG Hoffenheim @ SC Freiburg,Bundesliga - Germany,SC Freiburg,2025-09-28 09:29:00,Bet Victor,3.5,5.05,2.7,Draw,2025-09-28 10:25:52
Minnesota Vikings @ Pittsburgh Steelers,NFL,Minnesota Vikings,2025-09-28 09:33:00,FanDuel,5.0,16.95,2.31,Pittsburgh Steelers,2025-09-28 10:25:52
IFK Värnamo @ Malmo FF,Allsvenskan - Sweden,Draw,2025-09-28 10:30:00,Bovada,7.0,32.49,5.8,Malmo FF,2025-09-28 10:58:58
Vitória SC @ Alverca,Primeira Liga - Portugal,Draw,2025-09-28 10:31:00,Pinnacle,2.96,5.95,3.24,API Error,2025-09-28 10:58:58
Celta Vigo @ Elche CF,La Liga - Spain,Draw,2025-09-28 10:17:00,Bovada,2.75,6.77,4.72,Elche CF,2025-09-28 11:24:36
Stromsgodset @ Tromso,Eliteserien - Norway,Stromsgodset,2025-09-28 11:00:00,Coolbet,7.5,11.76,4.05,Tromso,2025-09-28 11:24:36
Real Sociedad @ Barcelona,La Liga - Spain,Real Sociedad,2025-09-28 12:30:00,Bet Victor,11.0,17.26,3.82,Barcelona,2025-09-28 11:24:36
SSV Ulm 1846 @ TSG Hoffenheim II,3. Liga - Germany,SSV Ulm 1846,2025-09-28 10:30:03,Suprabets,4.75,5.1,3.37,API Error,2025-09-28 11:24:36
Pakistan @ India,Asia Cup,Pakistan,2025-09-28 10:30:00,Bovada,3.0,11.52,3.07,API Error,2025-09-28 11:24:36
Brest @ Angers,Ligue 1 - France,Draw,2025-09-28 11:15:00,Suprabets,14.0,51.17,5.4,Brest,2025-09-28 11:58:59
FC Lausanne-Sport @ FC Sion,Swiss Superleague,FC Lausanne-Sport,2025-09-28 10:30:00,Tipico,6.0,8.26,5.12,Draw,2025-09-28 11:58:59
Kristiansund BK @ Bryne FK,Eliteserien - Norway,Kristiansund BK,2025-09-28 11:00:00,Coolbet,4.0,6.0,2.98,Bryne FK,2025-09-28 11:58:59
Pogoń Szczecin @ Legia Warszawa,Ekstraklasa - Poland,Pogoń Szczecin,2025-09-28 11:31:00,Bet Victor,15.0,27.13,2.7,Legia Warszawa,2025-09-28 11:58:59
Pescara @ Modena,Serie B - Italy,Modena,2025-09-28 11:16:00,Coolbet,3.75,13.47,2.02,API Error,2025-09-28 11:58:59
Antalyaspor @ Fenerbahce,Turkey Super League,Antalyaspor,2025-09-28 13:00:00,Tipico,15.0,13.71,4.05,Fenerbahce,2025-09-28 12:30:37
Go Ahead Eagles @ SC Telstar,Dutch Eredivisie,Draw,2025-09-28 10:46:00,Paddy Power,6.0,11.73,3.37,SC Telstar,2025-09-28 12:30:37
Cleveland Browns @ Detroit Lions,NFL,Cleveland Browns,2025-09-28 13:00:00,Ladbrokes,5.6,5.88,2.7,Detroit Lions,2025-09-28 12:30:37
Austria Wien @ Rapid Wien,Austrian Football Bundesliga,Draw,2025-09-28 11:01:00,Sky Bet,15.0,62.26,2.56,Austria Wien,2025-09-28 12:30:37
KV Mechelen @ Charleroi,Belgium First Div,Draw,2025-09-28 12:30:00,Bovada,3.55,13.8,5.65,KV Mechelen,2025-09-28 12:59:05
Albacete @ Sporting Gijón,La Liga 2 - Spain,Draw,2025-09-28 12:29:00,Tipico,5.2,7.08,3.15,API Error,2025-09-28 12:59:05
AE Kifisia FC @ OFI Crete,Super League - Greece,OFI Crete,2025-09-28 12:00:00,Tipico,25.0,38.86,2.52,AE Kifisia FC,2025-09-28 12:59:05
New Orleans Saints @ Buffalo Bills,NFL,New Orleans Saints,2025-09-28 13:01:00,MyBookie.ag,10.53,12.42,2.06,Buffalo Bills,2025-09-28 12:59:05
Bologna @ Lecce,Serie A - Italy,Draw,2025-09-28 12:00:00,Pinnacle,2.34,6.14,5.06,Draw,2025-09-28 13:24:51
Lyon @ Lille,Ligue 1 - France,Draw,2025-09-28 11:15:00,Suprabets,29.0,121.74,4.92,Lyon,2025-09-28 13:24:51
Universidad de Chile @ La Serena,Primera División - Chile,La Serena,2025-09-28 14:00:00,Pinnacle,3.41,6.71,4.47,Draw,2025-09-28 13:24:51
VfL Osnabrück @ FC Viktoria Köln 1904,3. Liga - Germany,FC Viktoria Köln 1904,2025-09-28 13:30:00,Pinnacle,2.82,5.07,2.83,API Error,2025-09-28 13:24:51
Philadelphia Eagles @ Tampa Bay Buccaneers,NFL,Tampa Bay Buccaneers,2025-09-28 13:02:00,TAB,9.0,30.35,2.51,Philadelphia Eagles,2025-09-28 13:24:51
Tennessee Titans @ Houston Texans,NFL,Tennessee Titans,2025-09-28 13:04:00,BetMGM,5.5,9.81,2.36,Houston Texans,2025-09-28 13:24:51
Los Angeles Chargers @ New York Giants,NFL,New York Giants,2025-09-28 13:02:45,Caesars,1.77,6.29,5.94,New York Giants,2025-09-28 13:59:02
RAAL La Louvière @ Dender,Belgium First Div,Draw,2025-09-28 13:15:00,Bovada,3.2,26.76,5.53,Draw,2025-09-28 13:59:02
Cultural Leonesa @ Real Valladolid CF,La Liga 2 - Spain,Real Valladolid CF,2025-09-28 12:31:00,DraftKings,8.5,18.83,4.72,API Error,2025-09-28 13:59:02
Genclerbirligi SK @ Kayserispor,Turkey Super League,Kayserispor,2025-09-28 13:01:00,Paddy Power,5.0,6.7,3.37,Draw,2025-09-28 13:59:02
Washington Commanders @ Atlanta Falcons,NFL,Washington Commanders,2025-09-28 13:03:00,Fanatics,4.3,16.81,2.9,Atlanta Falcons,2025-09-28 13:59:02
Panathinaikos @ Panetolikos Agrinio,Super League - Greece,Panetolikos Agrinio,2025-09-28 14:00:00,FanDuel,6.5,7.67,2.48,Panathinaikos,2025-09-28 13:59:02
PAOK Thessaloniki @ Asteras Tripolis,Super League - Greece,Draw,2025-09-28 13:31:00,Suprabets,6.4,10.57,3.1,Draw,2025-09-28 14:34:24
Las Vegas Aces @ Indiana Fever,WNBA,Indiana Fever,2025-09-28 15:03:00,Bovada,2.65,8.27,5.56,Not Found,2025-09-28 14:58:53
Palmeiras @ Bahia,Brazil Série A,Bahia,2025-09-28 15:00:00,1xBet,4.69,7.48,4.65,Not Found,2025-09-28 14:58:53
Hamburger SV @ Union Berlin,Bundesliga - Germany,Hamburger SV,2025-09-28 13:30:00,DraftKings,4.9,7.19,2.47,Draw,2025-09-28 14:58:53
Vila Nova @ Grêmio Novorizontino,Brazil Série B,Vila Nova,2025-09-28 15:00:00,Pinnacle,6.18,5.07,2.29,Not Found,2025-09-28 14:58:53
Botafogo @ Fluminense,Brazil Série A,Botafogo,2025-09-28 15:00:00,Pinnacle,4.31,5.84,2.22,Not Found,2025-09-28 14:58:53
Nacional @ Braga,Primeira Liga - Portugal,Draw,2025-09-28 13:00:00,Unibet (SE),21.0,139.44,2.02,API Error,2025-09-28 14:58:53
RC Lens @ Rennes,Ligue 1 - France,Draw,2025-09-28 14:45:00,Suprabets,4.6,11.6,2.02,Draw,2025-09-28 14:58:53
Colorado Rockies @ San Francisco Giants,MLB,San Francisco Giants,2025-09-28 15:06:00,BetOnline.ag,1.34,6.2,5.73,Not Found,2025-09-28 15:21:05
Houston Astros @ Los Angeles Angels,MLB,Los Angeles Angels,2025-09-28 15:08:24,Pinnacle,2.81,25.84,4.23,Not Found,2025-09-28 15:21:05
Baltimore Orioles @ New York Yankees,MLB,New York Yankees,2025-09-28 15:06:00,BetOnline.ag,1.64,10.59,4.2,Not Found,2025-09-28 15:21:05
Los Angeles Dodgers @ Seattle Mariners,MLB,Seattle Mariners,2025-09-28 15:10:00,Pinnacle,2.32,10.68,4.2,Not Found,2025-09-28 15:21:05
Arizona Diamondbacks @ San Diego Padres,MLB,Arizona Diamondbacks,2025-09-28 15:11:44,BetUS,2.27,9.4,3.12,Not Found,2025-09-28 15:21:05
Paysandu @ Criciuma,Brazil Série B,Draw,2025-09-28 15:02:00,Tipico,7.5,13.46,2.7,Not Found,2025-09-28 15:21:05
Detroit Tigers @ Boston Red Sox,MLB,Detroit Tigers,2025-09-28 15:06:00,Caesars,2.5,7.69,2.7,Not Found,2025-09-28 15:21:05
OB Odense BK @ Brondby IF,Denmark Superliga,Draw,2025-09-28 14:06:00,Suprabets,17.0,22.62,2.7,Brondby IF,2025-09-28 15:21:05
Cincinnati Reds @ Milwaukee Brewers,MLB,Cincinnati Reds,2025-09-28 15:11:00,DraftKings,2.5,5.76,2.53,Not Found,2025-09-28 15:21:05
Chicago White Sox @ Washington Nationals,MLB,Washington Nationals,2025-09-28 15:06:00,BetMGM,3.3,14.51,2.36,Not Found,2025-09-28 15:21:05
Carrarese @ Empoli,Serie B - Italy,Carrarese,2025-09-28 13:30:00,Tipico,18.0,43.32,2.02,API Error,2025-09-28 15:21:05
Texas Rangers @ Cleveland Guardians,MLB,Cleveland Guardians,2025-09-28 15:11:05,BetOnline.ag,1.76,5.69,2.02,Not Found,2025-09-28 15:21:05
Tampa Bay Rays @ Toronto Blue Jays,MLB,Toronto Blue Jays,2025-09-28 15:08:00,William Hill,1.5,15.46,5.85,Not Found,2025-09-28 15:59:02
Kansas City Royals @ Oakland Athletics,MLB,Oakland Athletics,2025-09-28 15:05:29,GTbets,6.03,52.12,5.48,Not Found,2025-09-28 15:59:02
CA Osasuna @ Real Betis,La Liga - Spain,Draw,2025-09-28 15:03:00,Sky Bet,16.0,36.36,4.72,Not Found,2025-09-28 15:59:02
Deportivo Riestra @ River Plate,Primera División - Argentina,Deportivo Riestra,2025-09-28 17:00:00,Bovada,8.25,7.97,3.37,Not Found,2025-09-28 15:59:02
Baltimore Ravens @ Kansas City Chiefs,NFL,Kansas City Chiefs,2025-09-28 16:26:01,DraftKings,2.54,7.92,5.78,Not Found,2025-09-28 16:28:02
Granada CF @ SD Huesca,La Liga 2 - Spain,Granada CF,2025-09-28 15:01:00,Bovada,1.57,6.42,5.4,Not Found,2025-09-28 16:28:02
Rio Ave FC @ Famalicão,Primeira Liga - Portugal,Rio Ave FC,2025-09-28 15:30:00,Tipico,7.0,9.52,4.05,Not Found,2025-09-28 16:28:02
Indianapolis Colts @ Los Angeles Rams,NFL,Indianapolis Colts,2025-09-28 16:06:00,MyBookie.ag,3.25,10.13,2.59,Not Found,2025-09-28 16:28:02
Pittsburgh Pirates @ Atlanta Braves,MLB,Pittsburgh Pirates,2025-09-28 15:16:00,Casumo,7.5,20.51,2.07,Not Found,2025-09-28 16:28:02
New York Mets @ Miami Marlins,MLB,New York Mets,2025-09-28 15:11:00,Casumo,13.0,37.82,3.78,Not Found,2025-09-28 16:59:31
Athletic Club (MG) @ Cuiabá,Brazil Série B,Athletic Club (MG),2025-09-28 19:30:00,Pinnacle,5.2,5.78,4.72,Not Found,2025-09-28 17:23:51
Minnesota Twins @ Philadelphia Phillies,MLB,Philadelphia Phillies,2025-09-28 15:06:00,TABtouch,1.74,5.26,4.05,Not Found,2025-09-28 17:23:51
Jacksonville Jaguars @ San Francisco 49ers,NFL,San Francisco 49ers,2025-09-28 16:08:00,MyBookie.ag,3.9,12.69,2.92,Not Found,2025-09-28 17:23:51
Santos @ Bragantino-SP,Brazil Série A,Draw,2025-09-28 17:30:00,Bovada,3.15,5.89,5.4,Not Found,2025-09-28 17:58:49
Chicago Bears @ Las Vegas Raiders,NFL,Chicago Bears,2025-09-28 16:26:00,Bovada,3.65,7.69,3.04,Not Found,2025-09-28 17:58:49
Flamengo @ Corinthians,Brazil Série A,Corinthians,2025-09-28 19:30:00,Pinnacle,5.02,5.8,2.79,Not Found,2025-09-28 18:28:37
Lanus @ Instituto de Córdoba,Primera División - Argentina,Lanus,2025-09-28 19:15:00,BetAnything,3.4,6.82,2.7,Not Found,2025-09-28 18:59:22
Green Bay Packers @ Dallas Cowboys,NFL,Dallas Cowboys,2025-09-28 20:21:00,Coolbet,4.0,5.4,2.36,Not Found,2025-09-28 18:59:22
Ferroviária @ Botafogo,Brazil Série B,Draw,2025-09-28 17:30:00,BetMGM,23.0,205.22,2.92,Not Found,2025-09-28 19:25:39
Atlético Huracán @ Independiente Rivadavia,Primera División - Argentina,Draw,2025-09-28 18:29:00,Ladbrokes,1.91,15.45,5.53,Not Found,2025-09-28 19:59:19
Tigres @ Querétaro,Liga MX,Draw,2025-09-28 19:00:00,FanDuel,13.0,36.23,5.4,Not Found,2025-09-28 19:59:19
Minnesota Lynx @ Phoenix Mercury,WNBA,Phoenix Mercury,2025-09-28 20:03:57,Bovada,1.62,62.0,3.66,Not Found,2025-09-28 22:03:23
Maria Camila Osorio Serrano @ Iga Swiatek,WTA China Open,Maria Camila Osorio Serrano,2025-09-29 02:30:00,FanDuel,19.5,28.18,3.04,Not Found,2025-09-28 22:03:23
Cruz Azul @ Tijuana,Liga MX,Draw,2025-09-28 23:05:00,DraftKings,4.5,8.96,3.37,Not Found,2025-09-28 23:11:52
Jessica Bouzas Maneiro @ Mirra Andreeva,WTA China Open,Jessica Bouzas Maneiro,2025-09-28 23:16:18,FanDuel,5.3,11.45,2.16,Not Found,2025-09-28 23:11:52
Fabian Marozsan @ Jannik Sinner,ATP China Open,Fabian Marozsan,2025-09-29 02:10:00,FanDuel,15.0,34.4,4.99,Not Found,2025-09-29 00:34:01
Marta Kostyuk @ Aliaksandra Sasnovich,WTA China Open,Marta Kostyuk,2025-09-29 00:50:00,Bovada,1.22,5.82,4.72,Not Found,2025-09-29 01:31:21
Emma Navarro @ Lois Boisson,WTA China Open,Lois Boisson,2025-09-29 01:05:00,Caesars,3.8,15.87,4.38,Not Found,2025-09-29 01:31:21
Jakub Mensik @ Alex de Minaur,ATP China Open,Jakub Mensik,2025-09-29 01:00:00,Paddy Power,7.5,36.97,2.89,Not Found,2025-09-29 01:31:21
Sonay Kartal @ Maya Joint,WTA China Open,Sonay Kartal,2025-09-29 02:44:11,Pinnacle,2.65,33.76,3.1,Not Found,2025-09-29 02:44:19
