Match,Team,Start Time,League,Pinnacle,Caesars,Draftkings,Fanduel,Fanatics,Betmgm,Betonline.Ag,Event Id,Pinnacle Fair Odds,Pin Edge Pct,Best Odds,Best Bookmaker,Result,Outcomes,Event ID,Scrape Time
Charlotte 49ers @ Army Black Knights,Charlotte 49ers,2025-10-11 12:00:00,NCAAF,7.41,7.5,8.0,7.4,7.6,,7.61,,7.68,4.23,8.0,DraftKings,Army Black Knights,2,Not Found,2025-10-11 10:26:01
Pittsburgh Panthers @ Florida State Seminoles,Pittsburgh Panthers,2025-10-11 12:00:00,NCAAF,4.19,4.1,4.2,4.5,4.05,,4.03,,4.35,3.4,4.5,FanDuel,Pittsburgh Panthers,2,Not Found,2025-10-11 10:59:04
Toledo Rockets @ Bowling Green Falcons,Bowling Green Falcons,2025-10-11 12:00:00,NCAAF,3.87,4.1,4.0,4.4,4.05,,3.89,,4.0,10.0,4.4,FanDuel,Bowling Green Falcons,2,Not Found,2025-10-11 11:25:07
Arkansas Razorbacks @ Tennessee Volunteers,Arkansas Razorbacks,2025-10-11 11:52:00,NCAAF,2.96,3.0,3.6,3.15,3.6,3.5,,,3.1,16.16,3.6,DraftKings,Tennessee Volunteers,2,Not Found,2025-10-11 16:59:08
Indiana Hoosiers @ Oregon Ducks,Oregon Ducks,2025-10-11 11:49:00,NCAAF,1.51,1.67,1.56,1.68,1.51,1.61,,,1.6,5.05,1.68,FanDuel,Indiana Hoosiers,2,Not Found,2025-10-11 16:59:08
Oklahoma Sooners @ Texas Longhorns,Oklahoma Sooners,2025-10-11 11:50:00,NCAAF,1.72,1.83,1.87,1.77,1.8,1.85,,,1.82,2.58,1.87,DraftKings,Texas Longhorns,2,Not Found,2025-10-11 16:59:08
TCU Horned Frogs @ Kansas State Wildcats,TCU Horned Frogs,2025-10-11 12:32:00,NCAAF,1.36,2.35,2.6,2.52,2.6,2.4,,,1.42,82.63,2.6,DraftKings,Kansas State Wildcats,2,Not Found,2025-10-11 17:23:33
Iowa State Cyclones @ Colorado Buffaloes,Colorado Buffaloes,2025-10-11 12:36:00,NCAAF,1.68,2.65,2.95,2.68,2.85,2.95,,,1.78,65.6,2.95,DraftKings,Colorado Buffaloes,2,Not Found,2025-10-11 17:23:33
Northwestern Wildcats @ Penn State Nittany Lions,Penn State Nittany Lions,2025-10-11 15:34:00,NCAAF,1.21,1.53,1.48,1.48,1.5,1.5,,,1.28,19.94,1.53,Caesars,Northwestern Wildcats,2,Not Found,2025-10-11 17:59:15
Florida Gators @ Texas A&M Aggies,Florida Gators,2025-10-11 15:31:00,NCAAF,2.29,3.8,4.5,5.7,5.0,5.75,,,2.4,139.95,5.75,BetMGM,Texas A&M Aggies,2,Not Found,2025-10-11 19:59:01
BYU Cougars @ Arizona Wildcats,Arizona Wildcats,2025-10-11 15:37:00,NCAAF,3.69,4.5,4.25,4.5,3.85,4.33,,,3.86,16.57,4.5,FanDuel,BYU Cougars,2,Not Found,2025-10-11 22:04:33
Georgia Bulldogs @ Auburn Tigers,Auburn Tigers,2025-10-11 15:30:00,NCAAF,1.69,1.77,1.95,1.8,1.91,1.95,,,1.76,10.93,1.95,DraftKings,Georgia Bulldogs,2,Not Found,2025-10-11 22:04:33
Chicago Cubs @ Milwaukee Brewers,Chicago Cubs,2025-10-11 20:08:30,MLB,3.47,3.4,3.45,3.8,3.65,3.5,,,3.63,4.72,3.8,FanDuel,Milwaukee Brewers,2,Not Found,2025-10-11 22:04:33
South Carolina Gamecocks @ LSU Tigers,LSU Tigers,2025-10-11 15:33:00,NCAAF,1.28,1.38,1.28,1.34,1.35,1.33,,,1.33,3.63,1.38,Caesars,LSU Tigers,2,Not Found,2025-10-11 22:04:33
Vegas Golden Knights @ Seattle Kraken,Vegas Golden Knights,2025-10-11 22:08:44,NHL,1.75,1.74,1.87,1.88,1.87,1.85,,,1.83,2.55,1.88,FanDuel,Seattle Kraken,2,Not Found,2025-10-12 00:59:22
Denver Broncos @ New York Jets,New York Jets,2025-10-12 09:30:00,NFL,4.0,4.0,4.3,3.9,4.0,4.0,4.0,,4.15,3.62,4.3,DraftKings,Denver Broncos,2,Not Found,2025-10-12 01:59:05
Arizona Cardinals @ Indianapolis Colts,Arizona Cardinals,2025-10-12 13:01:00,NFL,4.47,4.4,4.5,4.4,4.3,4.75,4.16,,4.6,3.15,4.75,BetMGM,Indianapolis Colts,2,Not Found,2025-10-12 12:59:28
Cleveland Browns @ Pittsburgh Steelers,Cleveland Browns,2025-10-12 13:02:00,NFL,3.58,5.5,6.0,5.0,4.75,6.25,,,3.71,68.37,6.25,BetMGM,Pittsburgh Steelers,2,Not Found,2025-10-12 13:59:15
Seattle Seahawks @ Jacksonville Jaguars,Jacksonville Jaguars,2025-10-12 13:02:48,NFL,1.95,2.75,2.65,2.72,2.65,2.6,,,2.04,34.62,2.75,Caesars,Seattle Seahawks,2,Not Found,2025-10-12 13:59:15
Los Angeles Rams @ Baltimore Ravens,Baltimore Ravens,2025-10-12 13:02:00,NFL,2.63,3.3,2.95,2.9,2.9,3.1,,,2.73,20.87,3.3,Caesars,Los Angeles Rams,2,Not Found,2025-10-12 13:59:15
Dallas Cowboys @ Carolina Panthers,Carolina Panthers,2025-10-12 13:01:00,NFL,1.95,2.35,2.0,2.28,2.2,2.1,,,2.03,15.97,2.35,Caesars,Carolina Panthers,2,Not Found,2025-10-12 13:59:15
New England Patriots @ New Orleans Saints,New Orleans Saints,2025-10-12 13:02:50,NFL,2.8,3.0,3.2,3.15,2.85,3.1,,,2.9,10.16,3.2,DraftKings,New England Patriots,2,Not Found,2025-10-12 13:59:15
Los Angeles Chargers @ Miami Dolphins,Los Angeles Chargers,2025-10-12 13:01:00,NFL,1.49,2.0,1.95,2.02,1.91,1.95,,,1.56,29.47,2.02,FanDuel,Los Angeles Chargers,2,Not Found,2025-10-12 14:35:17
Cincinnati Bengals @ Green Bay Packers,Cincinnati Bengals,2025-10-12 16:28:00,NFL,7.89,8.0,8.5,7.8,7.5,8.25,8.76,,8.11,4.83,8.5,DraftKings,Green Bay Packers,2,Not Found,2025-10-12 16:28:51
Tennessee Titans @ Las Vegas Raiders,Tennessee Titans,2025-10-12 16:06:00,NFL,3.49,6.5,6.0,5.3,5.0,5.75,,,3.66,77.4,6.5,Caesars,Las Vegas Raiders,2,Not Found,2025-10-12 16:59:24
San Francisco 49ers @ Tampa Bay Buccaneers,Tampa Bay Buccaneers,2025-10-12 16:26:00,NFL,1.41,1.59,1.51,1.47,1.56,1.53,,,1.48,7.46,1.59,Caesars,Tampa Bay Buccaneers,2,Not Found,2025-10-12 17:24:25
Detroit Lions @ Kansas City Chiefs,Detroit Lions,2025-10-12 20:22:43,NFL,2.55,4.05,4.1,6.4,4.75,5.0,,,2.67,140.0,6.4,FanDuel,Kansas City Chiefs,2,Not Found,2025-10-12 22:08:27
Seattle Mariners @ Toronto Blue Jays,Toronto Blue Jays,2025-10-12 20:04:45,MLB,2.22,3.6,2.75,2.62,2.5,2.6,,,2.31,56.12,3.6,Caesars,Seattle Mariners,2,Not Found,2025-10-12 22:08:27
Miami Heat @ Atlanta Hawks,Miami Heat,2025-10-13 18:00:00,NBA Preseason,2.78,3.05,3.0,2.94,,3.2,3.0,,2.93,9.19,3.2,BetMGM,Atlanta Hawks,2,Not Found,2025-10-13 15:22:49
Seattle Mariners @ Toronto Blue Jays,Seattle Mariners,2025-10-13 17:04:00,MLB,1.62,2.1,2.06,2.04,1.95,1.91,,,1.68,24.74,2.1,Caesars,Seattle Mariners,2,Not Found,2025-10-13 17:59:21
Washington Wizards @ New York Knicks,New York Knicks,2025-10-13 19:30:00,NBA Preseason,1.23,1.36,1.52,1.58,,1.44,1.38,,1.31,21.05,1.58,FanDuel,Washington Wizards,2,Not Found,2025-10-13 17:59:21
Buffalo Bills @ Atlanta Falcons,Buffalo Bills,2025-10-13 19:15:52,NFL,1.51,1.74,1.77,1.8,1.77,1.57,1.54,,1.55,16.2,1.8,FanDuel,Atlanta Falcons,2,Not Found,2025-10-13 19:25:14
Chicago Bears @ Washington Commanders,Washington Commanders,2025-10-13 20:16:00,NFL,1.65,1.91,1.83,2.02,1.87,1.91,,,1.73,16.97,2.02,FanDuel,Chicago Bears,2,Not Found,2025-10-13 22:00:49
Los Angeles Dodgers @ Milwaukee Brewers,Los Angeles Dodgers,2025-10-13 20:08:00,MLB,1.04,1.36,1.26,1.34,1.24,1.24,,,1.07,26.83,1.36,Caesars,Los Angeles Dodgers,2,Not Found,2025-10-13 23:08:13
SSG Landers @ Samsung Lions,SSG Landers,2025-10-14 05:30:00,KBO,2.34,2.35,2.36,2.54,,2.6,2.4,,2.45,5.97,2.6,BetMGM,Samsung Lions,2,Not Found,2025-10-14 04:59:24
Detroit Pistons @ Cleveland Cavaliers,Detroit Pistons,2025-10-14 19:08:00,NBA Preseason,3.33,3.4,3.35,3.35,,3.6,3.45,,3.49,3.3,3.6,BetMGM,Cleveland Cavaliers,2,Not Found,2025-10-14 18:59:23
Nashville Predators @ Toronto Maple Leafs,Nashville Predators,2025-10-14 19:07:58,NHL,5.27,6.0,6.5,6.0,6.0,5.5,,,5.5,18.09,6.5,DraftKings,Toronto Maple Leafs,2,Not Found,2025-10-14 19:59:05
Seattle Kraken @ Montréal Canadiens,Seattle Kraken,2025-10-14 19:20:03,NHL,3.08,3.4,3.4,3.5,3.4,3.5,,,3.23,8.3,3.5,FanDuel,Montreal Canadiens,2,Not Found,2025-10-14 19:59:05
Los Angeles Dodgers @ Milwaukee Brewers,Milwaukee Brewers,2025-10-14 20:09:00,MLB,5.22,7.4,7.1,7.3,7.2,6.5,,,5.46,35.49,7.4,Caesars,Los Angeles Dodgers,2,Not Found,2025-10-14 22:04:00
Vegas Golden Knights @ Calgary Flames,Vegas Golden Knights,2025-10-14 21:08:12,NHL,3.06,2.95,3.4,3.3,3.4,3.3,,,3.2,6.2,3.4,DraftKings,Vegas Golden Knights,2,Not Found,2025-10-14 22:04:00
Carolina Hurricanes @ San Jose Sharks,San Jose Sharks,2025-10-14 22:08:59,NHL,2.74,2.85,2.95,3.0,2.9,2.8,,,2.85,5.21,3.0,FanDuel,Carolina Hurricanes,2,Not Found,2025-10-14 23:12:10
Pittsburgh Penguins @ Anaheim Ducks,Pittsburgh Penguins,2025-10-14 22:44:38,NHL,2.2,2.35,2.35,2.18,2.4,2.45,,,2.29,7.15,2.45,BetMGM,Anaheim Ducks,2,Not Found,2025-10-14 23:43:52
Hokkaido Nippon-Ham Fighters @ Fukuoka SoftBank Hawks,Hokkaido Nippon-Ham Fighters,2025-10-15 05:00:00,NPB,2.41,,2.4,2.38,2.25,2.54,2.35,,2.49,2.1,2.54,BetMGM,Fukuoka SoftBank Hawks,2,Not Found,2025-10-15 03:59:12
Yokohama DeNA BayStars @ Hanshin Tigers,Yokohama DeNA BayStars,2025-10-15 05:01:00,NPB,2.31,2.35,2.7,2.72,2.15,2.4,,,2.44,11.3,2.72,FanDuel,Hanshin Tigers,2,Not Found,2025-10-15 06:59:07
Hapoel Tel Aviv @ Valencia Basket,Valencia Basket,2025-10-15 14:30:00,Basketball Euroleague,1.74,,2.24,2.3,2.3,2.35,1.69,,1.81,29.88,2.35,BetMGM,Hapoel Tel Aviv BC,2,Not Found,2025-10-15 14:41:36
Memphis Grizzlies @ Charlotte Hornets,Charlotte Hornets,2025-10-15 19:00:00,NBA Preseason,1.71,1.83,1.74,1.72,,1.71,1.71,,1.78,2.97,1.83,Caesars,Charlotte Hornets,2,Not Found,2025-10-15 17:59:06
Los Angeles Clippers @ Sacramento Kings,Sacramento Kings,2025-10-15 22:00:00,NBA Preseason,2.48,2.62,2.54,2.64,,2.55,2.74,,2.58,2.34,2.64,FanDuel,Los Angeles Clippers,2,Not Found,2025-10-15 20:45:16
Dallas Mavericks @ Los Angeles Lakers,Los Angeles Lakers,2025-10-15 22:30:00,NBA Preseason,3.45,3.4,3.75,3.65,,3.6,3.34,,3.61,3.77,3.75,DraftKings,Dallas Mavericks,2,Not Found,2025-10-15 22:19:27
Yokohama DeNA BayStars @ Hanshin Tigers,Yokohama DeNA BayStars,2025-10-16 05:00:00,NPB,2.58,2.9,2.9,3.0,2.6,3.2,2.65,,2.66,20.1,3.2,BetMGM,Hanshin Tigers,2,Not Found,2025-10-16 05:11:53
Hokkaido Nippon-Ham Fighters @ Fukuoka SoftBank Hawks,Fukuoka SoftBank Hawks,2025-10-16 05:00:00,NPB,1.85,2.0,1.77,1.77,1.65,1.71,1.83,,1.9,5.13,2.0,Caesars,Fukuoka SoftBank Hawks,2,Not Found,2025-10-16 05:11:53
New Orleans Pelicans @ Orlando Magic,New Orleans Pelicans,2025-10-16 19:00:00,NBA Preseason,3.3,3.5,3.4,3.35,,3.6,3.37,,3.44,4.52,3.6,BetMGM,Orlando Magic,2,Not Found,2025-10-16 18:37:05
Washington Wizards @ Detroit Pistons,Washington Wizards,2025-10-16 19:10:00,NBA Preseason,2.69,2.85,2.9,2.8,,2.85,2.89,,2.81,3.37,2.9,DraftKings,Detroit Pistons,2,Not Found,2025-10-16 19:09:19
Florida Panthers @ New Jersey Devils,New Jersey Devils,2025-10-16 19:11:50,NHL,1.62,2.45,2.14,2.18,2.1,2.15,,,1.7,44.26,2.45,Caesars,New Jersey Devils,2,Not Found,2025-10-16 19:35:20
Seattle Kraken @ Ottawa Senators,Seattle Kraken,2025-10-16 19:08:45,NHL,2.32,3.3,3.5,3.3,3.2,3.5,,,2.43,43.91,3.5,DraftKings,Ottawa Senators,2,Not Found,2025-10-16 19:35:20
New York Rangers @ Toronto Maple Leafs,New York Rangers,2025-10-16 19:08:03,NHL,2.28,3.3,3.3,3.3,3.3,3.2,,,2.38,38.55,3.3,FanDuel,Toronto Maple Leafs,2,Not Found,2025-10-16 19:35:20
Nashville Predators @ Montréal Canadiens,Nashville Predators,2025-10-16 19:08:17,NHL,2.18,2.35,2.1,2.12,2.1,2.1,,,2.28,2.96,2.35,Caesars,Montreal Canadiens,2,Not Found,2025-10-16 19:35:20
Vancouver Canucks @ Dallas Stars,Vancouver Canucks,2025-10-16 20:08:20,NHL,3.5,6.0,7.0,6.6,7.0,6.25,,,3.67,90.64,7.0,DraftKings,Vancouver Canucks,2,Not Found,2025-10-16 20:45:00
Winnipeg Jets @ Philadelphia Flyers,Philadelphia Flyers,2025-10-16 19:16:05,NHL,7.12,3.9,10.0,10.0,11.0,9.25,,,7.41,48.36,11.0,Fanatics,Winnipeg Jets,2,Not Found,2025-10-16 20:45:00
Colorado Avalanche @ Columbus Blue Jackets,Columbus Blue Jackets,2025-10-16 19:12:49,NHL,3.88,4.2,4.5,4.1,4.1,4.5,,,4.06,10.97,4.5,DraftKings,Colorado Avalanche,2,Not Found,2025-10-16 20:45:00
Toronto Blue Jays @ Seattle Mariners,Toronto Blue Jays,2025-10-16 20:34:00,MLB,2.3,2.25,2.28,2.62,2.2,2.3,2.18,,2.39,9.83,2.62,FanDuel,Toronto Blue Jays,2,Not Found,2025-10-16 20:45:00
Edmonton Oilers @ New York Islanders,New York Islanders,2025-10-16 19:38:08,NHL,2.26,4.2,4.0,4.3,4.1,4.25,,,2.36,82.09,4.3,FanDuel,New York Islanders,2,Not Found,2025-10-16 20:56:25
Pittsburgh Steelers @ Cincinnati Bengals,Cincinnati Bengals,2025-10-16 20:16:01,NFL,4.03,5.75,6.2,4.9,5.75,6.0,,,4.17,48.57,6.2,DraftKings,Cincinnati Bengals,2,Not Found,2025-10-16 20:56:25
Pittsburgh Penguins @ Los Angeles Kings,Pittsburgh Penguins,2025-10-16 22:08:46,NHL,2.75,3.9,4.1,4.2,4.0,4.2,2.77,,2.82,48.87,4.2,FanDuel,Pittsburgh Penguins,2,Not Found,2025-10-16 22:18:36
Carolina Hurricanes @ Anaheim Ducks,Anaheim Ducks,2025-10-16 22:08:13,NHL,4.25,4.2,4.8,4.9,4.75,4.75,,,4.46,9.98,4.9,FanDuel,Carolina Hurricanes,2,Not Found,2025-10-16 23:47:32
Boston Bruins @ Vegas Golden Knights,Boston Bruins,2025-10-16 22:08:40,NHL,14.46,11.0,16.0,14.0,13.0,12.0,,,14.9,7.35,16.0,DraftKings,Vegas Golden Knights,2,Not Found,2025-10-17 00:12:28
Hokkaido Nippon-Ham Fighters @ Fukuoka SoftBank Hawks,Fukuoka SoftBank Hawks,2025-10-17 05:00:00,NPB,2.02,2.3,2.45,2.58,2.25,2.6,2.0,,2.07,25.33,2.6,BetMGM,Hokkaido Nippon-Ham Fighters,2,Not Found,2025-10-17 05:11:46
Yokohama DeNA BayStars @ Hanshin Tigers,Yokohama DeNA BayStars,2025-10-17 05:00:00,NPB,2.11,2.05,2.3,2.32,2.1,2.1,2.1,,2.17,6.8,2.32,FanDuel,Hanshin Tigers,2,Not Found,2025-10-17 05:11:46
Toronto Blue Jays @ Seattle Mariners,Seattle Mariners,2025-10-17 18:09:00,MLB,1.52,1.56,1.81,1.53,1.53,1.56,,,1.59,13.73,1.81,DraftKings,Toronto Blue Jays,2,Not Found,2025-10-17 19:08:52
Denver Nuggets @ Oklahoma City Thunder,Denver Nuggets,2025-10-17 20:00:00,NBA Preseason,3.7,4.2,3.6,3.7,,4.1,4.03,,3.87,8.58,4.2,Caesars,Oklahoma City Thunder,2,Not Found,2025-10-17 19:34:51
Saskatchewan Roughriders @ Winnipeg Blue Bombers,Saskatchewan Roughriders,2025-10-17 20:00:00,CFL,4.29,4.1,4.7,4.15,3.8,4.1,4.03,,4.43,6.05,4.7,DraftKings,Winnipeg Blue Bombers,2,Not Found,2025-10-17 19:34:51
Nebraska Cornhuskers @ Minnesota Golden Gophers,Minnesota Golden Gophers,2025-10-17 20:05:53,NCAAF,2.59,3.8,3.3,3.55,3.25,3.3,,,2.72,39.95,3.8,Caesars,Minnesota Golden Gophers,2,Not Found,2025-10-17 20:42:08
Minnesota Wild @ Washington Capitals,Washington Capitals,2025-10-17 19:11:02,NHL,1.37,1.31,1.25,1.23,1.83,1.29,,,1.43,28.26,1.83,Fanatics,Washington Capitals,2,Not Found,2025-10-17 20:42:08
Tampa Bay Lightning @ Detroit Red Wings,Tampa Bay Lightning,2025-10-17 19:08:35,NHL,2.68,3.0,3.1,3.55,3.0,3.5,,,2.81,26.3,3.55,FanDuel,Detroit Red Wings,2,Not Found,2025-10-17 20:42:08
Vancouver Canucks @ Chicago Blackhawks,Chicago Blackhawks,2025-10-17 20:39:05,NHL,1.26,2.05,2.14,1.9,2.1,2.25,,,1.31,71.81,2.25,BetMGM,Vancouver Canucks,2,Not Found,2025-10-17 22:12:55
San Jose Sharks @ Utah Mammoth,Utah Mammoth,2025-10-17 21:08:49,NHL,1.09,1.2,1.47,1.47,1.48,1.53,,,1.13,34.93,1.53,BetMGM,Utah Mammoth,2,Not Found,2025-10-17 22:12:55
Milwaukee Brewers @ Los Angeles Dodgers,Milwaukee Brewers,2025-10-17 20:38:51,MLB,13.36,12.0,12.2,13.0,16.0,13.0,,,13.85,15.56,16.0,Fanatics,Los Angeles Dodgers,2,Not Found,2025-10-17 22:12:55
Edmonton Elks @ BC Lions,Edmonton Elks,2025-10-17 22:37:00,CFL,3.53,3.4,3.75,3.45,3.4,3.4,3.3,,3.65,2.62,3.75,DraftKings,BC Lions,2,Not Found,2025-10-17 22:12:55
North Carolina Tar Heels @ California Golden Bears,North Carolina Tar Heels,2025-10-17 22:40:22,NCAAF,4.31,6.5,6.5,6.6,5.75,5.5,,,4.5,46.53,6.6,FanDuel,California Golden Bears,2,Not Found,2025-10-17 23:43:28
Hokkaido Nippon-Ham Fighters @ Fukuoka SoftBank Hawks,Hokkaido Nippon-Ham Fighters,2025-10-18 01:00:00,NPB,1.88,2.1,2.1,2.16,1.91,2.2,1.91,,2.0,10.0,2.2,BetMGM,Hokkaido Nippon-Ham Fighters,2,Not Found,2025-10-18 01:09:17
Samsung Lions @ Hanwha Eagles,Samsung Lions,2025-10-18 01:00:00,KBO,2.36,2.6,2.6,2.68,2.55,2.65,2.52,,2.47,8.28,2.68,FanDuel,Hanwha Eagles,2,Not Found,2025-10-18 01:09:17
Chelsea @ Nottingham Forest,Nottingham Forest,2025-10-18 07:31:00,EPL,3.1,3.7,3.5,3.3,3.1,3.3,,,3.28,12.64,3.7,Caesars,Chelsea,3,Not Found,2025-10-18 08:16:53
Leeds United @ Burnley,Leeds United,2025-10-18 10:00:00,EPL,2.23,4.8,5.25,5.8,4.5,5.25,,,2.36,145.55,5.8,FanDuel,Burnley,3,Not Found,2025-10-18 10:36:52
Newcastle United @ Brighton and Hove Albion,Newcastle United,2025-10-18 10:00:00,EPL,2.36,3.0,2.75,2.85,2.85,2.75,,,2.5,19.95,3.0,Caesars,Brighton and Hove Albion,3,Not Found,2025-10-18 10:36:52
Bournemouth @ Crystal Palace,Bournemouth,2025-10-18 10:01:00,EPL,1.83,2.0,1.8,1.8,1.83,1.77,,,1.95,2.61,2.0,Caesars,Draw,3,Not Found,2025-10-18 10:36:52
Arizona Wildcats @ Houston Cougars,Houston Cougars,2025-10-18 12:03:18,NCAAF,2.09,2.85,2.9,2.76,2.7,2.9,2.07,,2.15,34.99,2.9,DraftKings,Houston Cougars,2,Not Found,2025-10-18 12:10:43
Baylor Bears @ TCU Horned Frogs,Baylor Bears,2025-10-18 12:02:33,NCAAF,2.44,2.95,2.45,2.22,2.25,2.2,2.38,,2.52,17.27,2.95,Caesars,TCU Horned Frogs,2,Not Found,2025-10-18 12:10:43
Eastern Michigan Eagles @ Miami (OH) RedHawks,Eastern Michigan Eagles,2025-10-18 12:02:20,NCAAF,4.54,4.8,5.5,4.6,4.55,5.5,4.67,,4.72,16.49,5.5,DraftKings,Miami (OH) RedHawks,2,Not Found,2025-10-18 12:10:43
Central Michigan Chippewas @ Bowling Green Falcons,Central Michigan Chippewas,2025-10-18 12:03:09,NCAAF,2.38,2.8,2.6,2.58,2.5,2.1,2.4,,2.45,14.23,2.8,Caesars,Central Michigan Chippewas,2,Not Found,2025-10-18 12:10:43
UConn Huskies @ Boston College Eagles,UConn Huskies,2025-10-18 12:03:24,NCAAF,1.78,1.8,1.8,1.77,1.91,1.83,1.75,,1.83,4.49,1.91,Fanatics,UConn Huskies,2,Not Found,2025-10-18 12:10:43
LSU Tigers @ Vanderbilt Commodores,LSU Tigers,2025-10-18 12:07:41,NCAAF,2.39,2.45,2.4,2.46,2.65,2.5,,,2.5,5.87,2.65,Fanatics,Vanderbilt Commodores,2,Not Found,2025-10-18 12:40:43
Washington Huskies @ Michigan Wolverines,Washington Huskies,2025-10-18 12:11:10,NCAAF,2.91,3.6,4.1,3.85,3.75,3.7,,,3.08,33.18,4.1,DraftKings,Michigan Wolverines,2,Not Found,2025-10-18 13:07:33
Georgia Tech Yellow Jackets @ Duke Blue Devils,Duke Blue Devils,2025-10-18 12:10:28,NCAAF,1.91,2.1,2.24,2.58,2.3,2.4,,,2.0,29.0,2.58,FanDuel,Georgia Tech Yellow Jackets,2,Not Found,2025-10-18 13:07:33
Arsenal @ Fulham,Fulham,2025-10-18 12:30:00,EPL,5.31,6.0,6.5,6.0,5.25,5.75,,,5.66,14.77,6.5,DraftKings,Arsenal,3,Not Found,2025-10-18 13:07:33
West Virginia Mountaineers @ UCF Knights,West Virginia Mountaineers,2025-10-18 13:02:18,NCAAF,3.05,3.0,3.4,3.05,3.6,3.5,3.0,,3.15,14.36,3.6,Fanatics,UCF Knights,2,Not Found,2025-10-18 13:07:33
Kent State Golden Flashes @ Toledo Rockets,Kent State Golden Flashes,2025-10-18 14:00:00,NCAAF,15.07,14.5,17.0,16.0,15.0,14.0,13.56,,15.49,9.75,17.0,DraftKings,Toledo Rockets,2,Not Found,2025-10-18 13:07:33
Florida Panthers @ Buffalo Sabres,Florida Panthers,2025-10-18 13:08:28,NHL,1.67,2.2,2.24,2.28,2.35,2.45,,,1.75,40.36,2.45,BetMGM,Buffalo Sabres,2,Not Found,2025-10-18 13:35:40
Army Black Knights @ Tulane Green Wave,Tulane Green Wave,2025-10-18 12:10:45,NCAAF,1.3,2.28,2.5,2.52,2.5,2.55,,,1.35,89.49,2.55,BetMGM,Tulane Green Wave,2,Not Found,2025-10-18 14:12:22
Oklahoma Sooners @ South Carolina Gamecocks,South Carolina Gamecocks,2025-10-18 12:47:20,NCAAF,4.91,4.2,5.5,4.6,5.0,5.0,,,5.09,8.02,5.5,DraftKings,Oklahoma Sooners,2,Not Found,2025-10-18 14:43:03
Troy Trojans @ UL Monroe Warhawks,UL Monroe Warhawks,2025-10-18 15:02:50,NCAAF,2.69,2.5,3.2,3.3,2.95,3.1,2.74,,2.77,19.14,3.3,FanDuel,Troy Trojans,2,Not Found,2025-10-18 15:07:10
Purdue Boilermakers @ Northwestern Wildcats,Purdue Boilermakers,2025-10-18 15:01:16,NCAAF,2.44,2.25,2.5,2.58,2.35,2.4,2.45,,2.52,2.56,2.58,FanDuel,Northwestern Wildcats,2,Not Found,2025-10-18 15:07:10
Michigan State Spartans @ Indiana Hoosiers,Michigan State Spartans,2025-10-18 15:30:00,NCAAF,17.78,16.5,16.0,17.0,19.0,18.5,15.5,,18.26,4.04,19.0,Fanatics,Indiana Hoosiers,2,Not Found,2025-10-18 15:23:05
Texas State Bobcats @ Marshall Thundering Herd,Marshall Thundering Herd,2025-10-18 15:33:02,NCAAF,2.3,2.85,3.1,3.35,2.8,2.9,2.25,,2.37,41.41,3.35,FanDuel,Marshall Thundering Herd,2,Not Found,2025-10-18 15:36:42
Northern Illinois Huskies @ Ohio Bobcats,Northern Illinois Huskies,2025-10-18 15:33:17,NCAAF,4.18,4.8,5.2,4.4,4.65,5.0,4.24,,4.34,19.71,5.2,DraftKings,Ohio Bobcats,2,Not Found,2025-10-18 15:36:42
Ohio State Buckeyes @ Wisconsin Badgers,Wisconsin Badgers,2025-10-18 15:37:00,NCAAF,17.77,16.5,14.0,21.0,19.0,16.0,16.2,,18.25,15.05,21.0,FanDuel,Ohio State Buckeyes,2,Not Found,2025-10-18 15:36:42
Akron Zips @ Ball State Cardinals,Ball State Cardinals,2025-10-18 15:32:25,NCAAF,2.08,2.1,2.2,2.4,2.45,2.35,2.1,,2.14,14.33,2.45,Fanatics,Ball State Cardinals,2,Not Found,2025-10-18 15:36:42
Coastal Carolina Chanticleers @ Appalachian State Mountaineers,Appalachian State Mountaineers,2025-10-18 15:32:43,NCAAF,1.24,1.25,1.18,1.25,1.37,1.19,1.24,,1.29,6.56,1.37,Fanatics,Coastal Carolina Chanticleers,2,Not Found,2025-10-18 15:36:42
New York Islanders @ Ottawa Senators,New York Islanders,2025-10-18 15:09:07,NHL,3.24,3.15,3.3,3.4,3.6,3.3,,,3.36,6.98,3.6,Fanatics,New York Islanders,2,Not Found,2025-10-18 16:09:42
SMU Mustangs @ Clemson Tigers,SMU Mustangs,2025-10-18 15:35:51,NCAAF,1.53,1.67,1.91,1.9,1.91,1.91,,,1.6,19.02,1.91,DraftKings,SMU Mustangs,2,Not Found,2025-10-18 16:36:34
Ole Miss Rebels @ Georgia Bulldogs,Georgia Bulldogs,2025-10-18 15:45:31,NCAAF,1.48,1.59,1.74,1.77,1.67,1.74,,,1.55,14.18,1.77,FanDuel,Georgia Bulldogs,2,Not Found,2025-10-18 16:36:34
UNLV Rebels @ Boise State Broncos,UNLV Rebels,2025-10-18 15:35:45,NCAAF,9.31,11.0,14.0,11.0,15.0,12.5,,,9.7,54.62,15.0,Fanatics,Boise State Broncos,2,Not Found,2025-10-18 17:07:44
Edmonton Oilers @ New Jersey Devils,Edmonton Oilers,2025-10-18 15:39:05,NHL,3.03,3.6,3.5,3.65,3.3,3.6,,,3.18,14.79,3.65,FanDuel,New Jersey Devils,2,Not Found,2025-10-18 17:07:44
Tampa Bay Lightning @ Columbus Blue Jackets,Tampa Bay Lightning,2025-10-18 19:08:46,NHL,2.06,3.0,3.1,3.0,3.0,2.95,,,2.16,43.7,3.1,DraftKings,Columbus Blue Jackets,2,Not Found,2025-10-18 19:34:56
Seattle Kraken @ Toronto Maple Leafs,Toronto Maple Leafs,2025-10-18 19:15:05,NHL,1.51,1.95,1.91,2.06,2.05,2.05,,,1.58,30.13,2.06,FanDuel,Seattle Kraken,2,Not Found,2025-10-18 19:34:56
Utah Utes @ BYU Cougars,Utah Utes,2025-10-18 20:06:24,NCAAF,1.44,1.91,2.05,2.02,2.0,2.1,,,1.51,39.35,2.1,BetMGM,BYU Cougars,2,Not Found,2025-10-18 20:51:51
Nashville Predators @ Winnipeg Jets,Nashville Predators,2025-10-18 19:21:18,NHL,8.58,11.0,12.0,12.0,12.0,10.5,,,8.94,34.16,12.0,FanDuel,Winnipeg Jets,2,Not Found,2025-10-18 20:51:51
New York Rangers @ Montréal Canadiens,New York Rangers,2025-10-18 19:15:21,NHL,3.43,3.4,3.6,4.0,3.5,3.8,,,3.6,11.16,4.0,FanDuel,New York Rangers,2,Not Found,2025-10-18 20:51:51
Carolina Hurricanes @ Los Angeles Kings,Carolina Hurricanes,2025-10-18 21:08:59,NHL,1.1,1.29,1.24,1.26,1.24,1.31,,,1.15,13.89,1.31,BetMGM,Carolina Hurricanes,2,Not Found,2025-10-18 22:43:57
Boston Bruins @ Colorado Avalanche,Boston Bruins,2025-10-18 21:08:39,NHL,4.9,5.0,5.5,5.3,5.75,4.75,,,5.12,12.36,5.75,Fanatics,Colorado Avalanche,2,Not Found,2025-10-18 22:43:57
Florida State Seminoles @ Stanford Cardinal,Florida State Seminoles,2025-10-18 22:35:21,NCAAF,1.11,1.11,1.19,1.23,1.18,1.22,1.11,,1.15,7.01,1.23,FanDuel,Stanford Cardinal,2,Not Found,2025-10-18 22:43:57
Pittsburgh Penguins @ San Jose Sharks,San Jose Sharks,2025-10-18 22:11:12,NHL,3.63,4.5,4.4,4.4,4.0,4.1,,,3.81,17.99,4.5,Caesars,Pittsburgh Penguins,2,Not Found,2025-10-18 23:40:09
Hokkaido Nippon-Ham Fighters @ Fukuoka SoftBank Hawks,Hokkaido Nippon-Ham Fighters,2025-10-19 00:00:00,NPB,2.32,,2.7,2.86,2.55,2.25,2.42,,2.41,18.87,2.86,FanDuel,Hokkaido Nippon-Ham Fighters,2,Not Found,2025-10-19 00:13:38
Aston Villa @ Tottenham Hotspur,Aston Villa,2025-10-19 09:00:00,EPL,6.04,7.0,8.0,7.0,7.0,6.75,,,6.45,24.03,8.0,DraftKings,Aston Villa,3,Not Found,2025-10-19 09:29:31
Manchester United @ Liverpool,Liverpool,2025-10-19 11:30:00,EPL,1.68,2.4,2.4,2.5,2.25,2.4,1.69,,1.73,44.14,2.5,FanDuel,Manchester United,3,Not Found,2025-10-19 11:35:41
Vancouver Canucks @ Washington Capitals,Washington Capitals,2025-10-19 12:38:19,NHL,1.67,2.1,2.14,2.08,2.1,1.59,1.69,,1.71,24.88,2.14,DraftKings,Vancouver Canucks,2,Not Found,2025-10-19 12:41:04
Las Vegas Raiders @ Kansas City Chiefs,Las Vegas Raiders,2025-10-19 13:03:00,NFL,6.19,7.25,7.0,7.4,7.0,7.5,7.14,,6.38,17.51,7.5,BetMGM,Kansas City Chiefs,2,Not Found,2025-10-19 12:41:04
Carolina Panthers @ New York Jets,New York Jets,2025-10-19 13:03:11,NFL,1.94,1.8,2.0,1.88,2.1,2.15,1.9,,1.99,8.05,2.15,BetMGM,Carolina Panthers,2,Not Found,2025-10-19 13:08:04
Philadelphia Eagles @ Minnesota Vikings,Minnesota Vikings,2025-10-19 13:02:38,NFL,2.2,2.11,2.35,2.12,2.25,2.1,2.25,,2.25,4.44,2.35,DraftKings,Philadelphia Eagles,2,Not Found,2025-10-19 13:08:04
New Orleans Saints @ Chicago Bears,Chicago Bears,2025-10-19 13:02:33,NFL,1.49,1.59,1.53,1.56,1.56,1.57,1.48,,1.53,3.9,1.59,Caesars,Chicago Bears,2,Not Found,2025-10-19 13:08:04
Miami Dolphins @ Cleveland Browns,Miami Dolphins,2025-10-19 13:02:25,NFL,2.05,8.5,7.5,8.5,7.5,7.75,,,2.13,298.58,8.5,FanDuel,Cleveland Browns,2,Not Found,2025-10-19 14:12:30
New England Patriots @ Tennessee Titans,Tennessee Titans,2025-10-19 13:03:23,NFL,2.56,2.75,2.9,2.9,3.1,2.85,,,2.68,15.49,3.1,Fanatics,New England Patriots,2,Not Found,2025-10-19 14:12:30
Indianapolis Colts @ Los Angeles Chargers,Los Angeles Chargers,2025-10-19 16:05:38,NFL,1.74,1.91,1.95,1.93,1.91,1.91,1.68,,1.78,9.53,1.95,DraftKings,Indianapolis Colts,2,Not Found,2025-10-19 16:10:02
Edmonton Oilers @ Detroit Red Wings,Edmonton Oilers,2025-10-19 15:10:19,NHL,2.84,6.0,7.5,8.5,8.0,7.75,,,2.97,185.98,8.5,FanDuel,Detroit Red Wings,2,Not Found,2025-10-19 16:37:36
Washington Commanders @ Dallas Cowboys,Washington Commanders,2025-10-19 16:25:20,NFL,2.07,3.2,2.95,3.0,2.85,3.25,2.05,,2.12,52.94,3.25,BetMGM,Dallas Cowboys,2,Not Found,2025-10-19 16:37:36
Green Bay Packers @ Arizona Cardinals,Green Bay Packers,2025-10-19 16:25:23,NFL,1.28,1.32,1.32,1.32,1.35,1.33,1.32,,1.32,2.46,1.35,Fanatics,Green Bay Packers,2,Not Found,2025-10-19 16:37:36
New York Giants @ Denver Broncos,Denver Broncos,2025-10-19 16:05:30,NFL,1.7,2.75,2.75,2.72,2.65,2.75,,,1.77,55.43,2.75,DraftKings,Denver Broncos,2,Not Found,2025-10-19 17:08:02
Boston Bruins @ Utah Mammoth,Boston Bruins,2025-10-19 19:08:47,NHL,4.06,3.9,4.4,4.3,4.0,4.1,,,4.25,3.58,4.4,DraftKings,Utah Mammoth,2,Not Found,2025-10-19 19:35:30
Atlanta Falcons @ San Francisco 49ers,San Francisco 49ers,2025-10-19 20:22:59,NFL,1.82,2.25,2.24,2.4,2.25,2.35,,,1.91,25.95,2.4,FanDuel,San Francisco 49ers,2,Not Found,2025-10-19 20:50:19
Seattle Mariners @ Toronto Blue Jays,Toronto Blue Jays,2025-10-19 20:04:00,MLB,1.14,1.31,1.3,1.32,1.25,1.29,,,1.2,10.41,1.32,FanDuel,Toronto Blue Jays,2,Not Found,2025-10-19 20:50:19
Hokkaido Nippon-Ham Fighters @ Fukuoka SoftBank Hawks,Hokkaido Nippon-Ham Fighters,2025-10-20 05:00:00,NPB,4.77,4.2,6.75,7.3,5.4,8.25,,Not Found,5.04,63.61,8.25,BetMGM,Fukuoka SoftBank Hawks,2,,2025-10-20 07:08:54
Tampa Bay Buccaneers @ Detroit Lions,Tampa Bay Buccaneers,2025-10-20 19:02:52,NFL,3.36,3.6,4.1,,4.1,4.4,3.41,Not Found,3.45,27.44,4.4,BetMGM,Detroit Lions,2,,2025-10-20 19:09:21
Seattle Mariners @ Toronto Blue Jays,Toronto Blue Jays,2025-10-20 20:10:38,MLB,1.84,1.77,1.72,2.0,2.0,1.95,,Not Found,1.93,3.66,2.0,FanDuel,Toronto Blue Jays,2,,2025-10-20 20:46:19
Hanwha Eagles @ Samsung Lions,Hanwha Eagles,2025-10-21 05:30:59,KBO,2.21,2.25,2.5,2.72,2.55,2.8,,Not Found,2.36,18.85,2.8,BetMGM,Hanwha Eagles,2,,2025-10-21 06:11:08
Edmonton Oilers @ Ottawa Senators,Ottawa Senators,2025-10-21 19:08:23,NHL,2.08,2.25,3.5,3.15,3.5,3.6,,Not Found,2.18,65.0,3.6,BetMGM,Edmonton Oilers,2,,2025-10-21 19:36:52
Seattle Kraken @ Washington Capitals,Seattle Kraken,2025-10-21 19:08:39,NHL,5.08,5.5,5.2,5.5,5.0,5.0,,Not Found,5.31,3.67,5.5,FanDuel,Washington Capitals,2,,2025-10-21 19:36:52
Florida Panthers @ Boston Bruins,Boston Bruins,2025-10-21 19:38:50,NHL,3.36,7.0,6.75,7.0,6.5,6.25,,Not Found,3.49,100.64,7.0,FanDuel,Florida Panthers,2,,2025-10-21 20:47:40
Columbus Blue Jackets @ Dallas Stars,Dallas Stars,2025-10-21 20:08:37,NHL,2.03,3.4,3.6,3.4,3.6,3.25,,Not Found,2.12,69.69,3.6,DraftKings,Columbus Blue Jackets,2,,2025-10-21 20:47:40
Houston Rockets @ Oklahoma City Thunder,Oklahoma City Thunder,2025-10-21 19:43:24,NBA,1.58,1.95,2.3,2.06,1.95,2.2,,Not Found,1.67,38.0,2.3,DraftKings,Oklahoma City Thunder,2,,2025-10-21 20:47:40
New Jersey Devils @ Toronto Maple Leafs,Toronto Maple Leafs,2025-10-21 19:08:03,NHL,6.43,7.7,7.5,8.5,9.0,7.0,,Not Found,6.74,33.51,9.0,Fanatics,New Jersey Devils,2,,2025-10-21 20:47:40
San Jose Sharks @ New York Islanders,San Jose Sharks,2025-10-21 19:08:18,NHL,10.61,9.5,13.0,11.6,10.0,10.0,,Not Found,11.01,18.08,13.0,DraftKings,New York Islanders,2,,2025-10-21 20:47:40
Golden State Warriors @ Los Angeles Lakers,Los Angeles Lakers,2025-10-21 22:17:41,NBA,2.2,2.2,2.24,2.4,2.25,2.2,2.23,Not Found,2.26,6.33,2.4,FanDuel,Golden State Warriors,2,,2025-10-21 22:24:58
Colorado Avalanche @ Utah Mammoth,Utah Mammoth,2025-10-21 22:20:46,NHL,3.58,3.6,3.7,3.55,3.4,3.8,,Not Found,3.71,2.37,3.8,BetMGM,Utah Mammoth,2,,2025-10-21 23:32:09
Hanwha Eagles @ Samsung Lions,Hanwha Eagles,2025-10-22 05:30:00,KBO,2.64,2.65,2.7,2.76,2.8,2.85,2.89,Not Found,2.77,2.82,2.85,BetMGM,Samsung Lions,2,,2025-10-22 01:10:54
Cleveland Cavaliers @ New York Knicks,Cleveland Cavaliers,2025-10-22 19:13:20,NBA,1.99,2.6,2.45,2.42,2.5,2.45,,Not Found,2.1,23.84,2.6,Caesars,New York Knicks,2,,2025-10-22 19:35:16
Toronto Raptors @ Atlanta Hawks,Toronto Raptors,2025-10-22 19:40:00,NBA,2.78,2.85,3.4,2.72,2.75,2.85,2.83,Not Found,2.85,19.16,3.4,DraftKings,Toronto Raptors,2,,2025-10-22 19:35:16
Brooklyn Nets @ Charlotte Hornets,Brooklyn Nets,2025-10-22 19:10:40,NBA,2.43,2.6,2.54,2.76,2.6,2.6,,Not Found,2.52,9.58,2.76,FanDuel,Charlotte Hornets,2,,2025-10-22 19:35:16
Miami Heat @ Orlando Magic,Orlando Magic,2025-10-22 19:14:53,NBA,1.45,1.38,1.43,1.62,1.53,1.45,,Not Found,1.53,5.8,1.62,FanDuel,Orlando Magic,2,,2025-10-22 19:35:16
New Orleans Pelicans @ Memphis Grizzlies,Memphis Grizzlies,2025-10-22 20:12:46,NBA,1.95,2.25,1.83,1.85,1.87,1.91,,Not Found,2.07,8.93,2.25,Caesars,Memphis Grizzlies,2,,2025-10-22 20:45:46
Detroit Pistons @ Chicago Bulls,Chicago Bulls,2025-10-22 20:13:55,NBA,1.24,1.43,1.24,1.23,1.27,1.19,,Not Found,1.31,8.83,1.43,Caesars,Chicago Bulls,2,,2025-10-22 20:45:46
Los Angeles Clippers @ Utah Jazz,Utah Jazz,2025-10-22 21:10:00,NBA,4.28,4.35,4.7,4.5,4.3,4.4,4.16,Not Found,4.42,6.24,4.7,DraftKings,Utah Jazz,2,,2025-10-22 20:45:46
Missouri State Bears @ New Mexico State Aggies,New Mexico State Aggies,2025-10-22 21:00:00,NCAAF,2.18,2.18,2.2,2.2,2.15,2.3,2.22,Not Found,2.25,2.42,2.3,BetMGM,Missouri State Bears,2,,2025-10-22 20:45:46
San Antonio Spurs @ Dallas Mavericks,San Antonio Spurs,2025-10-22 21:50:00,NBA,2.12,2.85,2.4,2.82,2.5,2.4,,Not Found,2.2,29.68,2.85,Caesars,San Antonio Spurs,2,,2025-10-22 22:20:37
Sacramento Kings @ Phoenix Suns,Sacramento Kings,2025-10-22 22:12:00,NBA,2.44,2.6,2.7,2.76,2.85,2.75,2.34,Not Found,2.51,13.72,2.85,Fanatics,Phoenix Suns,2,,2025-10-22 22:20:37
Minnesota Timberwolves @ Portland Trail Blazers,Portland Trail Blazers,2025-10-22 22:17:00,NBA,2.05,2.2,1.91,2.04,2.0,1.95,,Not Found,2.11,4.36,2.2,Caesars,Minnesota Timberwolves,2,,2025-10-22 23:24:36
Chicago Blackhawks @ Tampa Bay Lightning,Tampa Bay Lightning,2025-10-23 18:51:15,NHL,1.34,1.38,1.71,1.32,1.36,1.74,,Not Found,1.4,23.97,1.74,BetMGM,Chicago Blackhawks,2,,2025-10-23 19:09:16
San Jose Sharks @ New York Rangers,New York Rangers,2025-10-23 19:08:47,NHL,1.36,2.2,1.6,2.46,2.35,2.45,,Not Found,1.42,72.95,2.46,FanDuel,San Jose Sharks,2,,2025-10-23 19:35:07
Philadelphia Flyers @ Ottawa Senators,Philadelphia Flyers,2025-10-23 19:08:48,NHL,1.68,2.1,2.35,2.22,2.25,2.4,,Not Found,1.76,36.08,2.4,BetMGM,Ottawa Senators,2,,2025-10-23 19:35:07
Utah Mammoth @ St Louis Blues,St Louis Blues,2025-10-23 20:08:32,NHL,1.83,15.0,16.0,15.0,18.0,11.5,,Not Found,1.92,837.7,18.0,Fanatics,Utah Mammoth,2,,2025-10-23 20:42:45
Anaheim Ducks @ Boston Bruins,Boston Bruins,2025-10-23 19:11:14,NHL,1.34,3.15,3.1,3.4,3.2,3.1,,Not Found,1.41,141.81,3.4,FanDuel,Anaheim Ducks,2,,2025-10-23 20:42:45
Pittsburgh Penguins @ Florida Panthers,Florida Panthers,2025-10-23 19:13:11,NHL,2.36,5.0,5.0,5.4,5.25,5.5,,Not Found,2.47,122.22,5.5,BetMGM,Pittsburgh Penguins,2,,2025-10-23 20:42:45
Minnesota Vikings @ Los Angeles Chargers,Minnesota Vikings,2025-10-23 20:16:00,NFL,3.66,3.3,3.9,3.85,4.3,4.1,,Not Found,3.79,13.34,4.3,Fanatics,Los Angeles Chargers,2,,2025-10-23 20:42:45
Vancouver Canucks @ Nashville Predators,Vancouver Canucks,2025-10-23 20:08:39,NHL,2.01,5.0,5.7,6.6,6.0,6.75,,Not Found,2.09,223.51,6.75,BetMGM,Nashville Predators,2,,2025-10-23 22:17:13
Oklahoma City Thunder @ Indiana Pacers,Indiana Pacers,2025-10-23 19:45:08,NBA,1.49,3.9,4.1,4.0,4.1,4.75,,Not Found,1.59,198.06,4.75,BetMGM,Oklahoma City Thunder,2,,2025-10-23 22:17:13
Seattle Kraken @ Winnipeg Jets,Winnipeg Jets,2025-10-23 20:08:44,NHL,2.77,3.3,3.5,3.8,3.4,3.5,,Not Found,2.87,32.33,3.8,FanDuel,Seattle Kraken,2,,2025-10-23 22:17:13
Carolina Hurricanes @ Colorado Avalanche,Colorado Avalanche,2025-10-23 21:15:33,NHL,7.7,7.4,9.0,9.0,8.5,8.25,,Not Found,8.0,12.5,9.0,FanDuel,Carolina Hurricanes,2,,2025-10-23 22:17:13
Los Angeles Kings @ Dallas Stars,Dallas Stars,2025-10-23 21:15:41,NHL,2.54,2.45,2.8,2.44,2.85,2.8,,Not Found,2.64,8.01,2.85,Fanatics,Los Angeles Kings,2,,2025-10-23 22:17:13
Montréal Canadiens @ Edmonton Oilers,Edmonton Oilers,2025-10-23 21:09:28,NHL,2.47,5.2,6.5,6.4,7.0,6.0,,Not Found,2.56,173.09,7.0,Fanatics,Edmonton Oilers,2,,2025-10-23 23:13:01
Denver Nuggets @ Golden State Warriors,Golden State Warriors,2025-10-23 22:19:01,NBA,3.72,4.2,4.1,4.3,4.0,3.6,,Not Found,3.93,9.44,4.3,FanDuel,Golden State Warriors,2,,2025-10-23 23:13:01
Samsung Lions @ Hanwha Eagles,Samsung Lions,2025-10-24 05:30:00,KBO,2.53,2.65,2.9,2.96,2.7,2.85,2.72,Not Found,2.65,11.55,2.96,FanDuel,Hanwha Eagles,2,,2025-10-24 05:38:20
West Ham United @ Leeds United,West Ham United,2025-10-24 15:01:00,EPL,25.94,26.0,29.0,28.0,26.0,31.0,,Not Found,27.6,12.33,31.0,BetMGM,Leeds United,3,,2025-10-24 15:28:30
Milwaukee Bucks @ Toronto Raptors,Milwaukee Bucks,2025-10-24 18:45:00,NBA,2.06,2.1,2.3,2.08,2.4,2.3,2.11,Not Found,2.18,10.24,2.4,Fanatics,Milwaukee Bucks,2,,2025-10-24 18:55:06
Atlanta Hawks @ Orlando Magic,Atlanta Hawks,2025-10-24 19:11:03,NBA,2.86,2.95,3.1,3.4,2.85,2.8,2.83,Not Found,2.93,15.94,3.4,FanDuel,Atlanta Hawks,2,,2025-10-24 19:19:37
Cleveland Cavaliers @ Brooklyn Nets,Brooklyn Nets,2025-10-24 19:43:29,NBA,6.03,7.4,6.75,6.2,6.5,6.25,5.76,Not Found,6.24,18.52,7.4,Caesars,Cleveland Cavaliers,2,,2025-10-24 19:48:28
San Antonio Spurs @ New Orleans Pelicans,New Orleans Pelicans,2025-10-24 20:11:13,NBA,2.96,3.9,3.7,3.8,4.3,4.0,,Not Found,3.07,40.07,4.3,Fanatics,San Antonio Spurs,2,,2025-10-24 21:41:11
Calgary Stampeders @ Edmonton Elks,Edmonton Elks,2025-10-24 21:35:00,CFL,2.75,2.8,3.2,2.6,3.0,3.0,2.8,Not Found,2.85,12.45,3.2,DraftKings,Calgary Stampeders,2,,2025-10-24 21:41:11
Los Angeles Dodgers @ Toronto Blue Jays,Toronto Blue Jays,2025-10-24 20:14:21,MLB,1.79,1.95,1.97,2.0,2.05,2.0,,Not Found,1.88,9.19,2.05,Fanatics,Toronto Blue Jays,2,,2025-10-24 21:41:11
Washington Wizards @ Dallas Mavericks,Washington Wizards,2025-10-24 20:40:38,NBA,2.08,2.25,2.3,2.2,2.25,2.25,,Not Found,2.2,4.76,2.3,DraftKings,Washington Wizards,2,,2025-10-24 21:41:11
Boise State Broncos @ Nevada Wolf Pack,Nevada Wolf Pack,2025-10-24 22:00:00,NCAAF,10.51,10.0,9.5,11.4,,10.5,10.1,Not Found,10.92,4.44,11.4,FanDuel,Boise State Broncos,2,,2025-10-24 21:41:11
Detroit Pistons @ Houston Rockets,Houston Rockets,2025-10-24 20:12:46,NBA,1.57,10.0,3.9,2.52,10.0,8.75,,Not Found,1.68,495.36,10.0,Caesars,Detroit Pistons,2,,2025-10-24 22:51:20
Golden State Warriors @ Portland Trail Blazers,Portland Trail Blazers,2025-10-24 22:12:47,NBA,1.88,1.87,2.14,2.0,1.95,2.1,,Not Found,1.98,7.85,2.14,DraftKings,Portland Trail Blazers,2,,2025-10-24 22:51:20
Minnesota Timberwolves @ Los Angeles Lakers,Minnesota Timberwolves,2025-10-24 22:17:55,NBA,1.58,1.62,1.74,1.59,1.5,1.57,,Not Found,1.67,4.22,1.74,DraftKings,Los Angeles Lakers,2,,2025-10-24 22:51:20
Utah Jazz @ Sacramento Kings,Utah Jazz,2025-10-24 22:11:37,NBA,2.87,2.8,2.9,3.1,2.85,2.8,,Not Found,2.98,4.05,3.1,FanDuel,Sacramento Kings,2,,2025-10-24 22:51:20
Phoenix Suns @ Los Angeles Clippers,Phoenix Suns,2025-10-24 22:43:33,NBA,4.04,5.5,7.5,7.3,9.0,7.75,,Not Found,4.26,111.36,9.0,Fanatics,Los Angeles Clippers,2,,2025-10-24 23:27:32
Fulham @ Newcastle United,Fulham,2025-10-25 10:00:00,EPL,5.09,11.0,12.0,11.0,10.0,12.5,,Not Found,5.43,130.38,12.5,BetMGM,Newcastle United,3,,2025-10-25 10:32:23
UCLA Bruins @ Indiana Hoosiers,UCLA Bruins,2025-10-25 12:00:00,NCAAF,15.83,13.0,17.0,17.0,,16.0,13.16,Not Found,16.37,3.86,17.0,FanDuel,Indiana Hoosiers,2,,2025-10-25 11:56:36
Brighton and Hove Albion @ Manchester United,Brighton and Hove Albion,2025-10-25 12:30:00,EPL,3.33,3.4,7.5,7.0,6.5,7.5,,Not Found,3.54,112.13,7.5,DraftKings,Manchester United,3,,2025-10-25 12:58:13
Auburn Tigers @ Arkansas Razorbacks,Arkansas Razorbacks,2025-10-25 12:47:35,NCAAF,1.76,1.71,1.83,1.98,,1.87,1.77,Not Found,1.81,9.1,1.98,FanDuel,Auburn Tigers,2,,2025-10-25 12:58:13
Florida Atlantic Owls @ Navy Midshipmen,Florida Atlantic Owls,2025-10-25 15:30:00,NCAAF,5.55,5.25,5.9,5.4,,5.0,5.46,Not Found,5.74,2.72,5.9,DraftKings,Navy Midshipmen,2,,2025-10-25 15:16:04
New York Islanders @ Philadelphia Flyers,Philadelphia Flyers,2025-10-25 12:38:53,NHL,1.87,1.77,1.87,1.8,2.0,1.87,,Not Found,1.94,3.11,2.0,Fanatics,Philadelphia Flyers,2,,2025-10-25 15:25:41
UMass Minutemen @ Central Michigan Chippewas,UMass Minutemen,2025-10-25 15:32:29,NCAAF,6.49,6.5,7.5,6.4,,7.25,6.34,Not Found,6.74,11.22,7.5,DraftKings,Central Michigan Chippewas,2,,2025-10-25 15:35:01
Western Michigan Broncos @ Miami (OH) RedHawks,Western Michigan Broncos,2025-10-25 15:32:34,NCAAF,2.12,2.05,2.3,2.22,,2.3,2.0,Not Found,2.18,5.29,2.3,DraftKings,Miami (OH) RedHawks,2,,2025-10-25 15:35:01
Liverpool @ Brentford,Liverpool,2025-10-25 14:59:00,EPL,2.68,2.75,2.95,2.95,2.7,2.7,,Not Found,2.84,3.97,2.95,FanDuel,Brentford,3,,2025-10-25 15:35:01
NC State Wolfpack @ Pittsburgh Panthers,NC State Wolfpack,2025-10-25 15:35:12,NCAAF,2.8,3.4,5.7,3.6,,4.2,2.74,Not Found,2.89,97.1,5.7,DraftKings,Pittsburgh Panthers,2,,2025-10-25 15:42:23
Ball State Cardinals @ Northern Illinois Huskies,Ball State Cardinals,2025-10-25 15:32:49,NCAAF,3.16,3.4,5.5,4.9,,5.5,3.07,Not Found,3.27,68.02,5.5,DraftKings,Northern Illinois Huskies,2,,2025-10-25 15:42:23
BYU Cougars @ Iowa State Cyclones,BYU Cougars,2025-10-25 15:36:21,NCAAF,2.26,3.0,2.65,2.9,,2.8,2.22,Not Found,2.33,28.79,3.0,Caesars,BYU Cougars,2,,2025-10-25 15:42:23
Temple Owls @ Tulsa Golden Hurricane,Temple Owls,2025-10-25 15:32:23,NCAAF,1.51,1.71,1.62,1.62,,1.59,1.49,Not Found,1.56,9.81,1.71,Caesars,Temple Owls,2,,2025-10-25 15:42:23
UL Monroe Warhawks @ Southern Mississippi Golden Eagles,Southern Mississippi Golden Eagles,2025-10-25 15:32:20,NCAAF,1.18,1.25,1.25,1.3,,1.27,1.18,Not Found,1.22,6.47,1.3,FanDuel,Southern Mississippi Golden Eagles,2,,2025-10-25 15:42:23
Illinois Fighting Illini @ Washington Huskies,Illinois Fighting Illini,2025-10-25 15:40:54,NCAAF,2.36,2.6,3.2,3.2,,3.5,2.4,Not Found,2.43,44.01,3.5,BetMGM,Washington Huskies,2,,2025-10-25 15:50:11
Alabama Crimson Tide @ South Carolina Gamecocks,Alabama Crimson Tide,2025-10-25 15:50:23,NCAAF,1.2,1.26,1.32,1.29,,1.31,1.18,Not Found,1.24,6.08,1.32,DraftKings,Alabama Crimson Tide,2,,2025-10-25 15:57:28
Chicago Bulls @ Orlando Magic,Chicago Bulls,2025-10-25 19:11:05,NBA,3.11,3.3,2.8,2.9,3.1,3.1,3.0,Not Found,3.19,3.44,3.3,Caesars,Chicago Bulls,2,,2025-10-25 19:18:28
Charlotte Hornets @ Philadelphia 76ers,Charlotte Hornets,2025-10-25 19:42:00,NBA,2.73,3.15,3.2,3.4,3.2,3.25,2.63,Not Found,2.8,21.6,3.4,FanDuel,Philadelphia 76ers,2,,2025-10-25 19:48:22
Oklahoma City Thunder @ Atlanta Hawks,Atlanta Hawks,2025-10-25 19:40:31,NBA,3.75,3.8,4.0,3.55,3.6,3.75,3.6,Not Found,3.84,4.14,4.0,DraftKings,Oklahoma City Thunder,2,,2025-10-25 19:48:22
Indiana Pacers @ Memphis Grizzlies,Indiana Pacers,2025-10-25 20:11:00,NBA,7.45,13.0,15.0,16.0,11.0,14.5,,Not Found,7.83,104.22,16.0,FanDuel,Memphis Grizzlies,2,,2025-10-25 21:49:37
Phoenix Suns @ Denver Nuggets,Phoenix Suns,2025-10-25 21:13:37,NBA,6.64,7.4,7.5,9.0,8.0,7.5,,Not Found,6.98,28.9,9.0,FanDuel,Denver Nuggets,2,,2025-10-25 21:49:37
Hanshin Tigers @ Fukuoka SoftBank Hawks,Fukuoka SoftBank Hawks,2025-10-26 05:30:00,NPB,2.1,2.35,2.1,2.82,2.25,2.1,1.95,Not Found,2.16,30.54,2.82,FanDuel,Fukuoka SoftBank Hawks,2,,2025-10-26 05:40:50
Manchester City @ Aston Villa,Draw,2025-10-26 10:00:00,EPL,3.78,4.0,3.8,3.8,3.8,,3.95,Not Found,3.9,2.46,4.0,Caesars,Aston Villa,3,,2025-10-26 09:31:10
Burnley @ Wolverhampton Wanderers,Wolverhampton Wanderers,2025-10-26 10:00:00,EPL,2.16,2.15,3.7,3.6,3.6,3.6,,Not Found,2.29,61.49,3.7,DraftKings,Burnley,3,,2025-10-26 10:18:41
Nottingham Forest @ Bournemouth,Nottingham Forest,2025-10-26 10:01:00,EPL,4.14,9.0,9.5,10.5,8.0,9.75,,Not Found,4.4,138.8,10.5,FanDuel,Bournemouth,3,,2025-10-26 10:32:43
Buffalo Bills @ Carolina Panthers,Carolina Panthers,2025-10-26 13:00:00,NFL,3.81,4.05,4.1,4.3,4.0,4.1,4.16,Not Found,3.93,9.39,4.3,FanDuel,Buffalo Bills,2,,2025-10-26 12:42:15
Miami Dolphins @ Atlanta Falcons,Miami Dolphins,2025-10-26 13:00:00,NFL,3.68,3.85,3.8,3.8,4.0,4.0,3.99,Not Found,3.79,5.6,4.0,BetMGM,Miami Dolphins,2,,2025-10-26 12:42:15
New York Jets @ Cincinnati Bengals,New York Jets,2025-10-26 13:00:00,NFL,3.11,3.2,3.15,3.3,3.1,3.3,3.07,Not Found,3.19,3.44,3.3,FanDuel,New York Jets,2,,2025-10-26 12:42:15
Colorado Avalanche @ New Jersey Devils,Colorado Avalanche,2025-10-26 13:08:06,NHL,2.12,4.5,5.0,4.7,4.5,4.6,,Not Found,2.22,125.39,5.0,DraftKings,New Jersey Devils,2,,2025-10-26 13:31:34
San Francisco 49ers @ Houston Texans,San Francisco 49ers,2025-10-26 13:03:11,NFL,2.63,2.45,3.5,3.3,3.3,3.3,,Not Found,2.75,27.12,3.5,DraftKings,Houston Texans,2,,2025-10-26 13:31:34
Chicago Bears @ Baltimore Ravens,Baltimore Ravens,2025-10-26 13:02:19,NFL,2.06,2.25,2.2,2.02,2.2,2.3,,Not Found,2.16,6.61,2.3,BetMGM,Baltimore Ravens,2,,2025-10-26 13:31:34
Cleveland Browns @ New England Patriots,New England Patriots,2025-10-26 13:02:47,NFL,1.55,1.72,1.62,1.65,1.67,1.65,,Not Found,1.63,5.68,1.72,Caesars,New England Patriots,2,,2025-10-26 13:31:34
New York Giants @ Philadelphia Eagles,New York Giants,2025-10-26 13:02:47,NFL,3.67,3.6,4.0,4.3,4.0,4.33,,Not Found,3.8,13.9,4.33,BetMGM,Philadelphia Eagles,2,,2025-10-26 13:41:20
Brooklyn Nets @ San Antonio Spurs,Brooklyn Nets,2025-10-26 14:12:00,NBA,3.3,4.8,4.9,5.5,4.5,4.5,,Not Found,3.48,57.99,5.5,FanDuel,San Antonio Spurs,2,,2025-10-26 14:29:32
Boston Celtics @ Detroit Pistons,Detroit Pistons,2025-10-26 15:44:38,NBA,1.77,2.0,2.2,2.32,2.05,2.1,1.76,Not Found,1.81,28.04,2.32,FanDuel,Detroit Pistons,2,,2025-10-26 15:51:50
Dallas Cowboys @ Denver Broncos,Denver Broncos,2025-10-26 16:25:25,NFL,1.5,1.95,1.95,2.0,2.0,1.95,1.48,Not Found,1.54,29.91,2.0,FanDuel,Denver Broncos,2,,2025-10-26 16:36:45
Tampa Bay Buccaneers @ New Orleans Saints,New Orleans Saints,2025-10-26 16:05:40,NFL,2.38,3.15,3.1,3.0,2.9,3.2,,Not Found,2.5,28.16,3.2,BetMGM,Tampa Bay Buccaneers,2,,2025-10-26 16:36:45
Tennessee Titans @ Indianapolis Colts,Tennessee Titans,2025-10-26 16:25:33,NFL,9.48,10.0,15.0,14.0,13.0,13.5,,Not Found,9.86,52.13,15.0,DraftKings,Indianapolis Colts,2,,2025-10-26 16:55:34
Vegas Golden Knights @ Tampa Bay Lightning,Vegas Golden Knights,2025-10-26 17:09:08,NHL,2.21,1.91,3.0,2.12,3.1,3.25,2.22,Not Found,2.26,43.62,3.25,BetMGM,Tampa Bay Lightning,2,,2025-10-26 17:18:49
San Jose Sharks @ Minnesota Wild,Minnesota Wild,2025-10-26 18:08:46,NHL,1.5,1.83,2.1,2.04,2.1,2.1,1.56,Not Found,1.54,36.4,2.1,DraftKings,San Jose Sharks,2,,2025-10-26 18:20:14
Charlotte Hornets @ Washington Wizards,Charlotte Hornets,2025-10-26 18:16:00,NBA,2.1,2.45,2.3,2.32,2.35,2.1,2.04,Not Found,2.15,13.75,2.45,Caesars,Charlotte Hornets,2,,2025-10-26 18:20:14
Milwaukee Bucks @ Cleveland Cavaliers,Milwaukee Bucks,2025-10-26 18:12:09,NBA,3.06,3.15,3.2,3.4,3.2,3.2,3.03,Not Found,3.14,8.29,3.4,FanDuel,Cleveland Cavaliers,2,,2025-10-26 18:20:14
New York Knicks @ Miami Heat,Miami Heat,2025-10-26 18:14:21,NBA,2.36,2.5,2.45,2.58,2.45,2.45,,Not Found,2.49,3.46,2.58,FanDuel,Miami Heat,2,,2025-10-26 18:44:39
Los Angeles Kings @ Chicago Blackhawks,Los Angeles Kings,2025-10-26 19:08:57,NHL,1.64,1.67,1.62,1.61,1.62,2.3,1.67,Not Found,1.68,36.86,2.3,BetMGM,Los Angeles Kings,2,,2025-10-26 19:19:30
Utah Mammoth @ Winnipeg Jets,Winnipeg Jets,2025-10-26 18:08:41,NHL,1.27,1.36,1.27,1.29,1.27,1.74,,Not Found,1.33,30.5,1.74,BetMGM,Utah Mammoth,2,,2025-10-26 19:19:30
Indiana Pacers @ Minnesota Timberwolves,Indiana Pacers,2025-10-26 19:13:00,NBA,5.35,6.5,6.75,6.4,6.0,7.0,5.28,Not Found,5.5,27.37,7.0,BetMGM,Minnesota Timberwolves,2,,2025-10-26 19:19:30
Dallas Stars @ Nashville Predators,Dallas Stars,2025-10-26 19:08:55,NHL,2.25,2.45,2.35,2.3,2.2,2.4,,Not Found,2.36,4.02,2.45,Caesars,Dallas Stars,2,,2025-10-26 19:30:58
Los Angeles Lakers @ Sacramento Kings,Los Angeles Lakers,2025-10-26 21:10:30,NBA,1.75,2.45,2.6,2.38,2.85,2.54,,Not Found,1.81,57.12,2.85,Fanatics,Los Angeles Lakers,2,,2025-10-26 21:53:45
New York Rangers @ Calgary Flames,New York Rangers,2025-10-26 20:08:01,NHL,7.94,8.5,8.5,8.5,8.5,7.5,,Not Found,8.22,3.43,8.5,FanDuel,Calgary Flames,2,,2025-10-26 21:53:45
Edmonton Oilers @ Vancouver Canucks,Edmonton Oilers,2025-10-26 22:08:10,NHL,4.05,4.5,4.8,5.2,4.75,4.6,,Not Found,4.24,22.64,5.2,FanDuel,Vancouver Canucks,2,,2025-10-26 23:22:29
Hanwha Eagles @ LG Twins,LG Twins,2025-10-27 05:30:27,KBO,1.79,3.4,3.6,3.85,3.45,3.4,1.77,Not Found,1.88,105.07,3.85,FanDuel,LG Twins,2,,2025-10-27 05:43:41
Boston Celtics @ New Orleans Pelicans,New Orleans Pelicans,2025-10-27 20:00:00,NBA,2.12,2.43,2.2,2.24,2.3,2.4,2.4,Not Found,2.17,11.92,2.43,Caesars,Boston Celtics,2,,2025-10-27 18:20:15
Cleveland Cavaliers @ Detroit Pistons,Cleveland Cavaliers,2025-10-27 19:13:09,NBA,1.81,2.0,2.1,1.98,2.05,2.1,1.76,Not Found,1.85,13.28,2.1,DraftKings,Cleveland Cavaliers,2,,2025-10-27 19:19:52
Washington Commanders @ Kansas City Chiefs,Washington Commanders,2025-10-27 20:15:00,NFL,5.22,5.75,6.0,6.0,5.5,5.75,5.58,Not Found,5.39,11.39,6.0,FanDuel,Kansas City Chiefs,2,,2025-10-27 19:19:52
Orlando Magic @ Philadelphia 76ers,Orlando Magic,2025-10-27 19:10:39,NBA,1.59,1.69,1.57,1.76,1.62,1.57,1.42,Not Found,1.68,4.97,1.76,FanDuel,Philadelphia 76ers,2,,2025-10-27 19:19:52
Atlanta Hawks @ Chicago Bulls,Atlanta Hawks,2025-10-27 20:10:13,NBA,1.77,3.6,3.7,3.8,3.4,3.25,,Not Found,1.87,103.46,3.8,FanDuel,Chicago Bulls,2,,2025-10-27 21:43:35
Toronto Raptors @ San Antonio Spurs,Toronto Raptors,2025-10-27 20:14:00,NBA,8.68,10.0,13.0,11.6,10.0,7.25,,Not Found,8.96,45.04,13.0,DraftKings,San Antonio Spurs,2,,2025-10-27 21:43:35
Toronto Blue Jays @ Los Angeles Dodgers,Los Angeles Dodgers,2025-10-27 20:06:00,MLB,2.62,2.95,2.82,2.86,2.75,2.85,,Not Found,2.75,7.4,2.95,Caesars,Los Angeles Dodgers,2,,2025-10-27 21:43:35
Phoenix Suns @ Utah Jazz,Utah Jazz,2025-10-27 21:11:37,NBA,1.21,1.31,1.28,1.28,1.25,1.33,,Not Found,1.28,3.85,1.33,BetMGM,Utah Jazz,2,,2025-10-27 21:43:35
Oklahoma City Thunder @ Dallas Mavericks,Dallas Mavericks,2025-10-27 20:41:00,NBA,5.64,5.0,4.9,6.0,5.0,5.25,,Not Found,5.82,3.08,6.0,FanDuel,Oklahoma City Thunder,2,,2025-10-27 21:43:35
Portland Trail Blazers @ Los Angeles Lakers,Portland Trail Blazers,2025-10-27 22:41:00,NBA,1.6,1.8,1.77,1.96,1.87,1.8,,Not Found,1.69,16.0,1.96,FanDuel,Portland Trail Blazers,2,,2025-10-27 22:59:36
Memphis Grizzlies @ Golden State Warriors,Memphis Grizzlies,2025-10-27 22:11:13,NBA,3.78,3.6,3.9,3.85,4.1,3.7,,Not Found,4.0,2.5,4.1,Fanatics,Golden State Warriors,2,,2025-10-27 22:59:36
Denver Nuggets @ Minnesota Timberwolves,Denver Nuggets,2025-10-27 21:42:00,NBA,1.12,1.12,1.17,1.25,1.2,1.1,,Not Found,1.18,6.13,1.25,FanDuel,Denver Nuggets,2,,2025-10-27 23:42:10
Anadolu Efes @ Paris Basketball,Paris Basketball,2025-10-28 15:45:00,Basketball Euroleague,1.62,,1.74,1.69,1.67,1.54,1.69,Not Found,1.68,3.53,1.74,DraftKings,Anadolu Efes SK,2,,2025-10-28 15:49:14
Charlotte Hornets @ Miami Heat,Miami Heat,2025-10-28 19:30:00,NBA,1.48,1.48,1.49,1.51,1.56,1.5,1.5,Not Found,1.52,2.56,1.56,Fanatics,Miami Heat,2,,2025-10-28 18:38:56
Philadelphia 76ers @ Washington Wizards,Washington Wizards,2025-10-28 19:11:00,NBA,2.63,2.85,2.6,2.42,2.6,2.55,2.61,Not Found,2.7,5.68,2.85,Caesars,Philadelphia 76ers,2,,2025-10-28 19:20:19
UTEP Miners @ Kennesaw State Owls,UTEP Miners,2025-10-28 20:00:00,NCAAF,4.5,4.2,4.3,4.85,,4.4,4.83,Not Found,4.66,4.11,4.85,FanDuel,Kennesaw State Owls,2,,2025-10-28 19:42:31
Sacramento Kings @ Oklahoma City Thunder,Oklahoma City Thunder,2025-10-28 20:12:00,NBA,1.3,1.56,1.56,1.82,1.61,1.45,,Not Found,1.37,32.4,1.82,FanDuel,Oklahoma City Thunder,2,,2025-10-28 21:50:26
New York Knicks @ Milwaukee Bucks,Milwaukee Bucks,2025-10-28 20:13:09,NBA,2.02,2.35,2.3,2.42,2.15,2.54,,Not Found,2.13,18.98,2.54,BetMGM,Milwaukee Bucks,2,,2025-10-28 21:50:26
Los Angeles Clippers @ Golden State Warriors,Los Angeles Clippers,2025-10-28 23:13:31,NBA,2.37,3.4,2.85,3.0,3.1,3.1,,Not Found,2.46,38.05,3.4,Caesars,Golden State Warriors,2,,2025-10-28 23:53:37
LG Twins @ Hanwha Eagles,LG Twins,2025-10-29 05:30:00,KBO,2.27,2.3,2.3,2.22,2.25,2.55,2.45,Not Found,2.38,7.33,2.55,BetMGM,Hanwha Eagles,2,,2025-10-29 04:31:32
Cleveland Cavaliers @ Boston Celtics,Boston Celtics,2025-10-29 19:10:00,NBA,2.13,2.43,2.45,2.4,2.4,2.4,2.46,Not Found,2.18,12.21,2.45,DraftKings,Boston Celtics,2,,2025-10-29 18:38:46
Houston Rockets @ Toronto Raptors,Houston Rockets,2025-10-29 18:42:00,NBA,1.45,1.43,1.6,1.4,1.36,1.36,1.43,Not Found,1.49,7.63,1.6,DraftKings,Houston Rockets,2,,2025-10-29 18:47:42
Orlando Magic @ Detroit Pistons,Orlando Magic,2025-10-29 19:10:00,NBA,1.75,1.83,1.8,1.82,1.8,1.8,1.82,Not Found,1.79,2.13,1.83,Caesars,Detroit Pistons,2,,2025-10-29 18:47:42
Atlanta Hawks @ Brooklyn Nets,Atlanta Hawks,2025-10-29 19:41:12,NBA,1.31,1.29,1.48,1.47,1.48,1.43,1.29,Not Found,1.35,9.91,1.48,DraftKings,Atlanta Hawks,2,,2025-10-29 19:44:09
New Orleans Pelicans @ Denver Nuggets,New Orleans Pelicans,2025-10-29 21:10:36,NBA,6.49,12.0,17.0,15.0,13.0,20.0,,Not Found,6.85,192.11,20.0,BetMGM,Denver Nuggets,2,,2025-10-29 21:50:07
Sacramento Kings @ Chicago Bulls,Sacramento Kings,2025-10-29 20:11:00,NBA,4.62,7.7,6.2,7.3,7.5,7.5,,Not Found,4.88,57.71,7.7,Caesars,Chicago Bulls,2,,2025-10-29 21:50:07
Los Angeles Lakers @ Minnesota Timberwolves,Los Angeles Lakers,2025-10-29 21:43:00,NBA,3.49,4.5,5.2,5.0,5.0,5.25,3.56,Not Found,3.59,46.44,5.25,BetMGM,Los Angeles Lakers,2,,2025-10-29 21:50:07
Indiana Pacers @ Dallas Mavericks,Indiana Pacers,2025-10-29 20:41:00,NBA,1.61,2.0,2.14,2.1,1.87,2.1,,Not Found,1.7,25.88,2.14,DraftKings,Dallas Mavericks,2,,2025-10-29 21:50:07
Memphis Grizzlies @ Phoenix Suns,Memphis Grizzlies,2025-10-29 22:10:00,NBA,1.83,2.25,2.2,2.32,2.15,2.2,,Not Found,1.93,20.27,2.32,FanDuel,Memphis Grizzlies,2,,2025-10-29 23:04:05
Fukuoka SoftBank Hawks @ Hanshin Tigers,Hanshin Tigers,2025-10-30 05:00:00,NPB,1.85,1.83,1.85,1.85,1.8,1.95,1.93,Not Found,1.9,2.5,1.95,BetMGM,Fukuoka SoftBank Hawks,2,,2025-10-30 03:43:10
LG Twins @ Hanwha Eagles,LG Twins,2025-10-30 05:30:00,KBO,1.85,1.83,1.82,1.83,1.83,2.05,1.94,Not Found,1.94,5.72,2.05,BetMGM,LG Twins,2,,2025-10-30 03:50:56
Dubai Basketball @ Valencia Basket,Valencia Basket,2025-10-30 15:30:00,Basketball Euroleague,1.32,,1.34,1.33,1.33,1.4,1.33,Not Found,1.37,2.13,1.4,BetMGM,Valencia Basket,2,,2025-10-30 14:52:30
Virtus Segafredo Bologna @ FC Bayern München,Virtus Segafredo Bologna,2025-10-30 15:31:00,Basketball Euroleague,2.68,,3.3,3.9,3.35,3.1,2.74,Not Found,2.77,40.55,3.9,FanDuel,Not Found,2,,2025-10-30 15:41:34
Paris Basketball @ Pallacanestro Olimpia Milano,Paris Basketball,2025-10-30 15:32:00,Basketball Euroleague,2.39,,2.9,2.6,2.35,2.54,2.45,Not Found,2.48,16.73,2.9,DraftKings,Not Found,2,,2025-10-30 15:41:34
Tulane Green Wave @ UTSA Roadrunners,UTSA Roadrunners,2025-10-30 19:30:00,NCAAF,2.77,2.85,2.95,2.76,,2.8,2.9,Not Found,2.86,3.18,2.95,DraftKings,Not Found,2,,2025-10-30 18:40:17
Orlando Magic @ Charlotte Hornets,Charlotte Hornets,2025-10-30 19:12:00,NBA,3.19,3.4,3.5,3.0,3.6,3.6,,Not Found,3.38,6.49,3.6,BetMGM,Orlando Magic,2,,2025-10-30 19:31:09
Marshall Thundering Herd @ Coastal Carolina Chanticleers,Coastal Carolina Chanticleers,2025-10-30 19:37:00,NCAAF,3.22,3.05,5.2,5.3,,5.25,3.11,Not Found,3.33,59.0,5.3,FanDuel,Not Found,2,,2025-10-30 19:41:12
Miami Heat @ San Antonio Spurs,Miami Heat,2025-10-30 20:40:36,NBA,1.86,2.85,2.9,2.9,2.75,2.8,,Not Found,1.93,49.9,2.9,FanDuel,San Antonio Spurs,2,,2025-10-30 21:46:30
Baltimore Ravens @ Miami Dolphins,Miami Dolphins,2025-10-30 20:16:07,NFL,5.23,7.0,8.0,7.0,7.5,6.75,,Not Found,5.47,46.25,8.0,DraftKings,Baltimore Ravens,2,,2025-10-30 21:46:30
Golden State Warriors @ Milwaukee Bucks,Milwaukee Bucks,2025-10-30 20:13:00,NBA,2.86,3.8,2.3,2.44,2.4,2.45,,Not Found,2.95,29.01,3.8,Caesars,Milwaukee Bucks,2,,2025-10-30 21:46:30
Washington Wizards @ Oklahoma City Thunder,Oklahoma City Thunder,2025-10-30 20:10:00,NBA,1.04,1.03,1.06,1.12,1.16,1.09,,Not Found,1.06,9.15,1.16,Fanatics,Oklahoma City Thunder,2,,2025-10-30 21:46:30
LG Twins @ Hanwha Eagles,Hanwha Eagles,2025-10-31 05:30:00,KBO,2.09,2.9,2.9,3.0,2.7,3.1,2.13,Not Found,2.19,41.28,3.1,BetMGM,LG Twins,2,,2025-10-31 05:39:37
Felix Auger-Aliassime @ Valentin Vacherot,Valentin Vacherot,2025-10-31 09:00:00,ATP Paris Masters,2.34,,2.74,2.65,2.65,2.65,2.27,Not Found,2.39,14.51,2.74,DraftKings,Not Found,2,,2025-10-31 09:20:59
Alex de Minaur @ Alexander Bublik,Alex de Minaur,2025-10-31 10:40:00,ATP Paris Masters,1.8,,1.79,1.95,1.71,1.71,1.75,Not Found,1.84,5.91,1.95,FanDuel,Not Found,2,,2025-10-31 10:59:40
Panathinaikos @ AS Monaco,Panathinaikos,2025-10-31 14:00:00,Basketball Euroleague,1.94,,2.0,2.06,2.05,2.1,2.02,Not Found,2.05,2.51,2.1,BetMGM,Not Found,2,,2025-10-31 13:38:07
Hapoel Tel Aviv @ Olympiacos,Hapoel Tel Aviv,2025-10-31 15:16:00,Basketball Euroleague,2.44,,3.3,3.4,3.05,3.5,2.8,Not Found,2.61,34.34,3.5,BetMGM,Not Found,2,,2025-10-31 15:26:45
FC Barcelona Bàsquet @ KK Partizan NIS,KK Partizan NIS,2025-10-31 15:30:00,Basketball Euroleague,1.71,,1.77,1.76,1.8,1.85,1.77,Not Found,1.78,3.88,1.85,BetMGM,Not Found,2,,2025-10-31 15:26:45
Anadolu Efes @ Saski Baskonia,Saski Baskonia,2025-10-31 15:30:00,Basketball Euroleague,2.42,,2.45,2.6,2.3,2.4,2.4,Not Found,2.51,3.48,2.6,FanDuel,Not Found,2,,2025-10-31 15:36:13
Alexander Zverev @ Daniil Medvedev,Alexander Zverev,2025-10-31 15:25:00,ATP Paris Masters,2.12,,2.6,2.15,2.5,2.6,2.1,Not Found,2.17,19.75,2.6,DraftKings,Not Found,2,,2025-10-31 15:44:28
Colorado Avalanche @ Vegas Golden Knights,Vegas Golden Knights,2025-10-31 16:10:00,NHL,2.05,2.05,2.14,2.1,2.0,2.1,2.17,Not Found,2.1,2.09,2.14,DraftKings,Colorado Avalanche,2,,2025-10-31 15:52:02
Atlanta Hawks @ Indiana Pacers,Atlanta Hawks,2025-10-31 19:10:40,NBA,1.7,2.75,2.7,2.86,2.9,2.9,1.76,Not Found,1.8,61.28,2.9,BetMGM,Atlanta Hawks,2,,2025-10-31 19:19:48
Boston Celtics @ Philadelphia 76ers,Philadelphia 76ers,2025-10-31 19:12:51,NBA,2.02,2.05,2.05,2.16,2.2,2.2,2.05,Not Found,2.07,6.05,2.2,BetMGM,Boston Celtics,2,,2025-10-31 19:19:48
Toronto Raptors @ Cleveland Cavaliers,Cleveland Cavaliers,2025-10-31 19:41:52,NBA,1.54,1.62,1.56,1.7,1.62,1.62,1.53,Not Found,1.58,7.67,1.7,FanDuel,Toronto Raptors,2,,2025-10-31 19:47:01
New York Islanders @ Washington Capitals,Washington Capitals,2025-10-31 19:08:36,NHL,1.46,1.5,1.47,1.51,1.57,1.5,,Not Found,1.53,2.68,1.57,Fanatics,New York Islanders,2,,2025-10-31 19:47:01
New York Knicks @ Chicago Bulls,New York Knicks,2025-10-31 20:10:17,NBA,2.15,2.45,2.4,3.5,3.2,3.6,,Not Found,2.27,58.44,3.6,BetMGM,Chicago Bulls,2,,2025-10-31 21:49:57
Los Angeles Lakers @ Memphis Grizzlies,Los Angeles Lakers,2025-10-31 21:42:49,NBA,1.85,1.83,2.1,2.0,1.83,1.83,1.82,Not Found,1.89,10.89,2.1,DraftKings,Los Angeles Lakers,2,,2025-10-31 21:49:57
New Orleans Pelicans @ Los Angeles Clippers,New Orleans Pelicans,2025-10-31 22:30:00,NBA,5.01,5.3,5.0,5.3,5.0,5.25,5.0,Not Found,5.18,2.42,5.3,FanDuel,Los Angeles Clippers,2,,2025-10-31 21:49:57
Denver Nuggets @ Portland Trail Blazers,Portland Trail Blazers,2025-10-31 22:10:00,NBA,2.81,2.85,2.95,2.94,2.85,2.85,2.85,Not Found,2.89,2.22,2.95,DraftKings,Portland Trail Blazers,2,,2025-10-31 21:49:57
Los Angeles Dodgers @ Toronto Blue Jays,Los Angeles Dodgers,2025-10-31 20:11:00,MLB,1.05,1.18,1.16,1.07,1.15,1.24,,Not Found,1.1,13.05,1.24,BetMGM,Los Angeles Dodgers,2,,2025-10-31 23:03:36
Utah Jazz @ Phoenix Suns,Utah Jazz,2025-10-31 22:10:56,NBA,7.51,9.0,17.0,15.0,14.0,14.5,,Not Found,7.89,115.47,17.0,DraftKings,Phoenix Suns,2,,2025-10-31 23:47:05
Detroit Red Wings @ Anaheim Ducks,Anaheim Ducks,2025-10-31 22:08:18,NHL,1.12,1.33,1.3,1.24,1.29,1.27,,Not Found,1.17,13.75,1.33,Caesars,Anaheim Ducks,2,,2025-10-31 23:47:05
Arsenal @ Burnley,Burnley,2025-11-01 11:00:00,EPL,13.5,15.0,12.0,14.0,12.0,,14.5,Not Found,13.91,7.84,15.0,Caesars,Arsenal,3,,2025-11-01 10:42:16
Wolverhampton Wanderers @ Fulham,Wolverhampton Wanderers,2025-11-01 11:01:00,EPL,9.65,9.0,10.0,11.0,9.0,9.0,,Not Found,10.35,6.26,11.0,FanDuel,Fulham,3,,2025-11-01 11:18:56
Manchester United @ Nottingham Forest,Nottingham Forest,2025-11-01 11:00:00,EPL,3.14,3.4,3.4,3.6,3.3,3.3,,Not Found,3.33,8.06,3.6,FanDuel,Draw,3,,2025-11-01 11:29:39
Brentford @ Crystal Palace,Brentford,2025-11-01 11:01:00,EPL,3.55,8.5,8.5,10.0,8.5,9.25,,Not Found,3.76,166.01,10.0,FanDuel,Crystal Palace,3,,2025-11-01 11:40:02
Leeds United @ Brighton and Hove Albion,Leeds United,2025-11-01 11:01:00,EPL,9.85,10.0,11.0,10.5,8.5,9.5,,Not Found,10.56,4.14,11.0,DraftKings,Brighton and Hove Albion,3,,2025-11-01 11:40:02
Buffalo Bulls @ Bowling Green Falcons,Bowling Green Falcons,2025-11-01 12:00:00,NCAAF,1.68,1.74,1.77,1.68,,1.69,1.75,Not Found,1.73,2.1,1.77,DraftKings,Buffalo Bulls,2,,2025-11-01 11:47:56
Jannik Sinner @ Alexander Zverev,Alexander Zverev,2025-11-01 12:10:00,ATP Paris Masters,7.74,,15.0,12.0,9.0,10.0,5.76,Not Found,7.85,91.09,15.0,DraftKings,Not Found,2,,2025-11-01 12:23:42
Chelsea @ Tottenham Hotspur,Tottenham Hotspur,2025-11-01 13:30:00,EPL,8.39,8.5,10.0,9.0,7.5,8.5,,Not Found,8.98,11.35,10.0,DraftKings,Chelsea,3,,2025-11-01 14:28:03
Carolina Hurricanes @ Boston Bruins,Carolina Hurricanes,2025-11-01 13:08:33,NHL,1.67,3.15,9.0,3.3,3.0,3.2,,Not Found,1.73,419.49,9.0,DraftKings,Boston Bruins,2,,2025-11-01 14:58:51
Pittsburgh Penguins @ Winnipeg Jets,Pittsburgh Penguins,2025-11-01 15:08:42,NHL,2.41,2.35,5.2,5.5,5.0,6.25,2.42,Not Found,2.47,153.09,6.25,BetMGM,Winnipeg Jets,2,,2025-11-01 15:15:18
New Mexico State Aggies @ Western Kentucky Hilltoppers,New Mexico State Aggies,2025-11-01 15:32:21,NCAAF,3.52,3.4,3.5,4.4,,3.3,3.6,Not Found,3.65,20.66,4.4,FanDuel,Western Kentucky Hilltoppers,2,,2025-11-01 15:40:23
Louisiana Ragin Cajuns @ South Alabama Jaguars,South Alabama Jaguars,2025-11-01 15:30:00,NCAAF,1.56,1.56,1.69,1.68,,1.69,1.57,Not Found,1.61,4.85,1.69,DraftKings,Louisiana Ragin Cajuns,2,,2025-11-01 15:40:23
Delaware Blue Hens @ Liberty Flames,Liberty Flames,2025-11-01 15:30:00,NCAAF,1.6,1.59,1.65,1.71,,1.69,1.59,Not Found,1.65,3.61,1.71,FanDuel,Liberty Flames,2,,2025-11-01 15:40:23
Virginia Cavaliers @ California Golden Bears,California Golden Bears,2025-11-01 15:50:00,NCAAF,3.03,2.5,3.2,3.8,,3.1,2.86,Not Found,3.13,21.26,3.8,FanDuel,Virginia Cavaliers,2,,2025-11-01 15:55:13
Ariane Carnelossi @ Talita Alencar,Talita Alencar,2025-11-01 16:15:00,MMA,1.49,2.1,2.7,1.6,,2.15,1.5,Not Found,1.54,75.78,2.7,DraftKings,Not Found,2,,2025-11-01 16:21:22
Colorado Avalanche @ San Jose Sharks,San Jose Sharks,2025-11-01 16:08:27,NHL,3.09,4.5,4.0,4.5,3.8,3.6,3.2,Not Found,3.18,41.69,4.5,FanDuel,San Jose Sharks,2,,2025-11-01 16:21:22
Calgary Flames @ Nashville Predators,Calgary Flames,2025-11-01 15:38:40,NHL,9.83,9.0,9.5,11.0,9.0,8.75,,Not Found,10.19,7.98,11.0,FanDuel,Nashville Predators,2,,2025-11-01 16:21:22
Aston Villa @ Liverpool,Aston Villa,2025-11-01 16:01:00,EPL,3.82,4.0,3.95,4.3,3.9,4.0,,Not Found,4.05,6.12,4.3,FanDuel,Liverpool,3,,2025-11-01 16:33:51
Sacramento Kings @ Milwaukee Bucks,Sacramento Kings,2025-11-01 17:11:00,NBA,3.06,3.9,5.0,4.3,4.5,5.25,3.0,Not Found,3.14,67.2,5.25,BetMGM,Sacramento Kings,2,,2025-11-01 17:17:33
Calgary Stampeders @ BC Lions,Calgary Stampeders,2025-11-01 17:35:00,CFL,3.15,3.15,4.1,4.0,4.05,3.2,3.22,Not Found,3.25,26.15,4.1,DraftKings,BC Lions,2,,2025-11-01 17:43:52
Minnesota Timberwolves @ Charlotte Hornets,Charlotte Hornets,2025-11-01 18:11:00,NBA,2.61,3.15,3.2,3.3,3.2,3.2,2.62,Not Found,2.69,22.46,3.3,FanDuel,Minnesota Timberwolves,2,,2025-11-01 18:19:07
Purdue Boilermakers @ Michigan Wolverines,Purdue Boilermakers,2025-11-01 19:00:00,NCAAF,10.21,10.5,11.0,11.4,,11.0,10.79,Not Found,10.54,8.14,11.4,FanDuel,Not Found,2,,2025-11-01 18:32:59
Kevin Christian @ Billy Elekana,Billy Elekana,2025-11-01 18:45:00,MMA,1.39,1.36,1.65,1.38,,1.87,1.38,Not Found,1.43,30.86,1.87,BetMGM,Not Found,2,,2025-11-01 18:50:14
Washington Capitals @ Buffalo Sabres,Buffalo Sabres,2025-11-01 19:13:48,NHL,1.8,3.4,3.9,2.46,4.0,3.9,1.79,Not Found,1.85,116.79,4.0,Fanatics,Buffalo Sabres,2,,2025-11-01 19:19:18
Allan Nascimento @ Cody Durden,Allan Nascimento,2025-11-01 19:15:00,MMA,1.34,1.3,2.0,2.2,,2.0,1.32,Not Found,1.38,59.71,2.2,FanDuel,Not Found,2,,2025-11-01 19:19:18
Toronto Maple Leafs @ Philadelphia Flyers,Toronto Maple Leafs,2025-11-01 19:15:43,NHL,1.83,2.6,2.54,1.76,2.6,2.65,1.85,Not Found,1.87,41.6,2.65,BetMGM,Toronto Maple Leafs,2,,2025-11-01 19:19:18
Dallas Stars @ Florida Panthers,Dallas Stars,2025-11-01 18:08:53,NHL,6.77,7.0,7.5,7.3,6.5,7.75,,Not Found,7.1,9.17,7.75,BetMGM,Florida Panthers,2,,2025-11-01 19:19:18
Orlando Magic @ Washington Wizards,Washington Wizards,2025-11-01 19:11:00,NBA,4.11,3.8,4.4,3.9,4.0,4.2,3.99,Not Found,4.24,3.87,4.4,DraftKings,Orlando Magic,2,,2025-11-01 19:19:18
Golden State Warriors @ Indiana Pacers,Golden State Warriors,2025-11-01 19:11:00,NBA,1.22,1.29,1.24,1.22,1.2,1.21,1.2,Not Found,1.26,2.64,1.29,Caesars,Indiana Pacers,2,,2025-11-01 19:19:18
Ottawa Senators @ Montréal Canadiens,Ottawa Senators,2025-11-01 19:16:23,NHL,2.68,4.2,4.7,4.6,4.3,4.6,,Not Found,2.81,67.21,4.7,DraftKings,Montreal Canadiens,2,,2025-11-01 19:40:47
Georgia Tech Yellow Jackets @ NC State Wolfpack,Georgia Tech Yellow Jackets,2025-11-01 19:35:46,NCAAF,1.53,1.49,1.62,1.68,,1.65,1.46,Not Found,1.58,6.51,1.68,FanDuel,API Error,2,,2025-11-01 19:40:47
USC Trojans @ Nebraska Cornhuskers,USC Trojans,2025-11-01 19:37:13,NCAAF,1.55,1.51,1.69,1.68,,1.62,1.52,Not Found,1.6,5.73,1.69,DraftKings,Not Found,2,,2025-11-01 19:40:47
Vancouver Canucks @ Minnesota Wild,Vancouver Canucks,2025-11-01 19:15:46,NHL,2.42,3.15,3.6,3.85,3.4,3.9,,Not Found,2.54,53.46,3.9,BetMGM,Minnesota Wild,2,,2025-11-01 19:48:32
Los Angeles Dodgers @ Toronto Blue Jays,Los Angeles Dodgers,2025-11-01 20:10:13,MLB,4.38,3.3,4.53,4.5,4.9,4.1,,Not Found,4.56,7.43,4.9,Fanatics,Los Angeles Dodgers,2,,2025-11-01 21:52:11
Chicago Blackhawks @ Edmonton Oilers,Chicago Blackhawks,2025-11-01 22:11:40,NHL,3.05,2.85,3.0,3.15,5.0,5.0,,Not Found,3.16,58.07,5.0,BetMGM,Edmonton Oilers,2,,2025-11-01 23:07:46
Dallas Mavericks @ Detroit Pistons,Detroit Pistons,2025-11-01 22:20:00,NBA,1.5,1.67,1.53,1.71,1.42,1.65,,Not Found,1.56,9.93,1.71,FanDuel,Dallas Mavericks,2,,2025-11-01 23:07:46
New York Rangers @ Seattle Kraken,New York Rangers,2025-11-01 22:08:48,NHL,1.75,1.91,1.77,1.78,1.77,1.83,,Not Found,1.83,4.18,1.91,Caesars,New York Rangers,2,,2025-11-01 23:51:39
Jannik Sinner @ Felix Auger-Aliassime,Felix Auger-Aliassime,2025-11-02 09:00:00,ATP Paris Masters,7.88,,8.2,8.4,7.5,7.25,6.98,Not Found,8.04,4.53,8.4,FanDuel,Not Found,2,,2025-11-02 08:41:17
Newcastle United @ West Ham United,West Ham United,2025-11-02 09:00:00,EPL,4.8,10.0,10.0,11.0,8.5,10.5,,Not Found,5.12,114.88,11.0,FanDuel,Not Found,3,,2025-11-02 09:18:32
Bournemouth @ Manchester City,Bournemouth,2025-11-02 11:30:00,EPL,6.21,15.0,14.0,19.0,16.0,15.0,,Not Found,6.65,185.83,19.0,FanDuel,Not Found,3,,2025-11-02 11:49:53
Carolina Panthers @ Green Bay Packers,Carolina Panthers,2025-11-02 13:00:00,NFL,6.27,7.0,7.5,7.4,6.5,7.0,7.13,Not Found,6.45,16.24,7.5,DraftKings,Not Found,2,,2025-11-02 12:17:38
Minnesota Vikings @ Detroit Lions,Minnesota Vikings,2025-11-02 13:00:00,NFL,4.78,4.9,5.1,5.0,5.25,5.0,4.9,Not Found,4.92,6.75,5.25,Fanatics,Not Found,2,,2025-11-02 12:31:01
Indianapolis Colts @ Pittsburgh Steelers,Pittsburgh Steelers,2025-11-02 13:00:00,NFL,2.39,2.4,2.54,2.38,2.45,2.45,2.38,Not Found,2.45,3.74,2.54,DraftKings,Not Found,2,,2025-11-02 12:31:01
Los Angeles Chargers @ Tennessee Titans,Tennessee Titans,2025-11-02 13:02:45,NFL,4.18,4.8,4.25,5.5,4.3,5.5,,Not Found,4.37,25.83,5.5,FanDuel,Not Found,2,,2025-11-02 13:27:36
Denver Broncos @ Houston Texans,Denver Broncos,2025-11-02 13:02:56,NFL,2.18,2.15,2.7,2.82,2.75,2.6,,Not Found,2.28,23.56,2.82,FanDuel,Not Found,2,,2025-11-02 13:27:36
San Francisco 49ers @ New York Giants,New York Giants,2025-11-02 13:02:52,NFL,1.84,2.15,2.3,2.26,2.35,2.15,,Not Found,1.93,21.81,2.35,Fanatics,Not Found,2,,2025-11-02 13:27:36
Atlanta Falcons @ New England Patriots,Atlanta Falcons,2025-11-02 13:02:21,NFL,5.6,6.0,4.6,4.6,4.75,5.5,,Not Found,5.79,3.69,6.0,Caesars,Not Found,2,,2025-11-02 13:27:36
Chicago Bears @ Cincinnati Bengals,Cincinnati Bengals,2025-11-02 13:02:36,NFL,2.14,2.6,3.0,2.58,2.9,2.95,,Not Found,2.22,34.96,3.0,DraftKings,Not Found,2,,2025-11-02 13:43:15
New Orleans Pelicans @ Oklahoma City Thunder,New Orleans Pelicans,2025-11-02 15:30:00,NBA,6.2,6.0,6.0,6.2,6.0,6.75,6.05,Not Found,6.39,5.61,6.75,BetMGM,Not Found,2,,2025-11-02 15:21:41
Tampa Bay Lightning @ Utah Mammoth,Utah Mammoth,2025-11-02 15:38:50,NHL,1.89,1.77,1.8,1.77,2.1,1.91,1.8,Not Found,1.94,8.49,2.1,Fanatics,Not Found,2,,2025-11-02 15:43:03
New Orleans Saints @ Los Angeles Rams,New Orleans Saints,2025-11-02 16:05:00,NFL,8.04,8.0,8.5,8.5,8.0,8.25,8.54,Not Found,8.31,2.3,8.5,FanDuel,Not Found,2,,2025-11-02 15:58:29
