Match,Team,Start Time,League,Pinnacle,Betsson,Nordic Bet,Tipico,Winamax (Fr),Winamax (De),Paddy Power,Fanduel,Sky Bet,Bovada,Betway,Draftkings,Coral,Ladbrokes,Bet Victor,Pointsbet (Au),Betclic (Fr),Sportsbet,1Xbet,Marathon Bet,Betmgm,Virgin Bet,Leovegas (Se),Unibet (Se),Livescore Bet,Unibet,Betrivers,Boylesports,Parions Sport (Fr),Bet Right,Betr,Lowvig.Ag,Betonline.Ag,Playup,Everygame,888Sport,Caesars,Coolbet,Unibet (Fr),Mybookie.Ag,William Hill,Tab,Gtbets,Neds,Betus,Dabble Au,Leovegas,Casumo,Grosvenor,Tabtouch,Unibet (Nl),Unibet (It),Fanatics,Boombet,Betanysports,Random Placed Bet,Suprabets,Best Odds,Best Bookmaker,Result,Scrape Time
Newells Old Boys @ Belgrano de Cordoba,Newells Old Boys,2025-09-22 20:00:00,Primera División - Argentina,5.56,5.25,5.25,,,,5.0,5.3,5.0,4.3,4.75,5.25,,5.0,5.5,,5.0,5.0,5.05,5.1,4.8,4.35,4.4,4.5,4.35,4.5,4.5,5.0,4.65,5.0,5.0,5.4,5.4,5.0,5.25,,,,,,,,,,,,,,,,,,,,,1,,5.56,Pinnacle,Belgrano de Cordoba,2025-09-22 17:12:41
Orix Buffaloes @ Fukuoka SoftBank Hawks,Orix Buffaloes,2025-09-23 01:00:00,NPB,2.21,2.2,2.2,2.15,,,,2.2,,2.15,2.1,2.2,,,,,,,2.15,,,,,,,,,2.15,1.96,,,2.2,2.2,,2.1,2.1,2.15,2.21,,2.13,2.19,,,,2.12,,,,,,,,2.1,,,1,,2.21,Pinnacle,Orix Buffaloes,2025-09-22 17:12:41
Milwaukee Brewers @ San Diego Padres,San Diego Padres,2025-09-22 21:41:00,MLB,1.87,1.79,1.79,1.87,1.8,1.82,1.85,1.83,,1.75,1.83,1.84,1.83,1.82,,1.83,,1.81,1.82,1.81,1.83,1.84,1.83,1.83,1.84,1.82,1.83,1.83,1.78,1.84,1.82,1.86,1.86,1.8,1.86,1.8,1.83,1.84,1.82,1.86,1.8,1.8,1.86,1.82,1.86,1.82,1.85,1.85,1.85,1.82,1.83,1.82,1.83,,,1,,1.87,Pinnacle,San Diego Padres,2025-09-22 17:12:41
Cerezo Osaka @ Kashima Antlers,Draw,2025-09-23 05:00:00,J League,3.65,3.45,3.45,3.4,3.3,3.4,3.3,3.4,3.1,3.45,3.5,3.5,3.3,3.3,,,3.45,3.3,3.54,3.52,3.5,3.6,3.65,3.65,3.6,3.65,3.65,3.4,3.25,3.3,3.25,3.6,3.6,3.5,3.5,3.4,,3.4,3.32,,3.4,,,3.3,,,3.65,3.65,3.65,3.65,3.65,3.65,,,3.6,1,,3.65,Pinnacle,Kashima Antlers,2025-09-22 20:27:59
Avispa Fukuoka @ FC Tokyo,Draw,2025-09-23 05:00:00,J League,3.28,3.1,3.1,3.1,3.0,3.1,3.0,3.1,2.9,3.15,3.1,3.2,3.0,3.0,,,3.12,3.0,3.25,3.22,3.2,3.25,3.3,3.3,3.25,3.3,3.3,3.1,2.95,3.0,2.95,3.2,3.2,3.15,3.15,3.0,,3.15,3.02,,3.0,,,3.0,,,3.3,3.3,3.3,3.3,3.3,3.3,,,3.2,1,,3.3,LeoVegas (SE),FC Tokyo,2025-09-22 20:27:59
Hanshin Tigers @ Yokohama DeNA BayStars,Hanshin Tigers,2025-09-23 01:00:00,NPB,2.37,2.35,2.35,2.25,,,,2.34,,,2.25,2.36,2.25,,,,,,2.29,,2.3,,,,,,,2.25,2.1,,,2.4,2.4,,2.25,2.25,2.3,2.35,,2.26,2.34,,,,2.32,,,,,,,,2.2,,,1,,2.4,BetOnline.ag,Draw,2025-09-22 20:27:59
Nagoya Grampus @ Albirex Niigata,Draw,2025-09-23 01:00:00,J League,3.38,3.2,3.2,3.2,3.1,3.25,3.1,3.3,3.1,3.25,3.2,3.3,3.1,3.1,,,3.22,3.2,3.42,3.4,3.3,3.4,3.45,3.5,3.4,3.5,3.45,3.2,3.05,3.15,3.1,3.35,3.35,3.25,3.25,3.2,,3.3,3.12,,3.2,,,3.1,,,3.5,3.5,3.5,3.5,3.5,3.5,,,3.35,1,,3.5,LeoVegas,Draw,2025-09-22 22:43:34
Chunichi Dragons @ Tokyo Yakult Swallows,Tokyo Yakult Swallows,2025-09-23 05:00:00,NPB,2.22,2.2,2.2,2.05,,,,2.18,,,2.1,2.2,2.15,,,,,,2.18,,2.2,,,,,2.18,2.18,2.15,1.95,,,2.25,2.25,,2.1,2.1,2.15,2.2,,2.13,2.19,,,,2.14,,,,,,,,2.1,,,1,,2.25,LowVig.ag,Chunichi Dragons,2025-09-22 22:49:33
Saitama Seibu Lions @ Chiba Lotte Marines,Saitama Seibu Lions,2025-09-23 05:00:00,NPB,1.85,1.85,1.85,1.75,,,,1.85,,1.8,1.8,1.85,1.8,,,,,,1.88,,1.83,,,,,1.77,1.77,1.8,1.69,,,1.87,1.87,,1.8,1.8,1.83,1.86,,1.81,1.85,,,,1.85,,,,,,,,1.74,,,1,,1.88,1xBet,Chiba Lotte Marines,2025-09-22 22:49:33
Detroit Lions @ Baltimore Ravens,Baltimore Ravens,2025-09-22 20:16:07,NFL,2.63,2.76,2.12,3.2,,,3.5,3.85,,2.1,2.1,3.0,,,2.9,3.2,3.4,,,,3.2,,,3.05,,3.1,3.0,,,,,,,,,2.15,3.9,2.12,,2.7,,,3.63,,,,2.95,,,,3.1,3.1,3.5,,,1,,3.9,Caesars,Detroit Lions,2025-09-22 22:52:23
St. Louis Cardinals @ San Francisco Giants,San Francisco Giants,2025-09-22 21:45:51,MLB,3.16,2.44,2.52,2.3,2.65,2.8,2.62,2.64,,1.68,2.85,2.55,,,,2.85,,,,,2.55,2.6,2.5,2.63,2.6,2.63,2.55,,,,,,,,,2.4,2.5,2.85,,2.65,,2.6,2.5,,,,2.55,2.63,2.55,2.6,2.63,2.63,2.5,,,1,,3.16,Pinnacle,St. Louis Cardinals,2025-09-22 23:24:49
Tohoku Rakuten Golden Eagles @ Hokkaido Nippon-Ham Fighters,Hokkaido Nippon-Ham Fighters,2025-09-23 01:00:00,NPB,1.8,1.78,1.78,1.7,,,,1.75,,,1.71,1.8,1.75,,,,,,1.7,,1.8,,,,,1.68,1.68,,1.61,,,1.8,1.8,,1.65,1.67,1.69,1.72,,1.73,1.71,,,,1.81,,,,,,,,1.69,,,1,,1.81,BetUS,Tohoku Rakuten Golden Eagles,2025-09-23 00:58:08
Urawa Red Diamonds @ Shimizu S Pulse,Shimizu S Pulse,2025-09-23 05:00:00,J League,2.86,2.72,2.72,2.75,2.55,2.65,2.75,2.8,2.7,2.67,2.7,2.8,2.62,2.62,,,2.73,2.75,2.79,2.77,2.75,2.63,2.65,2.65,2.63,2.65,2.65,2.6,2.6,2.75,2.75,2.81,2.81,2.7,2.75,2.7,,2.85,2.65,,2.7,,,2.63,,,2.65,2.65,2.65,2.65,2.65,2.65,,,2.81,1,,2.86,Pinnacle,Draw,2025-09-23 01:25:33
Yomiuri Giants @ Hiroshima Toyo Carp,Hiroshima Toyo Carp,2025-09-23 05:00:00,NPB,1.91,1.88,1.88,1.8,,,,1.91,,1.87,1.83,1.91,1.83,,,,,,1.88,,1.87,,,,,1.89,1.88,1.87,1.73,,,1.91,1.91,,1.85,1.85,1.87,1.91,,1.86,1.91,,,,1.91,,,,,,,,1.83,,,1,,1.91,Coolbet,Hiroshima Toyo Carp,2025-09-23 01:25:33
Yokohama FC @ Fagiano Okayama,Yokohama FC,2025-09-23 05:00:00,J League,2.85,2.72,2.72,2.75,2.55,2.7,2.7,2.8,2.63,2.78,2.75,2.8,2.75,2.75,,,2.74,2.7,2.83,2.81,2.85,2.75,2.8,2.8,2.75,2.8,2.8,2.62,2.6,2.8,2.75,2.8,2.8,2.7,2.75,2.62,,2.9,2.72,,2.62,,,2.75,,,2.8,2.8,2.8,2.8,2.8,2.8,,,2.8,1,,2.9,Coolbet,Draw,2025-09-23 01:57:46
Tokyo Verdy @ Vissel Kobe,Vissel Kobe,2025-09-23 06:03:00,J League,1.21,1.18,1.18,1.15,1.19,1.19,1.17,1.17,1.17,1.7,1.2,1.21,1.2,1.18,,,,,,,1.2,1.17,1.15,1.18,1.17,1.18,,,,,,,,,,1.22,,1.22,1.53,,,,,,,,1.17,1.18,1.17,1.17,1.18,1.18,,,,1,,1.7,Bovada,Vissel Kobe,2025-09-23 06:32:37
Hiroshima Sanfrecce FC @ Kashiwa Reysol,Kashiwa Reysol,2025-09-23 06:03:00,J League,9.43,26.0,26.0,22.0,40.0,40.0,15.0,15.0,13.0,7.25,10.0,23.0,26.0,23.0,,,17.0,,,,34.0,16.0,16.0,17.0,26.0,20.0,,,,,,,,,,23.0,,28.0,,,,,,,,,20.0,20.0,20.0,20.0,20.0,17.0,,,,1,,40.0,Winamax (DE),Draw,2025-09-23 07:57:34
NC Dinos @ Lotte Giants,NC Dinos,2025-09-23 05:30:31,KBO,1.52,,1.48,1.55,,,,1.54,,1.51,1.53,1.56,,,,,,,,,1.5,,,,,1.58,1.53,,,,,,,,,,1.5,1.47,,2.15,,,,,,,,,,,,,1.53,,,1,,2.15,MyBookie.ag,NC Dinos,2025-09-23 07:57:34
Doosan Bears @ Samsung Lions,Samsung Lions,2025-09-23 05:30:27,KBO,1.08,,1.05,1.04,,,,1.04,,,1.05,1.1,,,,,,,,,1.05,,,,,1.03,1.02,,,,,,,,,,1.08,1.04,,1.05,,,,,,,,,,,,,1.05,,,1,,1.1,DraftKings,Samsung Lions,2025-09-23 07:57:34
Girona @ Athletic Bilbao,Girona,2025-09-23 13:00:00,La Liga - Spain,8.22,7.3,7.3,7.8,7.75,8.0,7.5,7.5,7.5,7.0,7.0,7.5,7.0,6.25,8.0,,6.9,7.5,8.1,7.9,6.75,7.0,7.5,7.5,7.0,7.5,7.5,7.0,6.9,7.5,7.5,8.35,8.35,7.25,7.5,,,8.2,7.0,,7.0,,,6.25,7.75,,7.5,7.5,7.5,7.5,8.0,7.5,,,,1,,8.35,BetOnline.ag,Draw,2025-09-23 08:55:29
IF Gnistan @ Ilves Tampere,IF Gnistan,2025-09-23 11:00:00,Veikkausliiga - Finland,6.75,6.1,6.1,,,,6.5,7.0,6.25,6.25,6.0,6.5,5.75,5.75,6.5,6.25,,6.0,6.5,6.65,6.5,5.8,5.8,5.8,5.8,5.8,5.8,5.5,5.5,6.5,6.25,7.0,,6.25,6.0,,,6.95,5.5,,6.5,,6.57,5.75,6.65,,5.8,5.8,5.8,5.8,5.8,5.8,,,7.0,1,,7.0,FanDuel,Ilves Tampere,2025-09-23 08:55:29
SJK Seinäjoki @ KuPS Kuopio,Draw,2025-09-23 11:00:00,Veikkausliiga - Finland,3.74,3.7,3.7,,,,3.4,3.5,3.3,3.8,3.5,3.65,3.5,3.5,3.6,3.5,,3.3,3.72,3.72,3.7,3.7,3.75,3.75,3.7,3.75,3.75,3.4,3.45,3.45,3.4,3.65,3.65,3.5,3.5,,,3.95,3.45,,3.5,,3.8,3.5,3.6,,3.8,3.75,3.75,3.75,3.75,3.75,,,3.65,1,,3.95,Coolbet,KuPS Kuopio,2025-09-23 08:55:29
TPS @ Tappara,TPS,2025-09-23 11:30:00,Liiga,2.76,2.93,2.97,,3.45,3.7,2.62,,,,3.75,2.55,2.7,2.7,,,3.5,,3.71,,,,4.1,3.95,,3.95,2.85,,3.4,,,,,,3.6,2.75,,4.2,,,2.75,,,2.7,,,3.85,3.95,3.95,,3.95,3.95,,,,1,,4.2,Coolbet,TPS Turku,2025-09-23 09:21:46
HJK Helsinki @ FC Inter Turku,FC Inter Turku,2025-09-23 12:00:00,Veikkausliiga - Finland,2.18,2.15,2.15,,,,2.1,2.2,2.15,2.15,2.15,2.2,2.1,2.1,2.1,2.2,,2.1,2.16,2.14,2.15,2.18,2.2,2.2,2.18,2.2,2.2,2.0,1.97,2.2,2.15,2.05,2.05,2.1,2.1,,,2.17,2.01,,2.15,,2.16,2.1,2.2,,2.2,2.2,2.2,2.2,2.2,2.2,,,2.05,1,,2.2,Unibet,Draw,2025-09-23 10:31:58
Gent @ Anderlecht,Gent,2025-09-23 14:30:00,Belgium First Div,4.75,4.4,4.4,4.8,4.1,4.3,4.5,4.8,4.5,4.5,,4.6,4.33,4.25,4.6,4.5,4.35,4.33,4.58,4.55,4.33,4.25,4.3,4.4,4.25,4.4,4.35,4.33,4.1,,4.4,4.2,4.2,4.2,4.5,,,,,,4.33,,,,4.5,,4.4,4.4,4.4,4.35,4.4,4.4,,,,1,4.8,4.8,FanDuel,Anderlecht,2025-09-23 11:58:11
Nancy @ Annecy FC,Nancy,2025-09-23 14:30:00,Ligue 2 - France,2.91,,,2.8,2.7,2.7,2.75,2.85,2.7,,,2.75,,,2.8,2.75,2.7,2.7,2.77,2.77,,2.6,2.6,2.63,2.6,2.63,2.63,2.62,2.7,2.75,2.8,2.77,2.77,2.7,,2.75,,2.85,,,2.75,,,,2.78,,2.65,2.63,2.63,2.63,2.63,2.63,,,,1,,2.91,Pinnacle,Nancy,2025-09-23 11:58:11
Clermont @ Stade de Reims,Clermont,2025-09-23 14:30:00,Ligue 2 - France,6.68,5.9,5.9,6.0,5.9,5.9,5.5,6.0,5.5,6.25,6.0,6.5,5.5,5.5,6.5,6.5,,5.5,6.5,6.55,6.0,5.8,5.8,5.8,5.8,5.8,5.8,5.5,5.8,6.5,6.75,5.8,5.8,6.0,6.0,6.0,,7.0,,,6.0,,,5.5,6.25,,5.8,5.8,5.8,5.8,5.8,5.8,,,,1,6.7,7.0,Coolbet,Stade de Reims,2025-09-23 13:26:36
Saint Etienne @ Amiens,Draw,2025-09-23 14:30:00,Ligue 2 - France,4.35,3.95,3.95,4.0,4.0,4.0,3.8,4.0,3.75,4.15,4.0,4.1,3.75,3.75,4.1,3.9,3.88,3.7,4.15,4.15,4.0,3.8,3.8,3.85,3.8,3.85,3.85,3.8,3.85,3.85,3.9,4.1,4.1,4.0,4.0,3.8,,4.0,,,3.8,,,3.75,4.1,,3.85,3.85,3.85,3.85,3.85,3.85,,,,1,4.33,4.35,Pinnacle,Saint Etienne,2025-09-23 13:26:36
Valencia @ Espanyol,Draw,2025-09-23 12:59:00,La Liga - Spain,,3.4,3.4,3.4,3.25,3.45,3.25,3.5,3.6,3.6,3.6,3.6,3.6,3.6,3.6,,3.25,,,,,3.45,3.5,3.5,3.45,3.5,,,,,,,,,,,,3.5,,,,3.5,,,,,3.4,3.5,3.4,3.4,3.5,3.5,,,,1,,3.6,Coral,Draw,2025-09-23 13:26:36
Brighton and Hove Albion @ Barnsley,Barnsley,2025-09-23 14:45:00,EFL Cup,9.37,9.8,9.8,9.0,9.0,9.5,9.0,9.0,8.0,10.0,10.0,,9.5,8.75,11.0,,,9.0,9.39,10.75,9.75,9.0,9.5,9.5,9.0,9.5,9.5,,,,10.5,8.0,8.0,9.0,,,,11.0,,,9.5,,,8.75,,,10.0,9.5,9.5,9.5,9.5,9.5,,,,1,,11.0,Bet Victor,Brighton and Hove Albion,2025-09-23 14:39:04
Troyes @ Red Star,Draw,2025-09-23 14:30:00,Ligue 2 - France,3.23,2.92,2.92,3.0,2.75,2.9,3.25,3.1,3.0,3.2,2.9,3.0,3.0,2.9,3.2,3.1,2.8,3.0,,3.2,2.95,3.1,3.05,3.15,3.1,3.15,,,3.05,3.1,3.15,3.2,3.2,3.0,3.05,3.0,,3.0,,,3.0,,,3.1,3.1,,3.1,3.15,3.1,3.1,3.15,3.15,,,,1,3.4,3.4,Suprabets,Troyes,2025-09-23 14:39:04
Hibernian @ Falkirk F.C.,Hibernian,2025-09-23 14:45:00,Premiership - Scotland,2.35,2.28,2.28,2.2,,,2.25,2.3,2.25,2.47,2.3,2.3,2.37,2.35,2.3,2.35,,2.2,2.35,2.31,2.35,2.17,2.2,2.25,2.2,2.25,2.2,,2.1,2.3,2.3,2.38,2.38,2.25,2.3,,,2.35,,,2.3,,,2.35,2.3,,2.25,2.23,2.23,2.23,2.25,2.23,,,,1,,2.47,Bovada,Draw,2025-09-23 14:39:04
Grenoble @ Le Mans FC,Grenoble,2025-09-23 14:30:00,Ligue 2 - France,2.14,5.8,5.8,5.0,5.2,,5.5,6.0,5.5,5.5,5.0,5.75,5.5,5.25,2.25,,2.2,,,,5.75,5.2,5.1,5.4,5.2,5.4,,,,,,,,,,5.0,,6.0,,,,,,,,,5.2,5.4,5.2,5.2,5.4,5.4,,,,1,2.15,6.0,FanDuel,Le Mans FC,2025-09-23 15:23:21
Villarreal @ Sevilla,Villarreal,2025-09-23 15:30:00,La Liga - Spain,2.27,1.34,1.34,1.35,1.34,1.36,1.36,1.37,1.36,1.4,1.38,1.4,1.4,1.4,1.36,,1.3,,,,1.36,1.37,1.36,1.36,1.37,1.36,,,,,,,,,,,,1.36,,,,2.25,,,,,1.36,1.36,1.36,1.36,1.36,1.36,,,,1,,2.27,Pinnacle,Villarreal,2025-09-23 15:58:12
Chelsea @ Lincoln City,Draw,2025-09-23 14:45:00,EFL Cup,8.87,8.6,9.5,8.5,9.0,9.5,8.0,8.5,8.0,6.5,10.0,,9.0,9.0,7.5,,,,,,10.0,10.0,9.5,9.5,9.5,9.5,,,,,,,,,,,,10.2,,,,,,,,,8.5,9.5,9.0,10.0,9.5,9.5,,,,1,,10.2,Coolbet,Chelsea,2025-09-23 16:30:18
Cambridge United @ Fulham,Fulham,2025-09-23 14:45:00,EFL Cup,,1.05,1.04,1.02,1.07,1.03,1.02,1.02,1.02,1.06,1.04,,1.04,1.04,1.05,,,,,,1.04,1.04,1.03,1.04,1.04,1.05,,,,,,,,,,,,1.05,,,,,,,,,1.01,1.04,1.03,1.04,1.04,1.04,,,,1,,1.07,Winamax (FR),Fulham,2025-09-23 16:30:18
Pittsburgh Pirates @ Cincinnati Reds,Pittsburgh Pirates,2025-09-23 18:41:00,MLB,2.48,2.37,2.37,2.4,2.35,2.35,2.38,2.44,,2.37,2.4,2.41,2.45,2.45,2.45,2.45,,2.44,2.4,2.39,2.45,2.38,2.38,2.38,2.38,2.35,2.38,2.38,2.3,2.45,2.4,2.48,2.48,2.4,2.5,2.4,2.48,2.43,2.37,2.43,2.3,2.4,2.49,2.45,2.44,2.35,2.4,2.4,2.4,2.35,2.38,2.35,2.4,,,1,,2.5,Everygame,Pittsburgh Pirates,2025-09-23 17:25:10
Tampa Bay Rays @ Baltimore Orioles,Tampa Bay Rays,2025-09-23 18:35:00,MLB,1.97,1.88,1.88,1.85,1.88,1.9,1.87,1.91,,1.88,1.91,1.91,1.91,1.9,1.93,1.9,,1.89,1.88,1.87,1.91,1.87,1.87,1.87,1.87,1.85,1.87,1.87,1.85,1.9,1.88,1.97,1.97,1.88,1.95,1.85,1.91,1.9,1.89,1.92,1.8,1.9,1.97,1.9,1.95,1.92,1.87,1.87,1.87,1.85,1.87,1.85,1.91,,,1,,1.97,Pinnacle,Baltimore Orioles,2025-09-23 17:25:10
Miami Marlins @ Philadelphia Phillies,Philadelphia Phillies,2025-09-23 18:46:00,MLB,1.5,1.47,1.47,1.45,1.46,1.47,1.44,1.49,,1.47,1.5,1.48,1.44,1.44,1.5,1.48,,1.47,1.46,1.45,1.45,1.49,1.48,1.49,1.49,1.47,1.48,1.44,1.45,1.48,1.47,1.51,1.51,1.48,1.53,1.47,1.49,1.48,1.47,1.49,1.5,1.5,1.51,1.45,1.51,1.45,1.49,1.49,1.49,1.47,1.49,1.47,1.49,,,1,,1.53,Everygame,Miami Marlins,2025-09-23 17:57:25
Washington Nationals @ Atlanta Braves,Atlanta Braves,2025-09-23 19:16:00,MLB,1.54,1.51,1.51,1.45,1.47,1.48,1.44,1.51,,1.51,1.5,1.49,1.48,1.48,1.5,1.53,,1.5,1.52,1.51,1.48,1.5,1.5,1.5,1.5,1.49,1.5,,1.46,1.5,1.5,1.53,1.53,1.5,1.53,1.47,1.51,1.51,1.48,1.5,1.5,1.52,1.53,1.48,1.53,1.48,1.5,1.5,1.5,1.49,1.5,1.49,1.51,,,1,,1.54,Pinnacle,Atlanta Braves,2025-09-23 18:59:34
Tacoma Rainiers @ Las Vegas Aviators,Las Vegas Aviators,2025-09-23 22:05:00,MiLB,1.95,,,,,,,,,2.0,1.95,,,,,,,,1.99,,,,,,,,1.95,,,,,,1.95,,,,1.95,,,,,,,,,,,,,,,,,,,1,,2.0,Bovada,Las Vegas Aviators,2025-09-23 22:00:00
Minnesota Twins @ Texas Rangers,Texas Rangers,2025-09-23 20:06:00,MLB,,30.0,30.0,17.0,21.0,22.0,21.0,18.0,,,13.0,15.0,,,,16.0,,,,,17.5,,,,,,,,,,,,,,,,15.0,16.0,,,,,11.94,,,,,,,,,,20.0,,,1,,30.0,Nordic Bet,Minnesota Twins,2025-09-23 23:06:14
Kansas City Royals @ Los Angeles Angels,Kansas City Royals,2025-09-23 21:39:00,MLB,1.05,,,,1.01,1.01,,,,1.61,1.01,,,,,,,,,,1.01,,,,,,,,,,,,,,,,,,,,,,1.03,,,,,,,,,,,,,1,,1.61,Bovada,Kansas City Royals,2025-09-23 23:59:17
Houston Astros @ Oakland Athletics,Houston Astros,2025-09-23 22:06:00,MLB,6.88,45.0,45.0,20.0,42.0,42.0,,21.0,,13.0,17.0,,,,,26.0,,,,,31.0,,,,,,,,,,,,,,,,,19.0,,,,26.0,11.94,,,,,,,,,,31.0,,,1,,45.0,Nordic Bet,Oakland Athletics,2025-09-24 00:32:34
Mazatlán FC @ León,Draw,2025-09-23 23:06:00,Liga MX,,4.6,4.6,1.9,,,,5.5,5.0,,5.0,4.9,,,4.75,,4.05,,,,,4.5,1.64,1.67,4.35,1.67,,,,,,,,,,4.4,,5.0,,,,,,,,,1.66,1.67,1.66,1.67,1.67,1.67,,,,1,,5.5,FanDuel,Draw,2025-09-24 00:32:34
Saitama Seibu Lions @ Chiba Lotte Marines,Saitama Seibu Lions,2025-09-24 05:00:00,NPB,1.78,1.72,1.72,1.75,,,,1.75,,1.74,1.71,1.77,1.67,,,,,,1.79,,1.69,,,,,,,1.73,1.61,,,1.76,1.76,,1.7,1.73,1.74,1.77,,1.72,1.75,,,,1.77,,,,,,,,1.69,,,1,,1.79,1xBet,Chiba Lotte Marines,2025-09-24 01:30:08
Fukuoka SoftBank Hawks @ Tohoku Rakuten Golden Eagles,Tohoku Rakuten Golden Eagles,2025-09-24 05:00:00,NPB,2.58,2.6,2.6,2.5,,,,2.56,,2.6,2.5,2.6,,,,,,,2.56,,,,,,,,,2.5,2.25,,,2.61,2.61,,2.4,2.5,2.6,2.62,,2.48,2.58,,,,2.59,,,,,,,,2.45,,,1,,2.62,Coolbet,Fukuoka SoftBank Hawks,2025-09-24 02:59:15
Kia Tigers @ Kiwoom Heroes,Kia Tigers,2025-09-24 05:30:00,KBO,1.51,1.5,1.5,1.45,,,,1.5,,1.5,1.48,1.52,1.48,,,,,,1.53,,1.5,,,,,1.5,1.5,1.5,1.41,,,1.51,1.51,,1.5,,1.48,,,1.49,1.5,,,,,,,,,,,,1.53,,,1,,1.53,Fanatics,Kia Tigers,2025-09-24 04:37:13
JYP @ Ilves,Ilves,2025-09-24 11:30:00,Liiga,1.35,1.34,1.36,1.6,1.6,1.64,1.36,,,1.38,1.67,1.41,1.4,1.4,,,1.58,,1.66,,,,1.68,1.63,,1.63,1.4,,1.56,,,,,,1.6,1.4,,1.7,,,1.4,,,1.4,,,1.57,1.63,1.63,,1.63,1.63,,,,1,,1.7,Coolbet,JYP,2025-09-24 06:59:01
Ässät @ KalPa,KalPa,2025-09-24 11:30:00,Liiga,1.57,1.56,1.58,1.85,1.84,1.94,1.57,,,1.57,1.91,1.65,1.55,1.55,,,1.86,,1.94,,,,2.05,1.97,,1.97,1.64,,1.83,,,,,,1.91,1.57,,2.07,,,1.57,,,1.55,,,1.93,1.97,1.97,,1.97,1.97,,,,1,,2.07,Coolbet,Assat,2025-09-24 07:24:27
LG Twins @ NC Dinos,LG Twins,2025-09-24 06:00:21,KBO,4.72,,12.0,10.0,,,,13.0,,1.87,10.0,12.0,,,,,,,,,10.5,,,,,12.5,10.0,,,,,,,,,,6.0,5.35,,,,,,,,,,,,,,,9.8,,,1,,13.0,FanDuel,NC Dinos,2025-09-24 08:56:35
SaiPa @ Kiekko-Espoo,SaiPa,2025-09-24 11:30:00,Liiga,1.99,2.03,2.05,2.7,2.55,2.6,2.0,,,1.95,2.6,1.95,1.91,1.91,,,2.48,,2.59,,,,2.75,2.7,,2.7,2.05,,2.4,,,,,,2.55,2.0,,2.82,,,2.0,,,1.91,,,2.6,2.7,2.7,,2.7,2.7,,,,1,,2.82,Coolbet,Kiekko-Espoo,2025-09-24 09:37:17
Pelicans @ HIFK,Pelicans,2025-09-24 11:30:00,Liiga,2.31,2.25,2.32,2.9,2.8,2.85,2.8,,,2.15,2.85,2.2,2.05,2.05,,,2.72,,2.92,,,,3.25,3.15,,3.15,2.32,,,,,,,,2.9,2.2,,3.25,,,2.2,,,2.05,,,3.05,3.15,3.15,,3.15,3.15,,,,1,,3.25,Coolbet,HIFK,2025-09-24 10:59:29
Lukko @ Kärpät,Kärpät,2025-09-24 11:30:00,Liiga,1.95,2.0,2.02,2.6,2.45,2.55,2.0,,,1.91,2.5,1.95,1.83,1.83,,,,,2.53,,,,,2.55,,2.55,1.97,,2.35,,,,,,,2.0,,2.75,,,2.0,,,1.83,,,2.48,2.55,2.55,,2.55,2.55,,,,1,,2.75,Coolbet,Lukko,2025-09-24 11:30:47
Alavés @ Getafe,Alavés,2025-09-24 13:00:00,La Liga - Spain,4.78,4.45,4.45,4.5,4.3,4.5,4.5,4.6,4.5,3.8,4.5,4.6,4.4,4.4,4.75,,4.35,4.5,4.86,4.55,,4.5,4.5,4.6,4.5,4.5,4.5,,4.2,4.4,4.3,4.78,4.78,4.5,4.6,,,4.7,4.35,,4.5,4.5,,4.4,4.6,,4.4,4.5,4.5,4.5,4.7,4.5,,,,1,,4.86,1xBet,Draw,2025-09-24 12:58:53
TPS @ KooKoo,TPS,2025-09-24 11:30:00,Liiga,1.34,1.31,1.31,,1.47,1.5,1.25,,,1.25,1.53,1.29,,,,,1.5,,,,,,1.53,1.57,,1.57,1.27,,,,,,,,,,,1.57,,,,,,,,,1.55,1.57,1.55,,1.57,1.57,,,,1,,1.57,Unibet,KooKoo,2025-09-24 12:58:53
FC Zwolle @ AZ Alkmaar,AZ Alkmaar,2025-09-24 14:00:00,Dutch Eredivisie,1.32,1.3,1.29,1.27,1.25,1.27,1.25,1.27,1.25,1.32,1.3,1.31,1.33,1.3,1.3,1.28,1.24,1.25,1.34,1.32,1.33,1.26,1.27,1.32,1.26,1.3,1.29,,1.24,1.3,1.3,1.32,1.32,1.3,1.28,,,1.32,,,1.3,,,,1.32,,1.3,1.3,1.3,1.29,1.34,1.3,,,,1,,1.34,Unibet (NL),Draw,2025-09-24 13:28:58
Manchester City @ Huddersfield Town,Manchester City,2025-09-24 14:45:00,EFL Cup,1.19,,1.19,1.17,1.15,1.17,1.14,1.18,1.17,1.17,1.22,,1.22,1.22,1.2,,,1.15,1.24,1.23,1.22,1.14,1.19,1.2,1.14,1.2,1.18,1.2,,,1.2,1.2,1.2,1.19,,,,1.22,,,1.22,,,1.22,,,1.21,1.19,1.19,1.19,1.2,1.2,,,,1,,1.24,1xBet,Manchester City,2025-09-24 13:28:58
Arsenal @ Port Vale,Port Vale,2025-09-24 15:00:00,EFL Cup,21.91,32.0,32.0,20.0,22.0,26.0,29.0,36.0,23.0,23.0,23.0,,17.0,17.0,29.0,,,34.0,32.0,30.0,26.0,23.0,25.0,26.0,23.0,26.0,25.0,26.0,,,26.0,20.0,20.0,31.0,,,,30.0,,,23.0,,,17.0,,,26.0,25.0,25.0,25.0,26.0,26.0,,,,1,,36.0,FanDuel,Arsenal,2025-09-24 13:59:25
Bradford City @ Newcastle United,Bradford City,2025-09-24 14:45:00,EFL Cup,19.5,22.0,22.0,14.0,17.0,19.0,13.0,17.0,13.0,16.0,15.0,,19.0,16.0,18.0,,,16.0,21.0,22.0,18.5,19.0,20.0,20.0,19.0,20.0,20.0,,,,19.0,13.0,13.0,19.0,,,,20.0,,,19.0,,,16.0,,,21.0,20.0,20.0,20.0,20.0,20.0,,,,1,,22.0,Nordic Bet,Newcastle United,2025-09-24 13:59:25
Doncaster Rovers @ Tottenham Hotspur,Doncaster Rovers,2025-09-24 14:45:00,EFL Cup,21.58,22.0,22.0,17.0,16.0,18.0,14.0,18.0,13.0,16.0,15.0,,17.0,16.0,20.0,,,16.0,21.0,20.5,17.5,15.0,16.0,16.0,15.0,16.0,16.0,,,,17.0,13.5,13.5,21.0,,,,19.0,,,19.0,,,16.0,,,17.0,16.0,16.0,16.0,16.0,16.0,,,,1,,22.0,Nordic Bet,Tottenham Hotspur,2025-09-24 13:59:25
Lech Poznań @ Raków Częstochowa,Lech Poznań,2025-09-24 12:45:00,Ekstraklasa - Poland,1.12,1.1,1.1,1.07,1.12,1.11,1.1,1.1,1.1,3.25,1.12,1.14,1.11,1.11,1.12,,1.07,,,,1.12,1.14,1.12,1.17,1.14,1.15,,,,,,,,,,1.14,,1.14,,,,,,,,,1.14,1.17,1.14,1.14,1.17,1.17,,,,1,,3.25,Bovada,Draw,2025-09-24 13:59:25
Westerlo @ Club Brugge,Westerlo,2025-09-24 14:30:00,Belgium First Div,7.85,3.65,3.65,4.5,3.6,3.75,4.2,4.3,4.2,7.75,,3.9,3.6,7.25,3.7,4.5,3.4,7.5,8.8,8.0,3.6,3.8,3.6,3.8,3.8,3.9,,,6.4,,7.75,6.7,6.7,7.0,7.0,,,,,,7.5,,,,6.7,,3.8,3.9,3.8,7.5,3.9,3.9,,,,1,7.7,8.8,1xBet,Draw,2025-09-24 14:36:25
Kalmar FF @ Landskrona BoIS,Kalmar FF,2025-09-24 13:05:00,Superettan - Sweden,2.84,3.5,3.5,3.2,,,3.5,3.4,3.25,1.72,3.2,3.5,3.4,3.3,3.12,,,,,,3.0,3.5,3.45,3.6,3.5,3.6,,,,,,,,,,3.3,,3.5,,,,,,,,,3.5,3.6,3.5,,3.6,3.6,,,,1,,3.6,Unibet,Draw,2025-09-24 14:36:25
Cuiabá @ Vila Nova,Draw,2025-09-24 18:00:00,Brazil Série B,2.71,2.62,2.62,2.65,,,2.62,2.7,,2.55,2.7,2.65,2.62,2.63,2.62,2.65,,2.62,2.71,2.71,2.65,2.7,2.75,2.8,2.7,2.8,2.8,2.6,,,,2.7,2.7,2.6,,,,2.7,,,2.62,,,2.63,2.6,,2.8,2.8,2.75,2.75,2.8,2.8,,,,1,,2.8,Unibet (SE),Draw,2025-09-24 15:59:03
Rayo Vallecano @ Atlético Madrid,Draw,2025-09-24 15:32:00,La Liga - Spain,6.35,2.75,2.75,2.7,2.6,2.75,2.62,2.75,2.8,4.2,2.62,2.7,2.7,2.7,2.62,,2.55,,,,2.7,2.6,2.63,2.63,2.6,2.63,,,,,,,,,,,,2.8,,,,,,,,,2.55,2.63,2.6,2.6,2.63,2.63,,,,1,,6.35,Pinnacle,Atlético Madrid,2025-09-24 16:30:36
Botafogo @ Grêmio,Draw,2025-09-24 18:30:00,Brazil Série A,3.06,2.98,2.95,2.9,2.9,3.05,2.8,2.95,2.8,3.05,3.0,3.05,,,3.1,2.95,2.97,2.87,,3.06,3.1,2.95,3.0,3.05,2.95,3.05,3.05,3.0,2.9,2.95,2.95,2.98,2.98,2.9,2.95,,,3.0,3.0,,2.9,,3.16,,3.0,,3.05,3.05,3.05,2.95,3.05,3.05,,,,1,,3.16,GTbets,Draw,2025-09-24 16:30:36
Bahia @ Vasco da Gama,Bahia,2025-09-24 18:30:00,Brazil Série A,3.5,3.35,3.35,3.3,3.0,3.15,3.2,3.3,3.1,3.25,3.2,3.3,3.1,3.1,3.25,3.2,3.1,3.2,3.31,3.26,3.1,3.05,3.1,3.15,3.05,3.15,3.15,,3.0,3.15,3.15,3.23,3.23,3.3,3.3,,,3.4,3.05,,3.1,,3.25,3.1,3.35,,3.15,3.15,3.15,3.05,3.15,3.15,,,,1,,3.5,Pinnacle,Vasco da Gama,2025-09-24 17:58:54
Milwaukee Brewers @ San Diego Padres,San Diego Padres,2025-09-24 16:10:48,MLB,2.74,2.9,2.9,2.9,2.9,3.05,3.0,2.96,,1.65,2.75,2.79,,,2.8,3.0,,,,,2.9,2.95,2.9,3.05,3.05,3.15,3.0,,,,,,,,,2.8,2.75,2.8,,2.7,,2.6,2.95,,,,3.05,3.15,3.05,3.05,3.15,2.88,2.85,,,1,,3.15,Unibet,San Diego Padres,2025-09-24 17:58:54
Miami Marlins @ Philadelphia Phillies,Philadelphia Phillies,2025-09-24 18:46:00,MLB,1.66,1.58,1.58,1.55,1.58,1.6,1.57,1.61,,1.51,1.61,1.61,1.6,1.6,1.61,1.63,,1.59,1.58,1.57,1.61,1.62,1.62,1.62,1.62,1.62,1.62,,1.57,1.61,1.59,1.65,1.65,1.6,1.65,1.6,1.62,1.61,1.59,1.61,1.57,1.6,1.65,1.6,1.65,1.62,1.62,1.62,1.62,1.62,1.62,1.62,1.61,,,1,,1.66,Pinnacle,Miami Marlins,2025-09-24 18:29:14
Tampa Bay Rays @ Baltimore Orioles,Baltimore Orioles,2025-09-24 18:36:00,MLB,,2.34,2.34,2.3,2.3,2.45,2.3,2.4,,1.9,2.3,2.5,,,,2.35,,,,,2.45,2.35,2.3,2.4,2.35,2.4,2.33,,,,,,,,,2.25,2.45,2.35,1.8,2.3,,,2.39,,,,2.35,2.4,2.35,2.35,2.4,2.4,2.4,,,1,,2.5,DraftKings,Baltimore Orioles,2025-09-24 18:59:00
Remo @ Volta Redonda,Remo,2025-09-24 20:30:00,Brazil Série B,4.02,3.7,3.7,3.8,,,3.6,3.7,,3.85,3.75,3.8,3.5,3.5,3.4,3.6,,3.6,3.69,3.7,3.6,3.6,3.65,3.75,3.6,3.75,3.7,3.6,,,,3.65,3.65,3.6,,,,3.6,,,3.6,,,3.5,3.78,,3.7,3.75,3.7,3.65,3.75,3.75,,,,1,,4.02,Pinnacle,Volta Redonda,2025-09-24 19:25:32
Pittsburgh Pirates @ Cincinnati Reds,Cincinnati Reds,2025-09-24 18:42:00,MLB,1.63,1.64,1.64,1.6,1.62,1.68,1.73,1.58,,1.76,1.74,1.64,,,1.6,1.71,,,,,1.57,1.7,1.55,1.71,1.6,1.6,1.56,,,,,,,,,1.57,1.59,1.75,,1.55,1.73,1.7,1.62,,,,1.57,1.6,1.57,1.6,1.6,1.71,1.67,,,1,,1.76,Bovada,Pittsburgh Pirates,2025-09-24 19:25:32
Independiente del Valle @ Once Caldas,Draw,2025-09-24 20:30:00,Copa Sudamericana,3.28,,3.25,,,,3.2,,3.0,3.4,,3.2,,,,,,3.1,3.28,,,3.25,,,3.2,3.25,,,,,,,,,,,,3.3,3.1,,3.1,,,,,,3.2,3.25,,,3.25,3.25,,,,1,,3.4,Bovada,Independiente del Valle,2025-09-24 19:59:38
River Plate @ Palmeiras-SP,River Plate,2025-09-24 20:30:00,Copa Libertadores,1.52,4.6,5.8,6.0,5.0,5.3,5.0,,,5.0,5.5,,7.5,7.0,,,5.0,,,,,9.5,,,5.0,7.5,,,,,,,,,,,,6.0,,,,,,,,,,7.5,7.0,,7.5,8.0,,,,1,,9.5,Virgin Bet,Palmeiras-SP,2025-09-24 22:01:09
Atlas @ Tigres,Draw,2025-09-24 21:02:00,Liga MX,7.85,7.2,7.2,7.5,,,7.5,7.5,7.0,,7.0,8.0,,,8.0,,6.0,,,,,7.0,7.5,8.0,7.0,7.5,,,,,,,,,,7.0,,8.0,,,,,,,,,7.0,7.5,7.0,7.5,7.5,8.0,,,,1,,8.0,DraftKings,Tigres,2025-09-24 22:01:09
Querétaro @ Cruz Azul,Cruz Azul,2025-09-24 20:02:00,Liga MX,5.84,2.02,3.4,3.6,,,4.2,3.8,4.0,,3.75,3.55,,,2.2,,2.85,,,,,3.45,3.4,3.6,3.45,3.75,,,,,,,,,,2.9,,3.6,,,,,,,,,3.45,3.6,3.45,3.65,3.6,3.75,,,,1,,5.84,Pinnacle,Draw,2025-09-24 22:01:09
América @ Atlético San Luis,Atlético San Luis,2025-09-24 23:00:00,Liga MX,5.4,4.95,4.95,5.3,,,5.0,5.3,4.75,,5.0,5.25,,,,,4.55,5.0,4.9,5.0,,4.4,4.4,4.5,4.4,4.5,4.5,4.75,,5.0,,5.5,5.5,,5.0,4.6,,5.25,,,4.6,,,4.5,5.15,,4.4,4.5,4.5,4.5,4.5,4.5,,,,1,,5.5,BetOnline.ag,América,2025-09-24 22:01:09
Kansas City Royals @ Los Angeles Angels,Kansas City Royals,2025-09-24 21:39:00,MLB,4.37,5.41,5.34,5.5,5.0,5.2,5.0,5.2,,4.05,5.0,5.52,,,,5.25,,,,,5.0,5.75,5.6,6.25,5.75,6.25,5.6,,,,,,,,,5.5,4.2,5.4,,3.95,,4.2,5.79,,,,5.75,6.25,5.75,5.75,6.25,6.25,5.1,,,1,,6.25,Unibet (SE),Los Angeles Angels,2025-09-24 23:08:21
Karen Khachanov @ Alexandre Muller,Karen Khachanov,2025-09-24 23:13:00,ATP China Open,1.13,1.07,1.07,,,,1.06,1.07,,1.11,1.08,1.07,1.08,1.07,1.08,1.07,,,,,1.07,1.09,1.09,1.11,1.09,1.09,,,,,,,,,,1.06,1.06,1.09,,,,,,,,,1.09,1.1,1.09,1.09,1.09,1.1,1.06,,,1,,1.13,Pinnacle,Not Found,2025-09-24 23:59:19
Zhizhen Zhang @ Terence Atmane,Zhizhen Zhang,2025-09-25 02:15:00,ATP China Open,2.27,2.29,2.29,,,,2.25,2.34,,2.45,2.4,2.25,2.2,2.2,2.25,2.3,,2.3,2.29,2.34,2.25,2.4,2.4,2.4,2.4,2.4,,2.5,,,2.25,2.53,2.53,2.35,2.15,2.2,2.2,2.3,,,2.2,,2.35,2.2,2.35,,2.4,2.4,2.4,2.4,2.4,2.4,2.25,,,1,,2.53,LowVig.ag,Not Found,2025-09-25 00:33:01
Cristina Bucsa @ Donna Vekic,Cristina Bucsa,2025-09-25 02:00:00,WTA China Open,2.06,1.98,1.98,,,,2.0,2.0,,2.0,2.0,1.95,1.91,1.91,2.0,1.98,,2.0,2.0,2.0,1.95,1.95,1.94,1.94,1.95,1.94,1.94,2.0,,,1.95,2.02,2.02,2.0,1.95,2.0,2.0,2.0,,,2.0,,1.94,1.91,1.95,,1.94,1.94,1.94,1.94,1.94,1.94,2.0,,,1,,2.06,Pinnacle,Not Found,2025-09-25 00:33:01
Janice Tjen @ Aliaksandra Sasnovich,Janice Tjen,2025-09-25 00:30:00,WTA China Open,1.31,1.3,1.3,,,,1.29,1.29,,1.31,1.29,1.33,1.28,1.28,,1.3,,1.28,1.32,,1.29,1.32,1.32,1.32,1.32,1.32,1.32,,,,1.27,1.31,1.31,1.28,1.28,1.3,1.29,1.3,,,1.3,,1.36,1.29,1.3,,1.32,1.32,1.32,1.32,1.32,1.32,1.31,,,1,,1.36,GTbets,Not Found,2025-09-25 00:33:01
Elena Gabriela Ruse @ Rebecca Sramkova,Elena Gabriela Ruse,2025-09-25 00:27:00,WTA China Open,2.31,1.3,1.3,,,,1.25,1.29,,1.54,1.3,1.33,1.22,1.22,1.33,1.27,,,,,1.22,1.29,1.27,1.3,1.29,1.3,1.28,,,,,,,,,1.3,1.53,1.3,,,,,,,,,1.29,1.3,1.29,1.29,1.3,1.3,1.27,,,1,,2.31,Pinnacle,Not Found,2025-09-25 00:59:47
Maria Camila Osorio Serrano @ Ann Li,Maria Camila Osorio Serrano,2025-09-24 23:07:00,WTA China Open,2.1,2.0,2.0,,,,2.1,2.4,,2.1,2.0,1.87,2.45,1.83,2.38,2.2,,,,,2.45,2.38,2.0,2.4,2.06,2.08,2.04,,,,,,,,,,2.05,2.25,,,,,,,,,2.05,2.4,2.05,2.0,2.08,1.72,2.15,,,1,,2.45,Coral,Not Found,2025-09-25 01:30:35
Maya Joint @ Victoria Jimenez Kasintseva,Victoria Jimenez Kasintseva,2025-09-25 02:30:00,WTA China Open,2.89,2.8,2.8,,,,2.8,2.84,,2.8,2.75,2.75,2.62,2.63,,2.78,,2.82,2.73,2.75,2.7,2.8,2.8,2.8,2.8,2.8,2.8,,,,2.75,2.89,2.89,2.8,2.75,2.75,2.9,2.78,,,2.75,,2.76,2.63,2.8,,2.8,2.8,2.8,2.8,2.8,2.8,2.8,,,1,,2.9,Caesars,Not Found,2025-09-25 01:59:30
Camilo Ugo Carabelli @ Alejandro Davidovich Fokina,Camilo Ugo Carabelli,2025-09-25 04:05:00,ATP China Open,5.97,5.4,5.4,,,,5.5,5.8,,5.5,5.5,5.5,5.0,5.0,,5.25,,5.4,5.65,5.65,5.0,5.3,5.3,5.3,5.3,5.3,,6.0,,,5.5,6.05,6.05,5.5,5.0,6.0,5.5,5.5,,,6.0,,5.78,5.0,5.85,,5.3,5.3,5.3,5.3,5.3,5.3,5.5,,,1,,6.05,BetOnline.ag,Not Found,2025-09-25 02:59:01
Chiba Lotte Marines @ Orix Buffaloes,Chiba Lotte Marines,2025-09-25 05:00:00,NPB,2.47,2.45,2.45,2.5,,,,2.46,,2.35,2.35,2.45,2.4,,,,,,2.43,,2.45,,,,,2.35,2.35,2.38,2.15,,,2.57,2.57,,2.3,2.38,2.3,2.45,,2.38,2.38,,,,2.45,,,,,,,,2.35,,,1,,2.57,BetOnline.ag,Chiba Lotte Marines,2025-09-25 02:59:01
Fukuoka SoftBank Hawks @ Tohoku Rakuten Golden Eagles,Fukuoka SoftBank Hawks,2025-09-25 05:00:00,NPB,1.45,1.45,1.45,1.4,,,,1.43,,,1.43,1.46,1.44,,,,,,1.5,,1.45,,,,,1.41,1.41,1.4,1.36,,,1.48,1.48,,1.45,1.44,1.45,,,1.43,1.48,,,,1.47,,,,,,,,1.41,,,1,,1.5,1xBet,Fukuoka SoftBank Hawks,2025-09-25 02:59:01
Anastasia Potapova @ Katerina Siniakova,Anastasia Potapova,2025-09-25 01:54:00,WTA China Open,1.22,1.16,1.16,,,,1.14,1.17,,1.25,1.18,1.22,1.15,1.15,,1.18,,,,,1.16,1.21,1.18,1.21,1.21,1.21,1.19,,,,,,,,,1.17,1.17,1.19,,,,,,,,,1.2,1.21,1.2,1.21,1.21,1.21,1.17,,,1,,1.25,Bovada,Not Found,2025-09-25 02:59:01
Lin Zhu @ Moyuka Uchijima,Moyuka Uchijima,2025-09-25 02:26:00,WTA China Open,5.15,8.25,10.5,,,,34.0,46.0,,2.0,16.0,36.0,15.0,15.0,,19.0,,,,,26.0,13.0,10.5,15.0,14.0,16.0,,,,,,,,,,13.0,11.0,13.0,,,,,,,,,11.5,,,,,,21.0,,,1,,46.0,FanDuel,Not Found,2025-09-25 03:59:03
Hokkaido Nippon-Ham Fighters @ Saitama Seibu Lions,Saitama Seibu Lions,2025-09-25 05:00:00,NPB,2.1,2.1,2.1,2.05,,,,2.08,,2.05,2.0,2.1,2.05,,,,,,2.09,,2.1,,,,,2.05,2.05,2.05,1.87,,,2.1,2.1,,2.0,2.0,2.05,2.1,,2.03,2.08,,,,1.99,,,,,,,,2.0,,,1,,2.1,DraftKings,Saitama Seibu Lions,2025-09-25 03:59:03
Dalma Galfi @ Lois Boisson,Lois Boisson,2025-09-25 04:43:21,WTA China Open,2.0,2.0,2.0,,,,1.8,1.87,,2.0,1.85,1.74,1.83,1.85,1.91,1.83,,1.96,2.02,1.97,1.77,1.8,1.82,1.88,1.8,1.81,1.78,1.91,,,1.95,,,1.95,,1.73,2.05,1.78,,,1.91,,1.95,1.85,,,1.79,1.81,1.79,1.8,1.81,1.81,1.71,,,1,,2.05,Caesars,Not Found,2025-09-25 04:36:22
Yafan Wang @ Suzan Lamens,Suzan Lamens,2025-09-25 05:25:00,WTA China Open,1.75,,,,,,,,,1.77,1.65,,,1.7,,1.72,,,1.74,1.64,,1.71,1.71,1.71,1.71,1.71,1.71,,,,1.71,,,,1.65,,,,,,,,,1.7,1.71,,1.71,1.71,1.71,1.71,1.71,1.71,,,,1,,1.77,Bovada,Not Found,2025-09-25 04:36:22
Emiliana Arango @ Suzan Lamens,Emiliana Arango,2025-09-25 05:30:00,WTA China Open,,2.31,2.31,,,,2.3,2.34,,,2.25,2.25,2.15,2.15,,2.34,,2.32,2.27,2.32,2.18,,,,,,,,,,2.3,,,,,2.38,,2.33,,,2.38,,,,,,,,,,,,2.35,,,1,,2.38,888sport,Not Found,2025-09-25 04:59:07
Marin Cilic @ Jannik Sinner,Jannik Sinner,2025-09-25 07:00:00,ATP China Open,1.02,1.01,1.01,,1.01,1.01,1.01,1.02,,1.01,1.01,1.02,1.02,1.02,1.02,1.02,,1.01,1.01,1.01,1.01,1.02,1.02,1.02,1.02,1.02,,1.02,,,1.01,1.01,1.01,1.02,1.01,1.02,1.01,1.01,,,1.02,,,1.02,,,1.02,1.02,1.02,1.02,1.02,1.02,1.01,,,1,,1.02,Unibet,Not Found,2025-09-25 05:59:32
Yulia Putintseva @ Yue Yuan,Yulia Putintseva,2025-09-25 08:30:00,WTA China Open,2.13,2.09,2.09,,2.0,2.1,2.1,2.1,,2.05,2.1,2.0,2.0,2.0,2.05,2.08,,2.1,2.08,2.08,2.05,2.08,2.08,2.08,2.08,2.08,2.08,2.0,,,2.05,2.15,2.15,2.05,2.0,2.1,1.95,2.1,,,2.1,,2.04,2.0,2.05,,2.08,2.08,2.08,2.08,2.08,2.08,2.1,,,1,,2.15,LowVig.ag,Not Found,2025-09-25 06:33:39
Kiwoom Heroes @ Samsung Lions,Kiwoom Heroes,2025-09-25 05:30:00,KBO,3.05,,2.5,2.6,,,,3.35,,3.05,2.75,2.95,,,,,,,,,3.1,,,,,2.63,2.7,,,,,,,,,,2.6,2.5,,2.5,,,,,,,,,,,,,2.9,,,1,,3.35,FanDuel,Samsung Lions,2025-09-25 06:59:40
KeuPa HT @ Jokerit,KeuPa HT,2025-09-25 11:30:00,Mestis,5.98,6.4,6.4,,,,6.0,,,6.5,9.5,,6.0,6.0,,,,,10.3,,,,10.5,10.5,,10.5,7.0,,,,,,,,,,,,,,,,,,,,10.5,,10.5,,10.5,10.5,,,,1,,10.5,Unibet (SE),Not Found,2025-09-25 07:59:14
FCSB @ Go Ahead Eagles,FCSB,2025-09-25 12:45:00,UEFA Europa League,4.53,4.35,4.3,,4.0,4.1,4.33,4.3,4.2,3.35,4.0,4.3,4.0,4.0,4.1,,4.05,4.2,4.21,4.2,,4.1,4.1,4.3,4.1,4.1,4.1,3.8,3.95,4.1,4.1,4.3,4.3,,4.33,3.9,,4.2,,,3.9,4.25,,4.0,,,,4.2,4.1,4.1,4.25,4.2,,,,1,,4.53,Pinnacle,FCSB,2025-09-25 07:59:14
Bangladesh @ Pakistan,Pakistan,2025-09-25 10:30:00,Asia Cup,1.37,1.31,,,,,1.36,1.37,,1.33,1.4,1.37,1.4,1.4,1.36,1.37,,1.36,,,,1.35,1.35,1.35,1.35,1.35,,1.33,,,,1.39,1.39,,1.33,,,,,,,,,1.4,,,1.35,1.35,1.35,1.35,,,,,,1,,1.4,Betway,Not Found,2025-09-25 07:59:14
SK Brann @ Lille,Lille,2025-09-25 12:45:00,UEFA Europa League,1.46,1.5,1.5,,1.4,1.46,1.44,1.42,1.44,1.49,1.5,1.49,1.48,1.48,1.45,,,1.44,1.49,1.48,,1.44,1.43,1.49,1.44,1.44,1.43,1.44,1.4,1.43,1.45,1.48,1.48,,,1.44,,1.47,,,1.44,1.45,,1.48,1.48,,,1.44,1.43,1.43,1.48,1.45,,,,1,1.52,1.52,Suprabets,Not Found,2025-09-25 09:38:24
Helsingborgs IF @ Sandvikens IF,Helsingborgs IF,2025-09-25 13:00:00,Superettan - Sweden,3.01,2.94,2.94,2.85,,,2.7,2.8,2.7,2.95,2.8,2.95,2.7,2.7,2.8,2.75,,2.62,2.9,2.89,2.75,2.9,2.95,3.0,2.85,2.95,2.88,2.62,,,2.75,2.88,2.88,2.85,2.85,2.75,,3.0,,,2.75,,,,2.88,,2.9,2.9,2.9,2.9,2.95,2.9,,,,1,,3.01,Pinnacle,Helsingborgs IF,2025-09-25 11:59:36
Utsiktens BK @ Östersunds FK,Draw,2025-09-25 13:00:00,Superettan - Sweden,3.33,3.2,3.2,3.0,,,3.25,3.3,3.25,3.5,3.3,3.35,3.25,3.2,3.4,,,,,,3.3,3.2,3.1,3.25,3.2,3.25,,,,,,,,,,3.1,,3.25,,,,,,,,,3.15,3.25,3.15,,3.25,3.25,,,,1,,3.5,Bovada,Östersunds FK,2025-09-25 13:28:21
Örgryte IS @ Trelleborgs FF,Draw,2025-09-25 13:00:00,Superettan - Sweden,3.39,3.15,3.15,3.3,,,3.25,3.2,3.0,3.4,3.1,3.2,3.1,3.0,3.2,,,,,,3.1,3.2,3.1,3.25,3.2,3.25,,,,,,,,,,3.1,,3.14,,,,,,,,,3.15,3.25,3.15,,3.25,3.25,,,,1,,3.4,Bovada,Örgryte IS,2025-09-25 13:28:21
Bologna @ Aston Villa,Draw,2025-09-25 15:00:00,UEFA Europa League,3.49,3.45,3.45,,3.45,3.55,3.4,3.5,3.6,3.4,3.4,3.6,3.6,3.45,3.3,,3.42,3.4,3.67,3.65,,3.4,3.45,3.55,3.4,3.45,3.45,3.4,3.4,3.4,3.4,3.5,3.5,,3.45,3.5,,3.6,,,3.5,3.4,,3.45,3.45,,,3.45,3.4,3.4,3.5,3.45,,,,1,3.59,3.67,1xBet,Aston Villa,2025-09-25 13:59:00
Pittsburgh Pirates @ Cincinnati Reds,Pittsburgh Pirates,2025-09-25 14:01:00,MLB,2.5,2.37,2.37,,2.25,2.4,2.38,2.44,,2.41,2.35,2.4,2.4,2.4,,,,2.44,,,2.4,2.45,2.43,2.45,2.45,2.43,2.43,,,2.45,2.4,2.52,2.52,,2.53,2.4,2.43,2.43,,,,2.4,2.53,2.4,2.46,2.35,2.48,2.48,2.48,2.43,2.45,2.43,2.45,,,1,,2.53,GTbets,Pittsburgh Pirates,2025-09-25 13:59:00
Celta Vigo @ VfB Stuttgart,Draw,2025-09-25 15:00:00,UEFA Europa League,3.59,3.55,3.55,,3.6,3.75,3.5,3.5,3.6,3.8,3.75,3.6,,,3.7,,3.28,3.5,,3.72,,3.5,3.6,3.7,3.5,3.6,3.6,,3.6,3.5,3.5,3.65,3.65,,,3.7,,3.49,,,3.7,3.4,,,3.5,,,3.6,3.6,3.6,3.7,,,,,1,3.71,3.8,Bovada,Not Found,2025-09-25 14:40:13
KRC Genk @ Rangers FC,KRC Genk,2025-09-25 15:00:00,UEFA Europa League,2.93,2.82,2.82,,2.7,2.8,2.8,2.85,2.8,2.7,2.8,2.9,2.8,2.8,2.75,,2.7,2.8,2.81,2.8,,2.75,2.8,2.88,2.75,2.8,2.8,,2.8,2.75,2.75,2.86,2.86,,2.85,2.75,,2.76,,,2.75,2.8,,2.8,2.8,,,2.8,2.8,2.8,2.88,2.85,,,,1,2.94,2.94,Suprabets,Not Found,2025-09-25 14:40:13
Panathinaikos FC @ Young Boys,Panathinaikos FC,2025-09-25 15:00:00,UEFA Europa League,3.02,2.92,2.92,,,2.95,3.0,3.0,3.0,2.95,2.8,2.95,2.9,2.9,2.9,,2.85,3.0,2.98,2.96,,2.88,2.95,3.05,2.88,2.95,3.0,,2.9,2.95,2.95,3.1,3.1,,2.95,2.9,,3.1,,,2.9,2.9,,2.9,3.0,,,2.95,2.9,2.9,3.0,2.95,,,,1,3.06,3.1,Coolbet,Not Found,2025-09-25 14:58:58
Detroit Tigers @ Cleveland Guardians,Detroit Tigers,2025-09-25 18:41:00,MLB,2.27,2.18,2.18,2.15,2.15,2.2,2.2,2.24,,2.2,2.25,2.22,2.2,2.15,,2.25,,2.22,2.28,2.27,2.2,2.23,2.23,2.23,2.23,2.23,2.23,2.2,2.15,2.24,2.2,2.24,2.24,2.2,2.25,2.2,2.22,2.25,2.19,2.26,2.2,,2.27,2.15,2.24,2.15,2.23,2.23,2.23,2.23,2.23,2.23,2.2,,,1,,2.28,1xBet,Cleveland Guardians,2025-09-25 15:23:38
Porto @ Salzburg,Porto,2025-09-25 15:00:00,UEFA Europa League,1.76,,2.02,,,2.0,2.1,2.1,2.1,2.05,2.05,2.0,2.0,1.95,2.0,,1.87,,,,,1.98,1.97,1.97,1.98,1.97,,,,,,,,,,2.05,,2.05,,,,2.0,,,,,,1.97,1.96,1.97,1.97,1.97,,,,1,2.05,2.1,FanDuel,Not Found,2025-09-25 15:23:38
Barcelona @ Oviedo,Barcelona,2025-09-25 15:31:00,La Liga - Spain,1.85,1.8,1.8,1.75,1.72,1.82,1.8,1.91,1.85,1.24,1.83,1.83,1.83,1.83,1.8,,1.75,,,,1.77,1.77,1.77,1.77,1.77,1.77,,,,,,,,,,,,1.85,,,,1.25,,,,,1.75,1.77,1.77,1.77,1.77,1.77,,,,1,,1.91,FanDuel,Barcelona,2025-09-25 16:30:54
Scranton/Wilkes-Barre RailRiders @ Jacksonville Jumbo Shrimp,Scranton/Wilkes-Barre RailRiders,2025-09-25 19:05:00,MiLB,1.87,,,,,,,,,1.87,1.83,,,,,,,,1.89,,,,,,,,1.88,,,,,,1.89,,,,1.87,,,,,,,,,,,,,,,,,,,1,,1.89,1xBet,Not Found,2025-09-25 16:30:54
Chicago White Sox @ New York Yankees,New York Yankees,2025-09-25 19:06:00,MLB,1.34,1.3,1.3,1.28,1.29,1.3,1.29,1.32,,1.32,1.3,1.3,1.33,1.33,,1.31,,1.3,1.34,1.33,1.34,1.3,1.29,1.3,1.3,1.29,1.29,,,1.27,1.31,1.33,1.33,1.3,1.33,1.3,1.3,1.31,1.3,1.31,1.3,1.32,1.33,1.33,1.32,1.3,1.3,1.3,1.3,1.29,1.3,1.29,1.32,,,1,,1.34,1xBet,New York Yankees,2025-09-25 17:23:52
Criciuma @ Coritiba,Criciuma,2025-09-25 18:00:00,Brazil Série B,5.25,4.75,4.75,4.8,,,5.0,5.0,,4.1,4.33,4.9,4.33,4.33,4.5,4.5,,5.0,4.35,4.65,4.5,4.6,4.6,4.75,4.6,4.75,4.7,,,,,5.0,5.0,4.6,,,,4.75,,,4.5,,,4.33,5.0,,4.7,4.75,4.7,4.6,4.75,4.75,,,,1,,5.25,Pinnacle,Criciúma,2025-09-25 17:59:15
LDU Quito @ Sao Paulo,Draw,2025-09-25 18:00:00,Copa Libertadores,4.43,4.25,4.25,4.7,3.95,4.3,4.33,,,4.4,4.33,,4.2,4.2,,4.5,,4.4,4.7,4.55,,4.1,,,4.1,4.35,4.35,,3.95,,4.5,4.3,4.3,4.3,4.2,,,4.7,,,4.6,,,4.2,4.35,,,4.35,4.3,,4.35,4.35,,,,1,4.7,4.7,Coolbet,LDU Quito,2025-09-25 17:59:15
Miami Marlins @ Philadelphia Phillies,Miami Marlins,2025-09-25 18:06:00,MLB,2.35,2.27,2.27,2.3,2.25,2.3,2.25,2.3,,2.36,2.3,2.31,2.4,2.4,,2.35,,2.27,2.36,2.35,2.4,2.4,2.4,2.4,2.4,2.38,2.4,,2.2,2.34,2.3,2.38,2.38,2.3,2.35,2.3,2.35,2.35,2.28,2.34,2.38,2.3,2.39,2.4,2.33,2.3,2.43,2.43,2.43,2.38,2.4,2.38,2.3,,,1,,2.43,Casumo,Philadelphia Phillies,2025-09-25 17:59:15
América Mineiro @ Atletico Goianiense,Draw,2025-09-25 20:30:00,Brazil Série B,3.2,3.15,3.15,3.2,,,3.1,3.2,,3.05,3.2,3.25,3.2,3.2,3.1,3.2,,3.1,,,3.2,3.25,3.3,3.4,3.25,3.4,3.35,3.1,,,,3.25,3.25,3.1,,,,3.2,,,3.1,,,3.2,3.13,,3.35,3.4,3.35,3.3,3.4,3.4,,,,1,,3.4,Unibet,Atletico Goianiense,2025-09-25 18:59:31
Seattle Seahawks @ Arizona Cardinals,Arizona Cardinals,2025-09-25 20:16:00,NFL,2.09,2.05,2.05,2.1,,,2.1,2.08,,2.0,2.1,2.05,2.1,2.1,2.05,2.05,2.0,2.08,,2.06,2.1,,,2.1,,2.06,2.05,,,2.02,2.1,2.1,2.1,2.1,2.05,2.05,2.1,2.16,1.99,2.14,2.0,2.05,2.05,2.1,2.07,,2.08,,,,2.08,2.05,2.1,2.04,,1,,2.16,Coolbet,Seattle Seahawks,2025-09-25 18:59:31
Alianza Lima @ Universidad de Chile,Draw,2025-09-25 20:30:00,Copa Sudamericana,3.39,,3.45,,,,3.2,,3.1,3.3,,3.35,,,,,,3.1,3.62,,,3.2,,,3.2,3.25,,,,,,,,,,,,3.4,3.18,,3.3,,,,,,3.2,3.25,,,3.25,3.25,,,,1,,3.62,1xBet,Universidad de Chile,2025-09-25 19:58:54
Francisco Cerundolo @ Learner Tien,Learner Tien,2025-09-26 00:15:00,ATP China Open,2.11,2.12,2.12,,2.05,2.15,2.0,2.02,,2.0,1.85,2.05,2.0,2.0,2.1,2.1,,2.02,2.1,2.12,2.05,2.1,2.1,2.1,2.1,2.1,,2.1,,,2.0,2.05,2.05,2.05,1.95,2.1,2.0,2.1,,,2.1,,2.05,2.0,1.95,,2.1,2.1,2.1,2.1,2.1,2.1,2.05,,,1,,2.15,Winamax (DE),Not Found,2025-09-25 23:06:55
Arthur Cazaux @ Juncheng Shang,Arthur Cazaux,2025-09-26 00:15:00,ATP China Open,1.89,1.94,1.94,,1.92,2.0,1.91,1.94,,1.95,1.95,1.87,1.91,1.91,1.91,1.9,,1.94,1.92,,1.91,1.98,1.97,1.97,1.98,1.97,,1.91,,,1.89,1.87,1.87,1.85,1.8,1.85,1.8,1.91,,,1.85,,1.88,1.91,1.83,,1.97,1.97,1.97,1.97,1.97,1.97,1.95,,,1,,2.0,Winamax (DE),Not Found,2025-09-25 23:06:55
Jakub Mensik @ Miomir Kecmanovic,Jakub Mensik,2025-09-25 23:10:00,ATP China Open,1.51,1.47,1.47,,1.47,1.5,1.44,1.49,,1.5,1.44,1.5,1.48,1.48,1.45,1.48,,1.44,1.5,1.47,1.48,1.49,1.49,1.49,1.49,1.49,,1.4,,,1.49,1.51,1.51,1.48,,1.5,1.45,1.5,,,1.53,,,1.48,1.48,,1.49,1.49,1.49,1.49,1.49,1.49,1.45,,,1,,1.53,William Hill,Not Found,2025-09-25 23:06:55
Bu Yunchaokete @ Alex de Minaur,Alex de Minaur,2025-09-26 01:00:00,ATP China Open,1.22,1.19,1.19,,1.18,1.21,1.17,1.18,,1.2,1.18,1.19,1.18,1.18,1.2,1.18,,1.17,1.22,1.21,1.18,1.19,1.19,1.19,1.19,1.19,,1.2,,,1.19,1.19,1.19,1.19,1.18,1.2,1.14,1.2,,,1.2,,1.16,1.18,1.18,,1.19,1.19,1.19,1.19,1.19,1.19,1.2,,,1,,1.22,Pinnacle,Not Found,2025-09-25 23:06:55
Anna Bondár @ Veronika Kudermetova,Anna Bondár,2025-09-26 02:00:00,WTA China Open,2.85,2.85,2.85,,2.75,2.95,2.88,2.96,,3.1,3.0,2.95,2.62,2.63,2.75,2.78,,2.95,2.86,2.88,2.7,2.8,2.8,2.8,2.8,2.8,2.8,2.75,,,2.75,2.8,2.8,2.7,2.75,2.75,2.75,2.8,,,2.75,,2.8,2.63,2.75,,2.8,2.8,2.8,2.8,2.8,2.8,2.8,,,1,,3.1,Bovada,Not Found,2025-09-26 00:32:52
Caty McNally @ Elena Rybakina,Elena Rybakina,2025-09-26 01:00:00,WTA China Open,1.21,1.2,1.2,,1.18,1.2,1.17,1.18,,1.2,1.22,1.19,1.18,1.18,1.2,1.18,,1.17,1.21,1.2,1.19,1.19,1.19,1.19,1.19,1.19,1.19,,,,1.18,,,1.19,1.16,1.17,1.17,1.19,,,1.17,,1.18,1.18,1.18,,1.19,1.19,1.19,1.19,1.19,1.19,1.19,,,1,,1.22,Betway,Not Found,2025-09-26 00:32:52
Flavio Cobolli @ Andrey Rublev,Flavio Cobolli,2025-09-25 23:13:00,ATP China Open,1.68,1.42,1.42,,1.39,1.42,1.4,1.42,,1.5,1.4,1.44,1.44,1.44,1.44,1.42,,,,,1.43,1.38,1.35,1.38,1.38,1.38,,,,,,,,,,1.44,1.53,1.36,,,,,,,,,1.36,1.38,1.36,1.38,1.38,1.38,1.42,,,1,,1.68,Pinnacle,Not Found,2025-09-26 00:59:37
Cameron Norrie @ Daniil Medvedev,Cameron Norrie,2025-09-26 02:15:00,ATP China Open,3.69,3.2,3.2,,3.15,3.35,3.2,3.3,,3.2,3.2,3.45,3.4,3.4,3.4,3.2,,3.27,3.42,3.38,3.4,3.25,3.25,3.25,3.25,3.25,,,,,3.3,,,3.6,3.3,3.5,3.0,3.35,,,3.5,,3.42,3.4,3.35,,3.25,3.25,3.25,3.25,3.25,3.25,3.2,,,1,,3.69,Pinnacle,Not Found,2025-09-26 01:30:09
Magda Linette @ Marie Bouzkova,Marie Bouzkova,2025-09-26 00:45:00,WTA China Open,1.2,1.47,1.47,,1.25,1.26,1.5,1.54,,1.36,1.55,1.54,1.53,1.53,1.33,1.5,,,,,1.53,1.26,1.43,1.47,1.26,1.47,1.44,,,,,,,,,1.44,1.29,1.52,,,,,,,,,1.44,1.47,1.44,1.45,1.47,1.47,1.48,,,1,,1.55,Betway,Not Found,2025-09-26 01:30:09
Tallon Griekspoor @ Corentin Moutet,Corentin Moutet,2025-09-26 03:05:00,ATP China Open,1.79,1.7,1.7,,1.68,1.74,1.62,,,1.69,1.65,1.71,1.7,1.7,,1.71,,1.65,1.75,1.75,1.69,1.68,1.68,1.68,1.68,1.68,,1.73,,,1.67,1.78,1.78,1.75,1.7,,1.71,1.73,,,1.73,,1.75,1.7,1.74,,1.68,1.68,1.68,1.68,1.68,1.68,1.71,,,1,,1.79,Pinnacle,Not Found,2025-09-26 01:59:00
Paula Badosa @ Antonia Ruzic,Paula Badosa,2025-09-26 02:30:00,WTA China Open,1.4,1.39,1.39,,1.36,1.39,1.36,1.37,,1.4,1.38,1.42,1.4,1.4,,1.38,,1.36,1.39,,1.4,1.38,1.38,1.38,1.38,1.38,1.38,,,,1.38,,,1.38,,1.4,1.38,1.39,,,1.4,,1.42,1.4,1.39,,1.38,1.38,1.38,1.38,1.38,1.38,1.38,,,1,,1.42,DraftKings,Not Found,2025-09-26 01:59:00
McCartney Kessler @ Elise Mertens,Elise Mertens,2025-09-26 03:30:00,WTA China Open,1.74,1.64,1.64,,1.6,1.66,1.62,1.62,,1.65,1.6,1.74,1.7,1.7,1.7,1.67,,1.6,1.71,1.69,1.69,1.62,1.62,1.62,1.62,1.62,1.62,1.67,,,1.62,1.74,1.74,1.68,1.65,1.57,1.69,1.66,,,1.57,,1.71,1.7,1.71,,1.62,1.62,1.62,1.62,1.62,1.62,1.67,,,1,,1.74,DraftKings,Not Found,2025-09-26 02:40:55
Jelena Ostapenko @ Priscilla Hon,Jelena Ostapenko,2025-09-26 04:30:00,WTA China Open,1.61,1.53,1.53,,1.5,1.54,1.5,,,1.51,1.5,1.61,1.53,1.53,,1.55,,1.49,1.53,1.51,1.54,1.5,1.5,1.5,1.5,1.5,1.5,,,,1.57,1.59,1.59,1.58,,1.57,1.53,1.55,,,1.57,,1.58,1.53,1.56,,1.5,1.5,1.5,1.5,1.5,1.5,1.56,,,1,,1.61,DraftKings,Not Found,2025-09-26 03:59:01
Hiroshima Toyo Carp @ Tokyo Yakult Swallows,Tokyo Yakult Swallows,2025-09-26 05:00:00,NPB,2.17,2.15,2.15,2.2,,,,2.18,,2.35,2.2,2.2,2.15,,,,,,2.23,,2.2,,,,,2.18,2.18,,1.93,,,2.22,2.22,,2.1,2.1,2.2,2.21,,2.12,2.28,,,,2.06,,,,,,,,2.1,,,1,,2.35,Bovada,Tokyo Yakult Swallows,2025-09-26 04:59:15
Ekaterina Alexandrova @ Barbora Krejcikova,Barbora Krejcikova,2025-09-26 05:30:00,WTA China Open,2.27,2.28,2.28,,2.15,2.25,2.3,2.3,,2.25,2.25,2.1,2.2,2.2,,2.25,,2.27,2.25,2.22,2.25,2.28,2.28,2.28,2.28,2.28,2.28,,,,2.2,2.24,2.24,2.12,,2.3,2.2,2.25,,,2.3,,2.15,2.2,2.15,,2.28,2.28,2.28,2.28,2.28,2.28,2.25,,,1,,2.3,FanDuel,API Error,2025-09-26 04:59:15
Meizhou Hakka @ Shanghai Shenhua FC,Meizhou Hakka,2025-09-26 06:00:00,Super League - China,12.52,11.0,11.0,12.0,9.5,11.0,11.0,10.5,,13.0,10.0,11.0,,9.5,11.5,12.0,,11.0,13.3,13.0,,9.5,9.5,10.0,9.5,10.0,10.0,,9.5,11.0,,10.5,10.5,11.0,11.0,,,12.0,9.75,,11.0,,11.65,9.5,12.0,,9.5,,10.0,10.0,10.0,10.0,,,,1,,13.3,1xBet,Shanghai Shenhua FC,2025-09-26 05:30:09
Sorana Cirstea @ Karolina Muchova,Karolina Muchova,2025-09-26 07:00:00,WTA China Open,1.7,1.74,1.74,,1.64,1.7,1.73,1.74,,1.8,1.75,1.67,1.65,1.65,,1.72,,1.72,1.7,1.68,1.67,1.67,1.67,1.67,1.67,1.67,1.67,1.8,,,1.7,1.67,1.69,1.63,1.62,1.8,1.69,1.71,,,1.8,,1.68,1.65,,,1.67,1.67,1.67,1.67,1.67,1.67,1.71,,,1,,1.8,888sport,API Error,2025-09-26 05:30:09
Cronulla Sutherland Sharks @ Melbourne Storm,Melbourne Storm,2025-09-26 05:52:00,NRL,1.3,,,,,,,,,1.36,,,1.33,1.38,,1.37,,1.35,,1.38,,,1.26,1.29,,1.29,1.34,,,1.35,1.33,,1.31,1.35,,,,,,,,1.35,,1.38,1.4,1.35,1.29,1.29,1.29,1.29,1.29,,,1.34,,1,,1.4,BetUS,Melbourne Storm,2025-09-26 05:58:56
Hokkaido Nippon-Ham Fighters @ Saitama Seibu Lions,Hokkaido Nippon-Ham Fighters,2025-09-26 05:01:55,NPB,2.01,2.12,2.12,2.1,,,,1.88,,,1.95,2.0,,,,,,,,,2.55,,,,,,,,,,,,,,,,2.15,2.11,,1.8,,,,,,,,,,,,,1.91,,,1,,2.55,BetMGM,Hokkaido Nippon-Ham Fighters,2025-09-26 06:33:08
Katie Volynets @ Belinda Bencic,Belinda Bencic,2025-09-26 07:30:00,WTA China Open,1.43,1.4,1.4,,1.36,1.39,1.36,1.37,,1.42,1.38,1.42,1.4,1.4,,1.4,,1.36,1.43,1.42,1.4,1.37,1.36,1.36,1.37,1.36,1.36,1.4,,,1.4,1.42,1.42,1.4,1.4,1.4,1.38,1.41,,,1.4,,1.4,1.4,,,1.36,1.36,1.36,1.36,1.36,1.36,1.4,,,1,,1.43,Pinnacle,API Error,2025-09-26 06:33:08
Dalian Yingbo @ Beijing FC,Dalian Yingbo,2025-09-26 07:35:00,Super League - China,5.19,,,5.2,5.0,5.4,5.0,5.7,,6.5,5.0,5.0,,5.0,,5.5,,5.0,6.1,6.0,,5.4,5.6,5.6,5.4,5.6,5.6,,4.85,5.5,,4.95,4.95,5.0,,,,5.75,,,5.5,,5.52,5.0,5.05,,5.6,,5.6,5.6,5.6,5.6,,,,1,,6.5,Bovada,Beijing FC,2025-09-26 06:58:53
Fukuoka SoftBank Hawks @ Tohoku Rakuten Golden Eagles,Tohoku Rakuten Golden Eagles,2025-09-26 05:00:26,NPB,1.49,1.54,3.7,3.7,,,,4.4,,1.49,4.0,4.1,,,,,,,,,3.7,,,,,4.1,3.85,,,,,,,,,3.4,1.42,3.55,,1.45,,,,,,,,,,,,,3.55,,,1,,4.4,FanDuel,Fukuoka SoftBank Hawks,2025-09-26 07:24:55
Chengdu Rongcheng FC @ Zhejiang,Zhejiang,2025-09-26 08:00:00,Super League - China,8.86,9.6,9.6,8.0,8.5,9.5,9.0,10.0,,9.0,9.0,10.5,,,9.5,,,,,,,10.0,9.5,11.0,10.0,11.0,,,,,,,,,,,,11.0,,,,,,,,,10.0,,10.0,10.0,11.0,11.0,,,,1,,11.0,Unibet,Draw,2025-09-26 09:24:38
Wuhan Three Towns @ Shanghai SIPG FC,Draw,2025-09-26 08:00:00,Super League - China,8.9,7.7,7.7,9.0,7.75,8.0,8.0,8.0,,9.5,7.5,8.0,,,8.5,,,,,,,7.5,7.0,8.0,7.5,8.0,,,,,,,,,,,,8.5,,,,,,,,,7.5,,7.5,7.5,8.0,8.0,,,,1,,9.5,Bovada,Shanghai SIPG FC,2025-09-26 09:24:38
Sri Lanka @ India,India,2025-09-26 10:30:00,Asia Cup,1.17,1.17,,,,,1.2,1.21,,1.2,1.22,1.17,1.22,1.24,1.2,,,1.2,,,,1.2,1.2,1.2,1.2,1.2,,1.22,,,,1.2,1.2,,1.2,,,,,,,,,1.24,,,1.2,1.2,1.2,1.2,,,,,,1,,1.24,Ladbrokes,API Error,2025-09-26 09:24:38
Samsung Lions @ Lotte Giants,Lotte Giants,2025-09-26 05:30:00,KBO,1.05,,,1.04,,,,1.16,,,1.11,1.13,,,,,,,,,1.12,,,,,1.13,1.12,,,,,,,,,,1.2,,,,,,,,,,,,,,,,1.11,,,1,,1.2,Caesars,Lotte Giants,2025-09-26 09:24:38
Bakhtiyar Abdulaev @ Darragh Kelly,Bakhtiyar Abdulaev,2025-09-26 11:00:00,MMA,,,,,,,,7.1,,,,,,6.8,,,,,,,,,5.4,5.4,,5.4,,,,,,,,,,,,,,,,,,6.8,,,5.4,,5.4,,5.4,,,,,1,,7.1,FanDuel,API Error,2025-09-26 09:58:55
Jan Cieplowski @ Dean Garnett,Jan Cieplowski,2025-09-26 11:00:00,MMA,,,,,,,,,,,,,,1.3,,,,,,,,,1.3,1.3,,1.3,,,,,,,,,,,,,,,,,,1.3,,,1.3,,1.3,,1.3,,,,,1,,1.3,Unibet,API Error,2025-09-26 09:58:55
Aleksandr Chizov @ Claudio Pacella,Claudio Pacella,2025-09-26 11:00:00,MMA,,,,,,,,2.36,,,,,,2.3,,,,,,,,,2.06,2.06,,2.06,,,,,,,,,,,,,,,,,,2.3,,,2.06,,2.06,,2.06,,,,,1,,2.36,FanDuel,API Error,2025-09-26 10:31:28
Jhony Gregory @ Boris Mbarga Atangana,Jhony Gregory,2025-09-26 11:00:00,MMA,,,,,,,,9.7,,,,,,8.75,,,,,,,,,7.5,7.5,,7.5,,,,,,,,,,,,,,,,,,8.75,,,7.5,,7.5,,7.5,,,,,1,,9.7,FanDuel,API Error,2025-09-26 10:59:33
Mark Ewen @ Sebastien Di Franco,Mark Ewen,2025-09-26 11:00:00,MMA,,,,,,,,1.34,,,,,,1.3,,,,,,,,,1.29,1.29,,1.29,,,,,,,,,,,,,,,,,,1.3,,,1.29,,1.29,,1.29,,,,,1,,1.34,FanDuel,API Error,2025-09-26 10:59:33
Jokerit @ TUTO Hockey,TUTO Hockey,2025-09-26 11:30:00,Mestis,2.98,1.2,1.2,,,,1.25,,,,1.29,,,,,,,,,,,,1.27,1.3,,1.3,1.16,,,,,,,,,,,,,,,,,,,,1.29,,,,1.3,1.3,,,,1,,2.98,Pinnacle,API Error,2025-09-26 12:35:50
Ässät @ Ilves,Ilves,2025-09-26 11:30:00,Liiga,1.48,1.6,1.57,2.05,1.94,2.0,1.53,,,1.59,2.05,1.56,,,,,2.0,,,,,,2.06,2.12,,2.12,1.55,,,,,,,,,,,2.2,,,,,,,,,2.1,2.12,2.1,,2.12,2.12,,,,1,,2.2,Coolbet,Assat,2025-09-26 12:35:50
VfB Stuttgart II @ FC Energie Cottbus,Draw,2025-09-26 13:00:00,3. Liga - Germany,4.04,3.75,3.8,4.1,,3.95,3.6,,3.4,3.7,3.75,,3.6,3.6,3.8,,,3.5,,,,3.8,3.8,3.8,3.8,3.8,,,,,,3.7,3.7,3.85,,,,3.75,,,,,,3.6,,,3.8,3.8,3.8,3.8,,3.8,,,,1,,4.1,Tipico,API Error,2025-09-26 12:59:04
Jukurit @ SaiPa,SaiPa,2025-09-26 11:30:00,Liiga,1.11,1.09,1.1,1.18,1.19,1.19,1.17,,,1.1,1.2,1.1,,,,,1.18,,,,,,1.23,1.28,,1.28,1.1,,,,,,,,,,,1.22,,,,,,,,,1.25,1.28,1.25,,1.28,1.28,,,,1,,1.28,Unibet,Jukurit,2025-09-26 12:59:04
Fortuna Sittard @ FC Twente Enschede,Fortuna Sittard,2025-09-26 14:00:00,Dutch Eredivisie,7.63,7.3,7.18,7.2,6.0,6.75,7.0,7.0,7.0,6.25,7.0,7.0,7.0,7.0,7.5,7.0,6.5,7.0,7.39,7.3,7.0,6.75,6.75,7.0,6.75,7.0,7.0,,6.2,7.0,7.25,6.2,6.2,6.75,7.25,,,7.5,,,7.0,,,,7.42,,7.0,7.0,7.0,7.0,7.5,7.0,,,,1,,7.63,Pinnacle,FC Twente Enschede,2025-09-26 13:27:23
Le Mans FC @ Clermont,Draw,2025-09-26 14:00:00,Ligue 2 - France,3.17,3.05,3.05,2.95,3.1,,2.9,3.0,2.9,3.0,3.1,3.15,3.0,3.0,3.12,3.0,3.0,2.87,3.14,3.12,3.1,3.25,3.25,3.25,3.25,3.25,3.25,,3.0,3.0,3.05,3.1,3.1,3.0,3.0,2.9,,3.1,,,2.9,,,3.0,3.0,,3.25,3.25,3.25,3.25,3.25,3.25,,,,1,3.21,3.25,Unibet,Draw,2025-09-26 13:27:23
KooKoo @ Kärpät,KooKoo,2025-09-26 12:30:00,Liiga,1.78,1.82,1.84,,2.05,2.15,1.73,,,,2.2,1.95,,,,,2.1,,,,,,2.23,2.3,,2.3,1.77,,,,,,,,,,,2.25,,,,,,,,,2.28,2.3,2.28,,2.3,2.3,,,,1,,2.3,Unibet,KooKoo,2025-09-26 13:27:23
Deportes Iquique @ Colo Colo,Draw,2025-09-26 18:00:00,Primera División - Chile,4.68,4.45,4.4,4.6,4.1,4.4,4.2,4.4,4.0,4.3,4.33,4.6,4.2,4.2,4.4,4.25,,4.0,4.4,,4.4,4.2,4.3,4.3,4.25,4.3,4.3,4.2,4.05,,4.1,4.25,4.25,4.4,4.33,,,4.5,4.05,,,,4.37,4.2,4.3,,,,4.3,4.3,,,,,4.25,1,,4.68,Pinnacle,API Error,2025-09-26 14:59:43
Pau FC @ Rodez AF,Pau FC,2025-09-26 14:00:00,Ligue 2 - France,3.37,3.3,3.3,3.1,3.15,3.3,3.5,3.5,3.25,3.75,3.4,3.45,3.25,3.2,3.5,,3.2,,,,3.25,3.35,3.25,3.4,3.35,3.4,,,,,,,,,,3.2,,3.4,,,,,,,,,3.3,3.4,3.3,3.35,3.4,3.4,,,,1,3.55,3.75,Bovada,Pau FC,2025-09-26 14:59:43
Derry City @ Drogheda United,Drogheda United,2025-09-26 14:47:00,League of Ireland,3.46,3.3,3.3,3.6,3.2,3.3,2.75,2.95,3.25,3.75,3.25,3.5,3.25,3.2,,3.25,,3.3,,3.58,3.2,3.2,3.1,3.25,3.2,3.25,,,,,,,3.15,,,,,3.4,3.28,,3.5,,,,,,3.2,3.25,3.2,3.2,3.25,3.35,,,,1,,3.75,Bovada,Draw,2025-09-26 14:59:43
Chicago White Sox @ Washington Nationals,Washington Nationals,2025-09-26 18:46:00,MLB,1.8,1.76,1.76,1.7,1.7,1.74,1.75,1.77,,1.75,1.77,1.76,1.75,1.75,1.73,1.77,,1.75,1.77,1.76,1.77,1.77,1.76,1.77,1.79,1.77,1.76,1.73,,1.76,1.75,1.78,1.78,1.77,1.79,1.73,1.77,1.77,1.74,1.75,1.73,1.75,1.78,1.75,1.79,1.75,1.79,1.79,1.79,1.77,1.79,1.77,1.77,,,1,,1.8,Pinnacle,Chicago White Sox,2025-09-26 14:59:43
Espanyol @ Girona,Draw,2025-09-26 15:00:00,La Liga - Spain,2.65,2.4,2.4,2.4,2.3,2.4,2.38,2.4,2.45,2.5,2.5,2.4,2.37,2.37,2.45,,2.35,,,,,2.48,2.48,2.5,2.48,2.5,,,,,,,,,,,,2.5,,,,2.4,,,,,2.43,2.5,2.48,2.48,2.5,2.5,,,,1,,2.65,Pinnacle,Draw,2025-09-26 16:00:00
Marseille @ Strasbourg,Strasbourg,2025-09-26 14:45:00,Ligue 1 - France,1.44,8.2,8.2,8.0,7.0,7.5,9.0,8.5,9.0,3.35,8.0,8.0,7.5,7.5,8.5,,7.5,,,,8.0,8.5,8.5,8.5,8.5,8.5,,,,,,,,,,,,8.5,,,,1.4,,,,,8.0,8.5,8.5,8.5,8.5,,,,,1,1.47,9.0,Paddy Power,Marseille,2025-09-26 16:29:51
Gil Vicente @ Benfica,Draw,2025-09-26 15:15:00,Primeira Liga - Portugal,5.67,6.3,6.3,5.5,6.25,6.5,6.5,6.0,7.5,5.5,6.5,7.0,6.5,6.5,6.0,6.5,5.55,,,,6.25,6.75,6.4,7.0,6.75,7.0,,,,,,,,,,,,7.0,,,,,,,,,6.5,7.0,6.5,,7.0,7.0,,,,1,,7.5,Sky Bet,Benfica,2025-09-26 16:59:06
San Martin de San Juan @ Platense,San Martin de San Juan,2025-09-26 18:00:00,Primera División - Argentina,5.26,4.8,4.8,,,,4.75,5.0,4.75,5.0,4.5,5.0,,4.8,5.0,,4.65,4.75,4.84,4.9,4.6,4.6,4.75,4.8,4.6,4.8,4.75,5.0,4.55,4.5,4.4,5.3,5.3,4.85,5.0,,,,,,,,,,,,,,,,,,,,,1,,5.3,BetOnline.ag,Draw,2025-09-26 16:59:06
Union Santa Fe @ Banfield,Banfield,2025-09-26 18:00:00,Primera División - Argentina,3.18,3.15,3.15,,,,3.0,3.1,3.0,3.1,3.0,3.05,,3.0,3.0,,2.93,3.0,2.93,2.98,2.95,2.75,2.85,2.88,2.75,2.88,2.85,2.9,2.85,2.95,2.85,3.13,3.13,3.1,3.1,,,,,,,,,,,,,,,,,,,,,1,,3.18,Pinnacle,API Error,2025-09-26 16:59:06
Florida State Seminoles @ Virginia Cavaliers,Florida State Seminoles,2025-09-26 19:00:00,NCAAF,1.41,1.38,1.38,,,,1.44,1.41,,1.37,,1.36,1.36,1.36,,1.37,,1.4,,1.39,1.36,,1.36,1.36,,1.36,1.36,,,1.37,1.36,1.4,1.4,1.38,1.39,,1.36,1.37,,1.37,,1.4,1.38,1.36,1.4,1.37,1.36,,,,1.36,1.36,1.38,,,1,,1.44,Paddy Power,API Error,2025-09-26 16:59:06
Baltimore Orioles @ New York Yankees,Baltimore Orioles,2025-09-26 19:06:00,MLB,2.24,2.18,2.18,2.2,2.15,2.2,2.15,2.2,,2.25,2.25,2.22,2.25,2.25,2.25,2.2,,2.17,2.25,2.24,2.25,2.2,2.2,2.2,2.2,2.2,2.2,,2.15,2.24,2.2,2.22,2.22,2.2,2.25,2.2,2.18,2.25,2.19,2.24,2.3,2.2,2.25,2.25,2.26,2.15,2.23,2.23,2.23,2.18,2.2,2.18,2.2,,,1,,2.3,William Hill,New York Yankees,2025-09-26 18:28:36
León @ FC Juárez,Draw,2025-09-26 21:00:00,Liga MX,3.57,3.45,3.45,3.5,,,3.3,3.5,3.25,,3.5,3.45,,,3.5,,3.28,3.4,3.85,3.52,,3.5,3.55,3.65,3.55,3.65,3.6,3.3,,3.35,,3.63,3.63,,3.4,3.3,,3.5,,,3.3,,3.49,3.25,3.4,,3.55,3.65,3.65,3.6,3.65,3.65,,,,1,,3.85,1xBet,FC Juárez,2025-09-26 19:59:01
Houston Astros @ Los Angeles Angels,Houston Astros,2025-09-26 21:38:00,MLB,1.79,1.72,1.72,1.7,1.72,1.74,1.73,1.75,,1.75,1.77,1.75,1.73,1.72,1.75,1.74,,1.73,1.75,1.74,1.74,1.74,1.73,1.74,1.74,1.72,1.73,1.73,1.7,1.76,1.74,1.8,1.8,1.72,1.78,1.73,1.77,1.75,1.73,1.76,1.73,1.75,1.8,1.72,1.8,1.75,1.74,1.74,1.74,1.72,1.74,1.72,1.74,,,1,,1.8,GTbets,Los Angeles Angels,2025-09-26 19:59:01
Kansas City Royals @ Oakland Athletics,Oakland Athletics,2025-09-26 22:06:00,MLB,2.1,2.02,2.02,2.0,1.98,2.0,1.95,2.06,,2.08,2.05,2.01,2.05,2.05,,2.05,,2.04,1.99,1.98,2.05,2.08,2.07,2.08,2.08,2.06,2.07,,1.94,2.05,2.0,2.05,2.05,2.0,2.05,2.0,2.0,2.01,2.0,2.03,2.0,2.05,2.06,2.05,2.08,2.05,2.1,2.1,2.1,2.06,2.08,2.06,2.0,,,1,,2.1,LeoVegas,Oakland Athletics,2025-09-26 21:55:34
Emma Navarro @ Elena Gabriela Ruse,Elena Gabriela Ruse,2025-09-26 23:00:00,WTA China Open,2.87,2.8,2.8,,2.7,2.85,2.8,2.86,,2.8,2.75,2.8,2.62,2.63,2.7,2.78,,2.85,2.77,,2.7,2.75,2.75,2.75,2.75,2.75,2.75,,,,2.75,2.8,2.8,2.8,2.75,2.9,2.75,2.78,,,2.9,,2.7,2.63,2.9,,2.75,2.75,2.75,2.75,2.75,2.75,2.8,,,1,,2.9,888sport,API Error,2025-09-26 22:50:06
Arizona Diamondbacks @ San Diego Padres,San Diego Padres,2025-09-26 21:41:00,MLB,2.75,1.92,1.92,1.8,1.74,1.8,1.8,1.77,,1.72,1.8,1.83,,,,1.87,,,,,1.74,1.85,1.81,1.87,1.85,1.87,1.83,,,,,,,,,1.8,1.77,1.8,,2.6,,2.4,1.83,,,,1.83,1.87,1.83,1.85,1.87,1.87,1.87,,,1,,2.75,Pinnacle,San Diego Padres,2025-09-26 22:50:06
Arthur Rinderknech @ Alex de Minaur,Arthur Rinderknech,2025-09-27 00:30:00,ATP China Open,7.83,7.0,7.0,,7.0,8.0,6.5,8.1,,7.5,7.0,7.5,7.0,7.0,6.5,7.0,,6.5,6.55,6.55,6.75,6.4,6.4,6.4,6.4,6.4,,7.0,,,6.5,7.32,7.32,7.0,,7.5,6.0,7.1,,,7.5,,7.12,7.0,,,6.4,6.4,6.4,6.4,6.4,6.4,6.5,,,1,,8.1,FanDuel,API Error,2025-09-26 23:19:16
Guadalajara @ Puebla,Draw,2025-09-26 23:30:00,Liga MX,,3.25,,3.3,,,3.25,3.4,3.1,,,,,,3.4,,3.1,3.3,,,,3.35,3.3,3.45,3.35,3.45,,3.25,,,,,,,,,,3.4,,,,,,,,,3.35,3.45,3.35,3.35,3.45,3.45,,,,1,,3.45,Unibet,API Error,2025-09-26 23:19:16
Lois Boisson @ Liudmila Samsonova,Lois Boisson,2025-09-27 00:30:00,WTA China Open,2.6,2.7,2.7,,2.45,2.55,2.7,2.72,,2.65,2.6,2.6,2.5,2.5,2.6,2.58,,2.7,2.67,2.68,2.54,2.7,2.7,2.7,2.7,2.7,2.7,2.5,,,2.55,2.57,2.57,2.5,2.4,2.6,2.6,2.6,,,2.6,,,2.5,2.65,,2.7,2.7,2.7,2.7,2.7,2.7,2.6,,,1,,2.72,FanDuel,Not Found,2025-09-26 23:19:16
Daejeon Citizen @ Gangwon FC,Draw,2025-09-27 01:00:00,K League 1,3.43,3.25,3.25,3.3,3.15,3.35,3.1,3.3,3.1,3.3,3.3,3.4,3.2,3.2,,3.25,3.15,3.2,3.42,3.42,3.3,3.35,3.35,3.35,3.35,3.35,3.3,,3.1,,3.15,3.35,3.35,3.4,,,,3.3,3.2,,3.2,,,3.2,,,3.35,3.35,3.35,3.35,3.35,3.35,,,,1,,3.43,Pinnacle,Draw,2025-09-27 00:32:18
Toronto Argonauts @ BC Lions,BC Lions,2025-09-26 22:00:00,CFL,,1.04,1.03,,,,,1.02,,,1.04,1.04,,,,1.02,,,,,,,,,,,,,,,,,,,,,,1.04,,,,,,,,,,,,,,,1.05,,,1,,1.05,Fanatics,BC Lions,2025-09-27 00:32:18
Yomiuri Giants @ Yokohama DeNA BayStars,Yomiuri Giants,2025-09-27 01:00:00,NPB,1.68,1.78,1.78,1.72,,,,1.75,,1.77,1.69,1.68,1.61,,,,,,1.77,,1.65,,,,,1.77,1.77,,1.61,,,1.71,1.71,,1.65,1.73,1.8,1.75,,1.73,1.78,,,,1.68,,,,,,,,1.69,,,1,,1.8,Caesars,Yomiuri Giants,2025-09-27 00:59:18
TCU Horned Frogs @ Arizona State Sun Devils,Arizona State Sun Devils,2025-09-26 21:05:33,NCAAF,,,,,,,,1.15,,,,1.14,,,,,,,,,1.15,,,,,,,,,,,,,,,,,,,,,,1.15,,,,,,,,,1.09,1.24,,,1,,1.24,Fanatics,Arizona State Sun Devils,2025-09-27 00:59:18
Yue Yuan @ Iga Swiatek,Iga Swiatek,2025-09-27 00:51:17,WTA China Open,1.03,1.01,1.01,,1.01,1.01,,1.02,,,,1.02,,1.04,1.02,,,1.03,,,1.01,1.01,1.01,1.01,1.01,1.01,,1.05,,,1.02,1.02,1.02,1.01,,1.01,,1.01,,,,,1.02,1.04,,,1.01,1.01,,1.01,1.01,,,,,1,,1.05,BoyleSports,Not Found,2025-09-27 00:59:18
Xiyu Wang @ Linda Noskova,Linda Noskova,2025-09-27 02:30:00,WTA China Open,1.4,1.39,1.39,,1.37,1.41,1.36,1.37,,1.36,1.35,1.33,1.35,1.35,1.36,1.38,,1.36,1.4,1.39,1.36,1.4,1.4,1.4,1.4,1.4,1.4,1.36,,,1.37,1.38,1.38,1.36,1.36,1.36,1.36,1.38,,,1.36,,1.36,1.35,1.37,,1.4,1.4,1.4,1.4,1.4,1.4,1.37,,,1,,1.41,Winamax (DE),Not Found,2025-09-27 01:28:38
Marta Kostyuk @ Ella Seidel,Ella Seidel,2025-09-27 02:30:00,WTA China Open,3.55,3.4,3.4,,3.3,3.6,3.5,,,3.5,3.5,3.45,3.4,3.4,,3.3,,3.6,3.24,3.26,3.4,3.25,3.25,3.25,3.25,3.25,3.25,,,,3.4,3.45,3.45,3.45,3.3,3.5,3.4,3.42,,,3.5,,3.45,3.4,3.5,,3.25,3.25,3.25,3.25,3.25,3.25,3.35,,,1,,3.6,Winamax (DE),Not Found,2025-09-27 01:58:58
Maya Joint @ Diana Shnaider,Diana Shnaider,2025-09-27 01:38:00,WTA China Open,2.6,2.4,2.4,,2.2,2.3,2.2,2.4,,2.4,2.6,2.25,2.45,2.45,2.25,2.15,,,,,2.45,2.25,2.2,2.3,2.43,2.48,2.4,,,,,,,,,2.38,,2.37,,,,,,,,,2.43,2.48,2.43,2.48,2.48,2.48,2.25,,,1,,2.6,Betway,Not Found,2025-09-27 01:58:58
Brisbane Lions @ Geelong Cats,Geelong Cats,2025-09-27 00:31:00,AFL,,,,,,,1.67,,,1.67,,1.62,1.61,1.61,,1.71,,,,,,1.6,,,1.6,1.62,,,,,1.65,,,,,,,,,,,1.65,,,,,1.57,1.6,1.57,1.6,1.6,,,,,1,,1.71,PointsBet (AU),Brisbane Lions,2025-09-27 01:58:58
Jessica Pegula @ Ajla Tomljanovic,Jessica Pegula,2025-09-27 03:00:00,WTA China Open,1.15,1.16,1.16,,1.13,1.15,1.14,1.14,,1.14,1.12,1.14,1.12,1.12,1.15,1.15,,1.14,1.18,1.17,1.13,1.17,1.17,1.17,1.17,1.17,1.17,,,,1.15,1.14,1.14,1.14,1.12,1.17,1.14,1.16,,,1.17,,1.14,1.13,1.14,,1.17,1.17,1.17,1.17,1.17,1.17,1.15,,,1,,1.18,1xBet,Not Found,2025-09-27 02:35:10
Chunichi Dragons @ Hanshin Tigers,Hanshin Tigers,2025-09-27 01:02:11,NPB,1.7,2.78,2.78,3.1,,,,1.7,,1.69,2.85,2.9,,,,,,,,,3.2,,,,,,,,,,,,,,,2.62,2.65,2.72,,2.85,,,,,,,,,,,,,2.6,,,1,,3.2,BetMGM,Chunichi Dragons,2025-09-27 02:59:26
Albirex Niigata @ Gamba Osaka,Albirex Niigata,2025-09-27 04:00:00,J League,5.34,5.15,5.15,5.2,4.6,5.0,4.75,5.2,4.6,4.55,4.75,5.25,4.8,4.8,,,4.85,5.0,5.28,5.25,5.0,4.4,4.5,4.5,4.4,4.5,4.5,,4.7,5.0,4.9,5.2,5.2,5.0,5.0,5.0,,5.5,4.8,,5.0,,,4.8,,,4.5,4.5,4.5,4.5,4.5,4.5,,,5.2,1,,5.5,Coolbet,Gamba Osaka,2025-09-27 03:23:24
Pohang Steelers @ Sangju Sangmu FC,Sangju Sangmu FC,2025-09-27 03:30:00,K League 1,2.35,2.28,2.28,2.25,2.15,2.25,2.2,2.3,2.2,2.21,2.3,2.3,2.25,2.25,,2.3,2.13,2.25,2.23,2.35,2.35,2.2,2.23,2.2,2.2,2.2,2.18,,2.1,,2.25,2.29,2.29,2.3,,,,2.35,2.15,,2.3,,,2.25,,,2.23,2.2,2.2,2.2,2.2,2.2,,,,1,,2.35,Pinnacle,Sangju Sangmu FC,2025-09-27 03:23:24
LG Twins @ Hanwha Eagles,LG Twins,2025-09-27 04:00:00,KBO,1.8,1.88,1.88,1.85,,,,1.83,,1.83,1.8,1.82,1.83,,,,,,1.84,,1.85,,,,,1.87,1.87,,1.67,,,1.83,1.83,,1.75,,1.8,1.84,,1.8,1.85,,,,,,,,,,,,1.83,,,1,,1.88,Betsson,LG Twins,2025-09-27 03:59:02
Daria Kasatkina @ Sonay Kartal,Daria Kasatkina,2025-09-27 04:30:00,WTA China Open,1.84,1.75,1.75,,1.76,1.82,1.73,1.78,,1.77,1.73,1.77,1.7,1.7,,1.77,,1.75,1.77,1.77,1.71,1.76,1.76,1.76,1.76,1.76,1.76,,,,1.76,1.78,1.78,1.78,1.75,1.73,1.74,1.78,,,1.73,,1.75,1.7,,,1.76,1.76,1.76,1.76,1.76,1.76,1.77,,,1,,1.84,Pinnacle,Not Found,2025-09-27 03:59:02
SSG Landers @ Doosan Bears,SSG Landers,2025-09-27 04:00:00,KBO,1.79,1.72,1.72,1.7,,,,1.78,,1.67,1.69,1.74,1.65,,,,,,1.74,,1.67,,,,,1.65,1.65,,1.59,,,1.8,1.74,,1.7,,1.69,1.75,,1.7,1.7,,,,,,,,,,,,1.74,,,1,,1.8,LowVig.ag,SSG Landers,2025-09-27 03:59:02
Hiroshima Sanfrecce FC @ Avispa Fukuoka,Draw,2025-09-27 05:00:00,J League,3.3,3.15,3.15,3.1,3.0,3.2,3.1,3.2,3.0,3.45,3.2,3.2,3.0,3.0,,,3.08,3.1,3.28,3.25,3.1,3.15,3.2,3.2,3.15,3.2,3.2,,3.0,3.0,2.95,3.25,3.25,3.15,3.2,3.0,,3.15,3.05,,3.0,,,3.0,,,3.2,3.2,3.2,3.2,3.2,3.2,,,3.25,1,,3.45,Bovada,Hiroshima Sanfrecce FC,2025-09-27 04:31:19
Urawa Red Diamonds @ Tokyo Verdy,Draw,2025-09-27 05:00:00,J League,3.22,3.0,3.0,3.1,2.9,3.05,3.0,3.1,2.9,3.0,3.1,3.15,2.9,2.9,,,2.95,3.0,3.17,3.15,3.1,3.15,3.2,3.2,3.15,3.2,3.2,,2.9,3.0,2.95,3.2,3.2,3.15,3.1,2.9,,3.15,2.92,,2.9,,,2.9,,,3.2,3.2,3.2,3.2,3.2,3.2,,,3.15,1,,3.22,Pinnacle,Draw,2025-09-27 04:31:19
Perth Wildcats @ New Zealand Breakers,New Zealand Breakers,2025-09-27 03:35:00,NBL,,,,,,,,,,,,,2.6,,,2.6,,,,,,2.65,2.6,,,2.75,,,,,,,,,,,,2.57,,,,2.7,,,,,,,,2.65,,,,,,1,,2.75,Unibet,Perth Wildcats,2025-09-27 04:31:19
Tohoku Rakuten Golden Eagles @ Orix Buffaloes,Tohoku Rakuten Golden Eagles,2025-09-27 05:00:00,NPB,2.09,2.05,2.05,2.0,,,,2.06,,,1.95,2.1,2.0,,,,,,2.12,,2.05,,,,,2.02,2.02,,1.85,,,2.05,2.05,,2.0,2.0,2.05,2.1,,2.0,2.08,,,,1.98,,,,,,,,1.95,,,1,,2.12,1xBet,Orix Buffaloes,2025-09-27 04:31:19
Aliaksandra Sasnovich @ Naomi Osaka,Aliaksandra Sasnovich,2025-09-27 05:03:00,WTA China Open,19.54,13.0,14.5,,27.0,27.0,34.0,41.0,,17.0,26.0,46.0,29.0,29.0,11.0,19.0,,,,,23.0,14.0,10.0,15.0,14.0,15.0,,,,,,7.32,7.32,,,21.0,12.0,17.0,,,,,,,,,13.0,,,,,17.0,17.0,,,1,,46.0,DraftKings,Not Found,2025-09-27 05:25:58
Shimizu S Pulse @ Vissel Kobe,Shimizu S Pulse,2025-09-27 06:00:00,J League,7.27,6.5,6.5,6.5,6.0,6.5,6.5,7.0,6.0,5.4,6.5,7.0,6.0,6.0,,,6.1,6.5,7.44,6.9,6.5,5.3,5.4,5.4,5.3,5.4,5.4,,6.0,6.5,6.5,7.1,7.1,6.5,6.75,6.5,,7.0,5.9,,6.5,,,6.0,,,5.4,5.4,5.4,5.4,5.4,5.4,,,7.1,1,,7.44,1xBet,Vissel Kobe,2025-09-27 05:58:58
Qingdao Hainiu FC @ Changchun Yatai,Draw,2025-09-27 06:00:00,Super League - China,6.38,6.3,6.3,7.0,5.7,6.0,6.0,6.5,,3.4,6.0,6.5,,,6.5,,,,,,,6.1,5.8,6.5,6.1,6.5,,,,,,,,,,,,6.0,,,,,,,,,6.0,,6.0,6.1,6.5,6.5,,,,1,,7.0,Tipico,Draw,2025-09-27 06:58:53
Jeonbuk Hyundai Motors @ FC Seoul,Jeonbuk Hyundai Motors,2025-09-27 06:00:00,K League 1,3.36,3.65,3.65,3.8,3.2,3.3,3.25,3.4,3.25,3.45,3.2,3.6,3.25,3.2,,3.86,3.25,,,,3.25,3.25,3.2,3.35,3.25,3.35,,,,,,,,,,,,3.8,,,,,,,,,3.25,3.35,3.25,3.25,3.35,3.35,,,,1,,3.86,PointsBet (AU),Draw,2025-09-27 06:58:53
Birmingham City @ Coventry City,Draw,2025-09-27 07:30:00,Championship,3.5,3.55,3.55,3.4,3.25,3.4,3.4,3.4,3.5,3.35,3.3,3.45,3.4,3.4,3.5,,3.23,3.4,3.45,3.45,3.4,3.2,3.35,3.3,3.2,3.3,3.25,,3.25,3.3,3.3,3.35,3.35,3.4,3.4,,,3.4,3.25,,3.3,3.4,3.45,3.4,3.35,,3.25,3.3,3.3,3.25,3.3,3.3,,,,1,,3.55,Nordic Bet,Coventry City,2025-09-27 06:58:53
Fukuoka SoftBank Hawks @ Saitama Seibu Lions,Saitama Seibu Lions,2025-09-27 05:01:03,NPB,12.15,13.5,13.5,11.0,,,,15.0,,,11.0,,,,,,,,,,14.5,,,,,,,,,,,,,,,19.0,13.0,11.0,,9.5,,,,,,,,,,,,,8.5,,,1,,19.0,888sport,Fukuoka SoftBank Hawks,2025-09-27 07:21:58
Hokkaido Nippon-Ham Fighters @ Chiba Lotte Marines,Chiba Lotte Marines,2025-09-27 05:00:00,NPB,14.54,12.0,12.0,10.0,,,,16.0,,,10.0,,,,,,,,,,13.0,,,,,,,,,,,,,,,15.0,12.0,11.0,,,,,,,,,,,,,,,8.0,,,1,,16.0,FanDuel,Hokkaido Nippon-Ham Fighters,2025-09-27 07:21:58
Tasmania JackJumpers @ Illawarra Hawks,Illawarra Hawks,2025-09-27 06:06:00,NBL,,,,,,,,,,,,,3.4,,,3.25,,,,,,3.05,3.0,,,3.55,,,,,,,,,,,,3.9,,,,3.3,,,,,,,,3.4,,,,,,1,,3.9,Coolbet,Tasmania JackJumpers,2025-09-27 07:21:58
Derby County @ Wrexham AFC,Wrexham AFC,2025-09-27 07:30:00,Championship,2.15,2.08,2.08,2.0,2.0,2.05,2.05,2.1,2.05,2.1,2.1,2.15,2.15,2.15,2.1,,1.95,2.05,2.06,2.13,2.15,2.0,2.1,2.06,2.0,2.07,2.05,,1.92,2.1,2.1,2.16,2.16,2.05,2.15,,,2.15,1.91,,2.1,2.1,2.1,2.15,2.03,,2.04,2.06,2.06,2.05,2.06,2.06,,,,1,,2.16,LowVig.ag,Draw,2025-09-27 07:21:58
Qinwen Zheng @ Emiliana Arango,Qinwen Zheng,2025-09-27 07:17:48,WTA China Open,1.29,1.18,1.18,,1.17,1.17,1.14,1.14,,1.25,1.15,1.19,1.17,1.17,1.17,1.18,,1.25,,,1.16,1.19,1.16,1.19,1.19,1.19,1.18,1.25,,,,,,,,1.17,1.17,1.19,,,,,,1.25,1.27,,1.18,1.19,1.18,1.19,1.19,1.19,1.17,,,1,,1.29,Pinnacle,Not Found,2025-09-27 07:21:58
Barnet @ Oldham Athletic,Oldham Athletic,2025-09-27 07:30:00,League 2,5.09,5.8,5.8,5.2,,,6.0,,6.0,5.6,5.25,6.0,6.0,6.0,6.5,6.5,,,,,5.75,6.75,6.5,6.75,6.75,6.75,,,,,,,,,,5.5,,6.5,,,,,,,,,6.75,6.75,6.75,6.75,6.75,6.75,,,,1,,6.75,Unibet,Draw,2025-09-27 07:59:17
Wycombe Wanderers @ Wimbledon,Wimbledon,2025-09-27 07:30:00,League 1,1.12,1.44,1.44,1.45,,,1.44,,1.44,1.12,1.5,1.5,1.48,1.48,1.45,1.45,,,,,,1.48,1.45,1.48,1.48,1.48,,,,,,,,,,,,1.5,,,,,,,,,1.48,1.48,1.48,1.48,1.48,1.48,,,,1,,1.5,Betway,Wimbledon,2025-09-27 08:49:51
Stevenage @ Leyton Orient,Draw,2025-09-27 07:30:00,League 1,,4.2,4.2,4.3,,,4.5,,5.0,3.15,4.33,4.5,4.6,4.6,4.6,4.25,,,,,4.0,4.75,4.6,4.8,4.75,4.8,,,,,,,,,,,,4.5,,,,,,,,,4.7,4.8,5.0,5.1,5.1,5.1,,,,1,,5.1,Unibet (IT),Stevenage,2025-09-27 09:12:06
Notts County @ Crewe Alexandra,Draw,2025-09-27 07:30:00,League 2,1.46,1.36,1.36,1.35,,,1.33,,1.36,1.5,1.35,1.4,1.4,1.4,1.4,1.4,,,,,1.57,1.32,1.29,1.33,1.32,1.33,,,,,,,,,,1.4,,1.36,,,,,,,,,1.32,1.33,1.32,1.32,1.33,1.33,,,,1,,1.57,BetMGM,Crewe Alexandra,2025-09-27 09:12:06
Augsburg @ 1. FC Heidenheim,Draw,2025-09-27 09:30:00,Bundesliga - Germany,3.57,3.45,3.4,3.5,3.4,3.55,3.4,3.4,3.5,3.55,3.4,3.3,3.5,3.5,3.5,3.4,3.37,3.4,3.58,3.52,3.5,3.45,3.45,3.55,3.45,3.45,3.45,,3.35,3.4,3.4,3.54,3.54,3.5,3.45,,,3.5,3.4,,3.3,3.4,3.57,3.45,3.55,,3.45,3.45,3.45,3.45,3.6,3.45,,,,1,3.65,3.65,Suprabets,1. FC Heidenheim,2025-09-27 09:29:22
FC KTP @ AC Oulu,FC KTP,2025-09-27 10:00:00,Veikkausliiga - Finland,3.05,3.0,3.05,,,,2.9,3.0,2.9,3.5,2.88,3.0,3.0,3.0,2.9,3.0,,2.87,3.08,3.1,3.1,3.05,3.1,3.1,3.05,3.1,3.1,,2.8,3.05,3.0,3.05,3.05,2.9,2.9,,,3.3,2.85,,3.0,,3.11,3.0,3.1,,3.1,3.1,3.1,3.1,3.1,3.1,,,3.1,1,,3.5,Bovada,FC KTP,2025-09-27 09:29:22
Millwall @ Swansea City,Draw,2025-09-27 07:30:00,Championship,1.51,1.03,1.03,1.01,1.01,1.01,1.03,1.14,1.03,3.15,1.02,1.04,1.06,1.06,1.04,,1.19,,,,1.06,1.06,1.04,1.07,1.06,1.07,,,,,,,,,,,,1.03,,,,1.09,,,,,1.05,1.07,1.05,1.06,1.07,1.07,,,,1,,3.15,Bovada,Draw,2025-09-27 09:29:22
Cremonese @ Como,Cremonese,2025-09-27 09:00:00,Serie A - Italy,19.62,19.5,19.5,14.0,20.0,21.0,21.0,21.0,23.0,21.0,19.0,29.0,19.0,19.0,21.0,16.0,15.25,,,,21.0,21.0,21.0,25.0,21.0,25.0,,,,,,,,,,19.0,,22.0,,,,21.0,,,,,21.0,25.0,21.0,21.0,25.0,25.0,,,,1,,29.0,DraftKings,Draw,2025-09-27 09:58:56
Reggiana @ Südtirol,Draw,2025-09-27 09:00:00,Serie B - Italy,,13.0,13.0,8.5,16.0,16.0,15.0,16.0,13.0,15.0,12.0,15.0,12.0,12.0,9.5,,9.0,,,,14.0,15.0,,16.0,15.0,16.0,,,,,,,,,,15.0,,14.0,,,,,,,,,15.0,16.0,15.0,15.0,16.0,16.0,,,,1,,16.0,FanDuel,Südtirol,2025-09-27 09:58:56
Darlington FC @ AFC Fylde,Draw,2025-09-27 10:00:00,FA Cup,,4.15,4.15,,,,,,,,,,,,4.1,,,,4.15,4.15,,4.1,4.1,4.1,4.1,4.1,,,,,,,,,,,,,,,,,,,,,4.1,4.1,4.1,4.1,,4.1,,,,1,,4.15,Betsson,Not Found,2025-09-27 09:58:56
Port Vale @ Barnsley,Port Vale,2025-09-27 10:00:00,League 1,3.31,3.2,3.2,3.3,,,3.25,,3.2,3.3,3.1,,3.4,3.4,3.2,3.2,,3.25,3.3,3.24,3.4,3.15,3.2,3.2,3.15,3.2,3.2,,,3.15,3.2,3.15,3.15,3.15,3.05,,,3.2,,,3.2,,,3.35,,,3.25,3.2,3.2,3.2,3.2,3.2,,,,1,,3.4,Ladbrokes,Port Vale,2025-09-27 09:58:56
Walsall @ Accrington Stanley,Accrington Stanley,2025-09-27 10:00:00,League 2,3.1,2.98,2.98,3.1,,,3.1,,,3.1,2.9,3.05,3.1,3.1,3.1,3.1,,2.9,3.09,3.16,3.1,3.15,3.15,3.15,3.15,3.15,3.15,,,3.1,3.15,2.89,2.89,2.9,2.95,3.1,,3.15,,,3.1,,,3.1,3.1,,3.15,3.15,3.15,3.15,3.15,3.15,,,,1,,3.16,Marathon Bet,Walsall,2025-09-27 09:58:56
NAC Breda @ Ajax,Draw,2025-09-27 10:30:00,Dutch Eredivisie,6.02,5.85,5.76,6.0,5.3,5.9,5.5,5.8,6.0,5.75,5.5,5.75,5.75,5.75,5.75,5.5,5.25,5.5,6.06,5.75,5.75,6.0,6.0,6.25,6.0,6.1,6.1,,5.0,5.5,5.75,5.9,5.9,5.75,6.0,,,5.75,,,5.5,,,,5.85,,6.1,6.1,6.1,6.1,6.5,6.1,,,,1,,6.5,Unibet (NL),Ajax,2025-09-27 10:27:06
Huddersfield Town @ Exeter City,Exeter City,2025-09-27 10:00:00,League 1,8.87,9.1,9.1,10.0,,,10.0,,9.5,3.2,8.5,10.0,9.5,9.5,9.5,9.5,,,,,9.5,9.0,8.5,9.5,9.0,9.5,,,,,,,,,,,,10.0,,,,,,,,,8.5,9.5,8.5,9.0,9.5,9.5,,,,1,,10.0,Coolbet,Huddersfield Town,2025-09-27 10:59:08
Norwich City @ Stoke City,Stoke City,2025-09-27 10:01:00,Championship,3.65,4.6,4.6,4.3,4.2,4.5,4.5,4.9,4.75,4.75,4.5,4.9,4.5,4.5,4.75,,4.2,,,,4.5,4.5,4.4,4.7,4.5,4.75,,,,,,,,,,,,4.5,,,,4.75,,,,,4.5,4.7,4.5,4.5,4.7,4.7,,,,1,,4.9,FanDuel,Draw,2025-09-27 10:59:08
Kilmarnock @ Dundee United,Draw,2025-09-27 10:00:00,Premiership - Scotland,3.36,3.05,3.05,3.2,,,3.25,3.2,3.4,3.5,3.1,3.2,3.3,3.3,3.25,3.0,,,,,3.1,3.1,3.0,3.15,3.1,3.15,,,,,,,,,,,,3.14,,,,,,,,,3.1,3.15,3.1,3.1,3.15,3.15,,,,1,,3.5,Bovada,Kilmarnock,2025-09-27 10:59:08
Bristol City @ Preston North End,Draw,2025-09-27 10:00:00,Championship,2.64,2.25,2.25,2.2,2.15,2.25,2.25,2.35,2.4,2.37,2.25,2.4,2.3,2.3,2.3,,2.2,,,,2.25,2.48,2.4,2.48,2.48,2.48,,,,,,,,,,,,2.3,,,,2.3,,,,,2.45,2.48,2.45,2.48,2.48,2.48,,,,1,,2.64,Pinnacle,Draw,2025-09-27 10:59:08
Cambridge United @ Tranmere Rovers,Cambridge United,2025-09-27 10:00:00,League 2,2.93,3.2,3.2,3.2,,,3.5,,3.6,3.4,3.4,3.5,3.6,3.6,3.5,3.5,,,,,3.5,3.7,3.6,3.75,3.7,3.75,,,,,,,,,,3.3,,3.4,,,,,,,,,3.7,3.75,3.7,3.7,3.75,3.75,,,,1,,3.75,Unibet (SE),Draw,2025-09-27 11:25:08
Samsunspor @ Gazişehir Gaziantep,Draw,2025-09-27 10:00:00,Turkey Super League,2.82,2.78,2.78,,2.6,2.7,2.88,2.9,2.75,3.3,2.75,2.8,2.9,2.9,,,2.62,,,,2.85,2.8,2.75,2.85,2.8,2.85,,,,,,,,,,2.8,,2.88,,,,,,,,,2.8,2.85,2.8,2.8,2.85,2.85,,,,1,,3.3,Bovada,Draw,2025-09-27 11:25:08
Salford City @ Bristol Rovers,Draw,2025-09-27 10:00:00,League 2,2.41,1.95,2.05,1.95,,,2.0,,2.1,2.03,2.0,2.05,2.05,2.05,2.1,2.0,,,,,1.98,2.12,2.08,2.15,2.12,2.15,,,,,,,,,,2.1,,2.0,,,,,,,,,2.12,2.15,2.12,2.12,2.15,2.15,,,,1,,2.41,Pinnacle,Bristol Rovers,2025-09-27 11:25:08
LASK @ Wolfsberger AC,Wolfsberger AC,2025-09-27 11:00:00,Austrian Football Bundesliga,2.41,2.3,2.3,2.3,2.2,2.3,,2.25,2.2,1.91,2.4,2.4,2.2,2.2,,,2.22,,,,2.2,2.3,2.25,2.32,2.3,2.32,2.28,,,,,,,,,,,2.4,,,,,,,,,2.3,2.32,2.3,,2.32,2.32,,,,1,2.37,2.41,Pinnacle,Not Found,2025-09-27 11:25:08
IFK Norrkoping @ BK Hacken,IFK Norrkoping,2025-09-27 11:30:00,Allsvenskan - Sweden,5.08,4.4,4.4,4.7,4.0,4.2,4.5,4.7,4.5,4.25,4.2,4.5,4.0,3.9,4.33,,4.0,,,,4.1,4.3,4.4,4.4,4.3,4.4,,,,,,,,,,4.0,,4.5,4.15,,,,,,,,4.25,4.4,4.25,,4.4,4.4,,,,1,,5.08,Pinnacle,Not Found,2025-09-27 11:58:57
Deportivo La Coruña @ SD Eibar,Deportivo La Coruña,2025-09-27 12:30:00,La Liga 2 - Spain,3.12,2.82,2.82,2.95,2.55,2.65,2.88,3.0,2.75,2.78,2.8,3.0,2.6,2.6,2.8,2.75,2.55,2.87,2.83,2.89,2.65,2.95,2.85,2.95,2.95,2.95,,,2.65,,2.9,2.84,2.84,,,,,2.75,2.7,,2.62,,,2.63,,,2.9,2.95,2.9,2.95,2.95,2.95,,,,1,,3.12,Pinnacle,Not Found,2025-09-27 12:31:37
Eintracht Frankfurt @ Borussia Monchengladbach,Eintracht Frankfurt,2025-09-27 12:30:00,Bundesliga - Germany,2.32,2.3,2.3,2.25,2.15,2.25,2.2,2.3,2.2,2.23,2.3,2.25,2.3,2.25,2.25,2.3,2.22,2.3,2.21,2.31,2.25,2.23,2.23,2.35,2.28,2.3,2.28,,2.15,2.2,2.2,2.3,2.3,2.28,2.25,,,2.25,2.22,,2.25,2.3,2.31,2.25,2.3,,2.28,2.3,2.3,2.3,2.38,2.3,,,,1,2.33,2.38,Unibet (NL),Not Found,2025-09-27 12:31:37
Baltimore Orioles @ New York Yankees,New York Yankees,2025-09-27 13:06:00,MLB,1.45,1.4,1.43,1.37,1.4,1.41,1.4,1.42,,1.4,1.43,1.42,1.44,1.44,1.44,1.42,,1.4,1.44,1.43,1.44,1.42,1.41,1.42,1.42,1.41,1.41,,1.39,1.42,1.42,1.44,1.44,1.42,1.44,1.4,1.42,,1.41,1.43,1.4,1.45,1.44,1.44,1.44,1.4,1.42,1.42,1.42,1.4,1.42,1.4,1.42,,,1,,1.45,Pinnacle,Not Found,2025-09-27 12:31:37
Duke Blue Devils @ Syracuse Orange,Syracuse Orange,2025-09-27 11:54:00,NCAAF,,,3.15,,,,5.5,6.0,,,,5.0,,,,3.95,,,,,4.1,,,3.3,,3.75,,,,,,,,,,,3.5,3.2,,,,,3.23,,,,,,,,3.3,3.3,2.9,,,1,,6.0,FanDuel,Not Found,2025-09-27 12:58:59
Atalanta BC @ Juventus,Atalanta BC,2025-09-27 12:01:00,Serie A - Italy,2.24,1.72,1.72,1.75,1.66,1.74,1.73,1.69,1.75,4.15,1.75,1.74,1.73,1.73,1.75,1.83,1.66,,,,1.74,1.78,1.78,1.78,1.78,1.78,,,,,,,,,,1.75,,1.8,,,,1.75,,,,,1.76,1.78,1.78,1.78,1.78,1.78,,,,1,,4.15,Bovada,Not Found,2025-09-27 13:25:11
AVS Futebol SAD @ CF Estrela,CF Estrela,2025-09-27 13:01:00,Primeira Liga - Portugal,2.31,2.3,2.3,1.35,1.31,1.31,1.4,1.37,1.36,2.03,1.43,1.36,1.4,1.4,,1.35,2.15,,,,1.36,1.34,1.32,1.34,1.38,1.38,,,,,,,,,,,,2.3,,,,,,,,,1.38,1.38,1.38,,1.42,1.38,,,,1,,2.31,Pinnacle,Not Found,2025-09-27 13:25:11
South Alabama Jaguars @ North Texas Mean Green,North Texas Mean Green,2025-09-27 12:00:00,NCAAF,,,1.11,,,,,1.1,,1.12,,1.12,,,,1.1,,,,,1.1,,,1.14,,1.14,,,,,,,,,,,1.1,1.1,,1.14,,,1.16,,,,,,,,1.14,1.14,1.1,,,1,,1.16,GTbets,Not Found,2025-09-27 13:25:11
PSV Eindhoven @ Excelsior,PSV Eindhoven,2025-09-27 14:00:00,Dutch Eredivisie,1.39,1.38,1.38,1.33,1.31,1.34,1.33,1.32,1.33,1.36,1.4,1.38,1.4,1.4,1.36,1.37,1.29,1.3,1.38,1.38,1.43,1.28,1.3,1.34,1.28,1.33,1.32,,1.3,1.38,1.38,1.37,1.37,1.36,1.36,,,1.4,,,1.36,,,,1.37,,1.33,1.33,1.33,1.32,1.36,1.33,,,,1,,1.43,BetMGM,Not Found,2025-09-27 13:59:09
Nantes @ Toulouse,Toulouse,2025-09-27 12:59:00,Ligue 1 - France,2.27,2.85,2.85,3.0,2.7,2.85,3.0,3.3,3.25,1.7,3.0,3.0,3.0,2.75,2.8,,2.66,,,,2.95,3.0,3.05,3.1,3.0,3.1,,,,,,,,,,,,2.88,,,,2.3,,,,,2.95,3.1,3.0,3.0,3.1,3.1,,,,1,2.95,3.3,FanDuel,Not Found,2025-09-27 14:34:50
Robert Alexandru Constantin @ Adam Darby,Robert Alexandru Constantin,2025-09-27 15:30:00,MMA,,,,,,,,,,,,,,,,,,,,,,,3.85,3.85,,3.85,,,,,,,5.1,,,,,,,,,,,,,,3.85,,3.85,,3.85,,,,,1,,5.1,BetOnline.ag,Not Found,2025-09-27 15:21:19
Almería @ Las Palmas,Almería,2025-09-27 15:02:00,La Liga 2 - Spain,3.43,3.2,3.2,3.6,3.25,3.35,3.25,3.3,3.25,3.25,3.3,3.55,3.2,3.2,3.5,3.5,3.2,,,,3.3,3.35,3.25,3.4,3.35,3.4,,,,,,,,,,,,3.5,3.18,,,,,,,,3.3,3.4,3.3,3.35,3.4,3.4,,,,1,,3.6,Tipico,Not Found,2025-09-27 15:21:19
Sport Recife @ Fortaleza,Draw,2025-09-27 15:01:00,Brazil Série A,2.6,4.6,4.6,5.0,4.3,4.6,4.5,4.7,4.5,3.65,4.75,4.9,4.8,4.8,5.0,,4.17,,,,4.8,4.8,4.7,5.1,4.8,5.1,,,,,,,,,,,,5.0,,,,,,,,,4.8,5.1,4.8,4.8,5.1,5.1,,,,1,,5.1,Unibet (SE),Not Found,2025-09-27 15:58:52
Internacional @ Juventude,Draw,2025-09-27 17:30:00,Brazil Série A,3.2,3.15,3.05,2.95,2.95,3.1,3.1,3.2,3.0,3.15,3.2,3.2,3.25,3.2,3.2,3.1,3.0,3.1,,3.2,3.25,3.15,3.2,3.25,3.15,3.25,3.2,,2.9,3.1,3.1,3.22,3.22,3.1,3.1,,,3.18,3.02,,3.0,,3.16,3.15,3.12,,3.25,3.25,3.25,3.15,3.25,3.25,,,,1,,3.25,Unibet (SE),Not Found,2025-09-27 16:58:55
Hawaii Rainbow Warriors @ Air Force Falcons,Hawaii Rainbow Warriors,2025-09-27 16:05:29,NCAAF,,,1.68,,,,,1.62,,1.91,,1.71,,,,1.67,,,,,1.74,,,1.68,,1.78,,,,,,,,,,,1.83,1.66,,1.65,,,1.71,,,,,,,,1.78,1.78,1.77,,,1,,1.91,Bovada,Not Found,2025-09-27 16:58:55
Tulane Green Wave @ Tulsa Golden Hurricane,Tulane Green Wave,2025-09-27 16:05:16,NCAAF,,,1.15,,,,,1.23,,1.18,,1.19,,,,1.14,,,,,1.19,,,1.19,,1.19,,,,,,,,,,,1.36,1.14,,1.22,,,1.32,,,,,,,,1.19,1.19,1.17,,,1,,1.36,Caesars,Not Found,2025-09-27 17:23:44
Ohio State Buckeyes @ Washington Huskies,Ohio State Buckeyes,2025-09-27 12:20:00,NCAAF,1.18,,1.08,,,,1.06,1.08,,1.08,,1.06,,,,1.07,,,,,1.07,,1.06,1.09,,1.09,,,,,,,,,,,1.12,1.07,,1.12,,1.11,1.12,,,,1.08,,,,1.09,1.09,1.07,,,1,,1.18,Pinnacle,Not Found,2025-09-27 17:23:44
Middle Tennessee Blue Raiders @ Kennesaw State Owls,Middle Tennessee Blue Raiders,2025-09-27 18:02:41,NCAAF,,,6.7,,,,,7.3,,5.5,,9.0,,,,6.5,,,,,8.5,,,6.75,,7.0,,,,,,,,,,,5.5,6.6,,5.5,,,6.92,,,,,,,,7.0,7.0,7.8,,,1,,9.0,DraftKings,Not Found,2025-09-27 18:28:08
Jacksonville State Gamecocks @ Southern Mississippi Golden Eagles,Southern Mississippi Golden Eagles,2025-09-27 19:00:00,NCAAF,1.52,1.5,1.51,,,,1.53,1.54,,1.48,,1.52,1.55,1.55,,1.53,,1.53,,1.55,1.54,,1.55,1.55,,1.55,1.55,,,1.51,1.51,1.53,1.53,1.53,1.5,,1.53,1.52,,1.5,,1.52,1.51,1.55,1.53,1.52,1.55,,,,1.55,1.55,1.53,,,1,,1.55,Unibet (SE),Not Found,2025-09-27 18:28:08
Colorado Rockies @ San Francisco Giants,San Francisco Giants,2025-09-27 16:08:00,MLB,1.25,,1.43,1.05,1.1,1.09,1.12,1.15,,1.41,1.09,1.15,,,,,,,,,1.17,1.14,1.12,1.14,1.14,1.14,1.13,,,,,,,,,,1.45,1.09,,1.35,,,1.15,,,,1.14,1.14,1.14,1.14,1.14,1.14,1.15,,,1,,1.45,Caesars,Not Found,2025-09-27 18:28:08
Boca Juniors @ Defensa y Justicia,Boca Juniors,2025-09-27 18:00:00,Primera División - Argentina,2.35,2.2,2.2,,,,2.2,2.2,2.2,2.25,2.3,2.2,,2.25,2.25,,2.05,,,,2.2,2.28,2.23,2.3,2.28,2.3,,,,,,,,,,,,,,,,,,,,,,,,,,,,,,1,,2.35,Pinnacle,Not Found,2025-09-27 18:59:08
Guadalajara @ Puebla,Puebla,2025-09-27 19:01:00,Liga MX,18.27,17.5,17.5,22.0,,,17.0,18.0,17.0,,17.0,20.0,,,,,13.0,,,,,19.0,18.0,23.0,19.0,23.0,,,,,,,,,,19.0,,22.0,,,,,,,,,19.0,23.0,19.0,19.0,23.0,23.0,,,,1,,23.0,Unibet (NL),Not Found,2025-09-27 19:24:29
Minnesota Twins @ Philadelphia Phillies,Minnesota Twins,2025-09-27 18:06:21,MLB,1.65,1.19,2.68,1.16,1.2,1.21,1.18,1.19,,2.69,1.2,1.19,,,1.2,1.29,,,,,1.19,1.21,1.18,1.21,1.21,1.21,1.2,,,,,,,,,1.17,1.18,1.2,,1.2,,1.22,1.21,,,,1.2,1.21,1.2,1.21,1.21,1.21,1.19,,,1,,2.69,Bovada,Not Found,2025-09-27 19:24:29
Atlanta United FC @ New England Revolution,New England Revolution,2025-09-27 19:30:00,MLS,2.46,2.55,2.55,,2.35,2.4,2.5,2.45,2.45,2.21,2.5,2.55,2.4,2.4,2.55,2.65,2.4,,,,,2.43,2.43,2.45,2.43,2.45,,,,,,,,,,2.45,,2.6,,2.35,,2.5,,,,,2.38,2.45,2.43,2.43,2.45,2.45,,,,1,,2.65,PointsBet (AU),Not Found,2025-09-27 19:58:51
Eva Lys @ Elena Rybakina,Eva Lys,2025-09-27 23:00:00,WTA China Open,7.33,6.8,6.8,,6.5,7.75,7.0,7.2,,6.75,7.0,6.5,6.5,6.5,6.5,6.5,,6.5,6.6,6.6,6.5,6.75,6.75,6.75,6.75,6.75,6.75,,,,6.5,6.98,6.98,6.5,6.0,6.5,6.5,6.7,,,6.5,,6.5,6.5,7.0,,6.75,6.75,6.75,6.75,6.75,6.75,6.75,,,1,,7.75,Winamax (DE),Not Found,2025-09-27 22:15:05
