Match,Team,Start Time,League,Caesars,Draftkings,Fanduel,Pinnacle,Fanatics,Betmgm,Betonline.Ag,Event Id,Avg Edge Pct,Fair Odds Avg,Best Odds,Best Bookmaker,Result,Outcomes,Event ID,Scrape Time
Pittsburgh Panthers @ Florida State Seminoles,Pittsburgh Panthers,2025-10-11 12:00:00,NCAAF,4.1,4.2,4.5,4.19,4.05,,4.03,,3.4,4.35,4.5,FanDuel,Pittsburgh Panthers,2,Not Found,2025-10-11 10:59:02
Toledo Rockets @ Bowling Green Falcons,Bowling Green Falcons,2025-10-11 12:00:00,NCAAF,4.1,4.0,4.4,3.87,4.05,,3.89,,4.51,4.21,4.4,FanDuel,Bowling Green Falcons,2,Not Found,2025-10-11 11:25:05
Arkansas Razorbacks @ Tennessee Volunteers,Arkansas Razorbacks,2025-10-11 11:52:00,NCAAF,3.0,3.6,3.15,2.96,3.6,3.5,,,3.9,3.47,3.6,DraftKings,Tennessee Volunteers,2,Not Found,2025-10-11 16:59:06
TCU Horned Frogs @ Kansas State Wildcats,TCU Horned Frogs,2025-10-11 12:32:00,NCAAF,2.35,2.6,2.52,1.36,2.6,2.4,,,12.67,2.31,2.6,DraftKings,Kansas State Wildcats,2,Not Found,2025-10-11 17:23:31
Iowa State Cyclones @ Colorado Buffaloes,Colorado Buffaloes,2025-10-11 12:36:00,NCAAF,2.65,2.95,2.68,1.68,2.85,2.95,,,10.09,2.68,2.95,DraftKings,Colorado Buffaloes,2,Not Found,2025-10-11 17:23:31
Indiana Hoosiers @ Oregon Ducks,Oregon Ducks,2025-10-11 11:49:00,NCAAF,1.87,1.8,2.0,1.48,1.87,1.91,,,4.56,1.91,2.0,FanDuel,Indiana Hoosiers,2,Not Found,2025-10-11 17:23:31
Oklahoma Sooners @ Texas Longhorns,Oklahoma Sooners,2025-10-11 11:50:00,NCAAF,2.8,3.2,3.35,2.12,3.15,3.1,,,9.58,3.06,3.35,FanDuel,Texas Longhorns,2,Not Found,2025-10-11 17:59:14
Northwestern Wildcats @ Penn State Nittany Lions,Penn State Nittany Lions,2025-10-11 15:34:00,NCAAF,2.6,1.8,1.72,1.54,2.7,2.0,,,29.15,2.09,2.7,Fanatics,Northwestern Wildcats,2,Not Found,2025-10-11 18:27:53
Florida Gators @ Texas A&M Aggies,Florida Gators,2025-10-11 15:31:00,NCAAF,3.8,4.5,5.7,2.29,5.0,5.75,,,33.53,4.31,5.75,BetMGM,Texas A&M Aggies,2,Not Found,2025-10-11 19:58:59
South Carolina Gamecocks @ LSU Tigers,South Carolina Gamecocks,2025-10-11 15:33:00,NCAAF,3.0,3.6,3.15,3.86,3.05,3.3,,,3.13,3.49,3.6,DraftKings,LSU Tigers,2,Not Found,2025-10-11 22:04:31
BYU Cougars @ Arizona Wildcats,Arizona Wildcats,2025-10-11 15:37:00,NCAAF,4.5,4.25,4.5,3.69,3.85,4.33,,,2.18,4.4,4.5,FanDuel,BYU Cougars,2,Not Found,2025-10-11 22:04:31
Georgia Bulldogs @ Auburn Tigers,Auburn Tigers,2025-10-11 15:30:00,NCAAF,7.4,7.5,9.0,4.31,7.4,7.75,,,24.64,7.22,9.0,FanDuel,Georgia Bulldogs,2,Not Found,2025-10-11 23:09:22
Arizona State Sun Devils @ Utah Utes,Arizona State Sun Devils,2025-10-11 15:31:00,NCAAF,4.2,4.4,4.7,3.69,4.55,4.75,,,3.0,4.61,4.75,BetMGM,Utah Utes,2,Not Found,2025-10-11 23:09:22
Denver Broncos @ New York Jets,New York Jets,2025-10-12 09:30:00,NFL,4.0,4.3,3.9,4.0,4.0,4.0,4.0,,2.86,4.18,4.3,DraftKings,Denver Broncos,2,Not Found,2025-10-12 01:59:03
Arizona Cardinals @ Indianapolis Colts,Arizona Cardinals,2025-10-12 13:01:00,NFL,4.4,4.5,4.4,4.47,4.3,4.75,4.16,,3.41,4.59,4.75,BetMGM,Indianapolis Colts,2,Not Found,2025-10-12 12:59:26
Cleveland Browns @ Pittsburgh Steelers,Cleveland Browns,2025-10-12 13:02:00,NFL,5.5,6.0,5.0,3.58,4.75,6.25,,,18.36,5.28,6.25,BetMGM,Pittsburgh Steelers,2,Not Found,2025-10-12 13:59:13
Los Angeles Rams @ Baltimore Ravens,Baltimore Ravens,2025-10-12 13:02:00,NFL,3.3,2.95,2.9,2.63,2.9,3.1,,,5.88,3.12,3.3,Caesars,Los Angeles Rams,2,Not Found,2025-10-12 13:59:13
Dallas Cowboys @ Carolina Panthers,Carolina Panthers,2025-10-12 13:01:00,NFL,2.35,2.0,2.28,1.95,2.2,2.1,,,3.86,2.26,2.35,Caesars,Carolina Panthers,2,Not Found,2025-10-12 13:59:13
Seattle Seahawks @ Jacksonville Jaguars,Jacksonville Jaguars,2025-10-12 13:02:48,NFL,2.75,2.65,2.72,1.95,2.65,2.6,,,3.38,2.66,2.75,Caesars,Seattle Seahawks,2,Not Found,2025-10-12 13:59:13
Los Angeles Chargers @ Miami Dolphins,Los Angeles Chargers,2025-10-12 13:01:00,NFL,2.0,1.95,2.02,1.49,1.91,1.95,,,2.13,1.98,2.02,FanDuel,Los Angeles Chargers,2,Not Found,2025-10-12 14:35:15
New England Patriots @ New Orleans Saints,New Orleans Saints,2025-10-12 13:02:50,NFL,5.0,4.9,5.3,2.16,4.5,5.0,,,24.04,4.27,5.3,FanDuel,New England Patriots,2,Not Found,2025-10-12 14:58:56
Tennessee Titans @ Las Vegas Raiders,Tennessee Titans,2025-10-12 16:06:00,NFL,6.5,6.0,5.3,3.49,5.0,5.75,,,19.92,5.42,6.5,Caesars,Las Vegas Raiders,2,Not Found,2025-10-12 16:59:22
Cincinnati Bengals @ Green Bay Packers,Cincinnati Bengals,2025-10-12 16:28:00,NFL,11.0,17.0,15.0,6.41,15.0,16.0,,,35.45,12.55,17.0,DraftKings,Green Bay Packers,2,Not Found,2025-10-12 17:24:23
San Francisco 49ers @ Tampa Bay Buccaneers,San Francisco 49ers,2025-10-12 16:26:00,NFL,3.05,2.95,3.35,2.92,3.0,3.1,,,3.24,3.24,3.35,FanDuel,Tampa Bay Buccaneers,2,Not Found,2025-10-12 17:58:54
Detroit Lions @ Kansas City Chiefs,Detroit Lions,2025-10-12 20:22:43,NFL,4.05,4.1,6.4,2.55,4.75,5.0,,,46.07,4.38,6.4,FanDuel,Kansas City Chiefs,2,Not Found,2025-10-12 22:08:25
Seattle Mariners @ Toronto Blue Jays,Toronto Blue Jays,2025-10-12 20:04:45,MLB,3.6,2.75,2.62,2.22,2.5,2.6,,,28.48,2.8,3.6,Caesars,Seattle Mariners,2,Not Found,2025-10-12 22:08:25
Ottawa Redblacks @ Montreal Alouettes,Ottawa Redblacks,2025-10-13 13:05:00,CFL,7.0,7.5,6.7,7.7,6.25,7.0,7.37,,2.31,7.33,7.5,DraftKings,Montreal Alouettes,2,Not Found,2025-10-13 01:31:48
Miami Heat @ Atlanta Hawks,Miami Heat,2025-10-13 18:00:00,NBA Preseason,3.05,3.0,2.94,2.78,,3.2,3.0,,2.36,3.13,3.2,BetMGM,Atlanta Hawks,2,Not Found,2025-10-13 15:22:47
Washington Wizards @ New York Knicks,New York Knicks,2025-10-13 19:30:00,NBA Preseason,1.36,1.52,1.58,1.23,,1.44,1.38,,6.99,1.48,1.58,FanDuel,Washington Wizards,2,Not Found,2025-10-13 17:59:19
Seattle Mariners @ Toronto Blue Jays,Seattle Mariners,2025-10-13 17:04:00,MLB,2.1,2.06,2.04,1.62,1.95,1.91,,,2.75,2.04,2.1,Caesars,Seattle Mariners,2,Not Found,2025-10-13 17:59:19
Buffalo Bills @ Atlanta Falcons,Buffalo Bills,2025-10-13 19:15:52,NFL,1.74,1.77,1.8,1.51,1.77,1.57,1.54,,3.0,1.75,1.8,FanDuel,Atlanta Falcons,2,Not Found,2025-10-13 19:25:12
Chicago Bears @ Washington Commanders,Washington Commanders,2025-10-13 20:16:00,NFL,1.91,1.83,2.02,1.65,1.87,1.91,,,2.55,1.97,2.02,FanDuel,Chicago Bears,2,Not Found,2025-10-13 22:00:47
Los Angeles Dodgers @ Milwaukee Brewers,Los Angeles Dodgers,2025-10-13 20:08:00,MLB,1.36,1.26,1.34,1.04,1.24,1.24,,,4.4,1.3,1.36,Caesars,Los Angeles Dodgers,2,Not Found,2025-10-13 23:08:11
SSG Landers @ Samsung Lions,SSG Landers,2025-10-14 05:30:00,KBO,2.3,2.5,2.44,2.34,,2.6,2.35,,2.05,2.55,2.6,BetMGM,Samsung Lions,2,Not Found,2025-10-14 05:31:27
Nashville Predators @ Toronto Maple Leafs,Nashville Predators,2025-10-14 19:07:58,NHL,6.0,6.5,6.0,5.27,6.0,5.5,,,5.21,6.18,6.5,DraftKings,Toronto Maple Leafs,2,Not Found,2025-10-14 19:59:03
Seattle Kraken @ Montréal Canadiens,Seattle Kraken,2025-10-14 19:20:03,NHL,2.05,1.91,2.0,1.14,1.95,2.0,,,9.68,1.87,2.05,Caesars,Montreal Canadiens,2,Not Found,2025-10-14 22:03:58
Minnesota Wild @ Dallas Stars,Minnesota Wild,2025-10-14 21:51:11,NHL,3.6,3.8,3.85,,3.8,4.1,2.66,,9.42,3.75,4.1,BetMGM,Dallas Stars,2,Not Found,2025-10-14 22:03:58
Los Angeles Dodgers @ Milwaukee Brewers,Milwaukee Brewers,2025-10-14 20:09:00,MLB,7.4,7.1,7.3,5.22,7.2,6.5,,,4.8,7.06,7.4,Caesars,Los Angeles Dodgers,2,Not Found,2025-10-14 22:03:58
Vegas Golden Knights @ Calgary Flames,Calgary Flames,2025-10-14 21:08:12,NHL,6.0,5.5,2.14,1.45,5.0,6.25,,,84.73,3.38,6.25,BetMGM,Vegas Golden Knights,2,Not Found,2025-10-14 23:12:08
Carolina Hurricanes @ San Jose Sharks,San Jose Sharks,2025-10-14 22:08:59,NHL,12.0,16.0,14.0,2.73,13.0,11.5,,,90.0,8.42,16.0,DraftKings,Carolina Hurricanes,2,Not Found,2025-10-14 23:43:50
Pittsburgh Penguins @ Anaheim Ducks,Pittsburgh Penguins,2025-10-14 22:44:38,NHL,2.1,3.8,2.14,2.21,2.05,3.8,,,44.16,2.64,3.8,DraftKings,Anaheim Ducks,2,Not Found,2025-10-14 23:58:53
Yokohama DeNA BayStars @ Hanshin Tigers,Yokohama DeNA BayStars,2025-10-15 05:01:00,NPB,2.35,2.7,2.72,2.31,2.15,2.4,,,4.52,2.6,2.72,FanDuel,Hanshin Tigers,2,Not Found,2025-10-15 06:59:05
Hapoel Tel Aviv @ Valencia Basket,Valencia Basket,2025-10-15 14:30:00,Basketball Euroleague,,2.24,2.3,1.74,2.3,2.35,1.69,,7.73,2.18,2.35,BetMGM,Hapoel Tel Aviv BC,2,Not Found,2025-10-15 14:41:33
Yokohama DeNA BayStars @ Hanshin Tigers,Yokohama DeNA BayStars,2025-10-16 05:00:00,NPB,2.9,2.9,3.0,2.58,2.6,3.2,2.65,,6.8,3.0,3.2,BetMGM,Hanshin Tigers,2,Not Found,2025-10-16 05:11:51
Hokkaido Nippon-Ham Fighters @ Fukuoka SoftBank Hawks,Fukuoka SoftBank Hawks,2025-10-16 05:00:00,NPB,2.0,1.77,1.77,1.85,1.65,1.71,1.83,,4.81,1.91,2.0,Caesars,Fukuoka SoftBank Hawks,2,Not Found,2025-10-16 05:11:51
Florida Panthers @ New Jersey Devils,New Jersey Devils,2025-10-16 19:11:50,NHL,2.45,2.14,2.18,1.62,2.1,2.15,,,11.84,2.19,2.45,Caesars,New Jersey Devils,2,Not Found,2025-10-16 19:35:18
Seattle Kraken @ Ottawa Senators,Seattle Kraken,2025-10-16 19:08:45,NHL,3.3,3.5,3.3,2.32,3.2,3.5,,,6.13,3.3,3.5,DraftKings,Ottawa Senators,2,Not Found,2025-10-16 19:35:18
Nashville Predators @ Montréal Canadiens,Nashville Predators,2025-10-16 19:08:17,NHL,2.35,2.1,2.12,2.18,2.1,2.1,,,3.02,2.28,2.35,Caesars,Montreal Canadiens,2,Not Found,2025-10-16 19:35:18
New York Rangers @ Toronto Maple Leafs,New York Rangers,2025-10-16 19:08:03,NHL,3.3,3.3,3.3,2.28,3.3,3.2,,,2.27,3.23,3.3,FanDuel,Toronto Maple Leafs,2,Not Found,2025-10-16 19:35:18
Milwaukee Brewers @ Los Angeles Dodgers,Milwaukee Brewers,2025-10-16 18:07:42,MLB,2.5,2.17,2.52,2.36,2.3,2.18,,,2.18,2.47,2.52,FanDuel,Los Angeles Dodgers,2,Not Found,2025-10-16 19:35:18
Winnipeg Jets @ Philadelphia Flyers,Philadelphia Flyers,2025-10-16 19:16:05,NHL,3.9,10.0,10.0,7.12,11.0,9.25,,,38.74,7.93,11.0,Fanatics,Winnipeg Jets,2,Not Found,2025-10-16 20:44:57
Vancouver Canucks @ Dallas Stars,Vancouver Canucks,2025-10-16 20:08:20,NHL,6.0,7.0,6.6,3.5,7.0,6.25,,,16.08,6.03,7.0,DraftKings,Vancouver Canucks,2,Not Found,2025-10-16 20:44:57
Toronto Blue Jays @ Seattle Mariners,Toronto Blue Jays,2025-10-16 20:34:00,MLB,2.25,2.28,2.62,2.3,2.2,2.3,2.18,,8.36,2.42,2.62,FanDuel,Toronto Blue Jays,2,Not Found,2025-10-16 20:44:57
Colorado Avalanche @ Columbus Blue Jackets,Columbus Blue Jackets,2025-10-16 19:12:49,NHL,9.5,11.0,11.0,4.04,10.0,9.75,,,28.79,8.54,11.0,FanDuel,Colorado Avalanche,2,Not Found,2025-10-16 20:56:23
Edmonton Oilers @ New York Islanders,New York Islanders,2025-10-16 19:38:08,NHL,4.2,4.0,4.3,2.26,4.1,4.25,,,11.6,3.85,4.3,FanDuel,New York Islanders,2,Not Found,2025-10-16 20:56:23
Pittsburgh Steelers @ Cincinnati Bengals,Cincinnati Bengals,2025-10-16 20:16:01,NFL,5.75,6.2,4.9,4.03,5.75,6.0,,,10.56,5.61,6.2,DraftKings,Cincinnati Bengals,2,Not Found,2025-10-16 20:56:23
Pittsburgh Penguins @ Los Angeles Kings,Pittsburgh Penguins,2025-10-16 22:08:46,NHL,3.9,4.1,4.2,2.75,4.0,4.2,2.77,,11.79,3.76,4.2,FanDuel,Pittsburgh Penguins,2,Not Found,2025-10-16 22:18:34
Carolina Hurricanes @ Anaheim Ducks,Anaheim Ducks,2025-10-16 22:08:13,NHL,10.0,19.0,13.0,4.47,13.0,10.0,,,90.93,9.95,19.0,DraftKings,Carolina Hurricanes,2,Not Found,2025-10-17 00:12:25
Boston Bruins @ Vegas Golden Knights,Boston Bruins,2025-10-16 22:08:40,NHL,11.0,16.0,14.0,14.46,13.0,12.0,,,15.67,13.83,16.0,DraftKings,Vegas Golden Knights,2,Not Found,2025-10-17 00:12:25
Hokkaido Nippon-Ham Fighters @ Fukuoka SoftBank Hawks,Fukuoka SoftBank Hawks,2025-10-17 05:00:00,NPB,2.3,2.45,2.58,2.02,2.25,2.6,2.0,,6.38,2.44,2.6,BetMGM,Hokkaido Nippon-Ham Fighters,2,Not Found,2025-10-17 05:11:43
Yokohama DeNA BayStars @ Hanshin Tigers,Yokohama DeNA BayStars,2025-10-17 05:01:00,NPB,7.5,8.5,9.7,9.97,6.35,7.75,,,11.5,8.7,9.7,FanDuel,Hanshin Tigers,2,Not Found,2025-10-17 05:38:46
Toronto Blue Jays @ Seattle Mariners,Seattle Mariners,2025-10-17 18:09:00,MLB,1.56,1.81,1.53,1.52,1.53,1.56,,,8.48,1.67,1.81,DraftKings,Toronto Blue Jays,2,Not Found,2025-10-17 19:08:49
Saskatchewan Roughriders @ Winnipeg Blue Bombers,Saskatchewan Roughriders,2025-10-17 20:00:00,CFL,4.1,4.7,4.15,4.29,3.8,4.1,4.03,,8.53,4.33,4.7,DraftKings,Winnipeg Blue Bombers,2,Not Found,2025-10-17 19:34:49
Denver Nuggets @ Oklahoma City Thunder,Denver Nuggets,2025-10-17 20:00:00,NBA Preseason,4.2,3.6,3.7,3.7,,4.1,4.03,,3.75,4.05,4.2,Caesars,Oklahoma City Thunder,2,Not Found,2025-10-17 19:34:49
Minnesota Wild @ Washington Capitals,Washington Capitals,2025-10-17 19:11:02,NHL,1.31,1.25,1.23,1.37,1.83,1.29,,,27.7,1.43,1.83,Fanatics,Washington Capitals,2,Not Found,2025-10-17 20:42:06
Nebraska Cornhuskers @ Minnesota Golden Gophers,Minnesota Golden Gophers,2025-10-17 20:05:53,NCAAF,3.8,3.3,3.55,2.59,3.25,3.3,,,10.46,3.44,3.8,Caesars,Minnesota Golden Gophers,2,Not Found,2025-10-17 20:42:06
Tampa Bay Lightning @ Detroit Red Wings,Tampa Bay Lightning,2025-10-17 19:08:35,NHL,3.0,3.1,3.55,2.68,3.0,3.5,,,8.07,3.28,3.55,FanDuel,Detroit Red Wings,2,Not Found,2025-10-17 20:42:06
San Jose Sharks @ Utah Mammoth,San Jose Sharks,2025-10-17 21:08:49,NHL,4.5,2.65,2.64,8.14,2.6,2.5,,,33.91,3.36,4.5,Caesars,Utah Mammoth,2,Not Found,2025-10-17 22:12:52
Milwaukee Brewers @ Los Angeles Dodgers,Milwaukee Brewers,2025-10-17 20:38:51,MLB,12.0,12.2,13.0,13.36,16.0,13.0,,,15.7,13.83,16.0,Fanatics,Los Angeles Dodgers,2,Not Found,2025-10-17 22:12:52
Vancouver Canucks @ Chicago Blackhawks,Chicago Blackhawks,2025-10-17 20:39:05,NHL,2.05,2.14,1.9,1.26,2.1,2.25,,,13.59,1.98,2.25,BetMGM,Vancouver Canucks,2,Not Found,2025-10-17 22:12:52
Edmonton Elks @ BC Lions,Edmonton Elks,2025-10-17 22:37:00,CFL,3.4,3.75,3.45,3.53,3.4,3.4,3.3,,4.1,3.6,3.75,DraftKings,BC Lions,2,Not Found,2025-10-17 22:12:52
North Carolina Tar Heels @ California Golden Bears,North Carolina Tar Heels,2025-10-17 22:40:22,NCAAF,6.5,6.5,6.6,4.31,5.75,5.5,,,9.18,6.04,6.6,FanDuel,California Golden Bears,2,Not Found,2025-10-17 23:43:26
Hokkaido Nippon-Ham Fighters @ Fukuoka SoftBank Hawks,Fukuoka SoftBank Hawks,2025-10-18 01:00:00,NPB,9.0,12.0,13.0,9.18,7.6,10.0,,,23.8,10.5,13.0,FanDuel,Hokkaido Nippon-Ham Fighters,2,Not Found,2025-10-18 02:44:10
Samsung Lions @ Hanwha Eagles,Samsung Lions,2025-10-18 01:01:26,KBO,1.59,1.62,2.42,1.76,1.62,2.35,,,23.24,1.96,2.42,FanDuel,Hanwha Eagles,2,Not Found,2025-10-18 02:44:10
Chelsea @ Nottingham Forest,Nottingham Forest,2025-10-18 07:31:00,EPL,3.7,3.5,3.3,3.1,3.1,3.3,,,3.12,3.59,3.7,Caesars,Chelsea,3,Not Found,2025-10-18 08:16:51
Leeds United @ Burnley,Leeds United,2025-10-18 10:00:00,EPL,4.8,5.25,5.8,2.23,4.5,5.25,,,28.7,4.51,5.8,FanDuel,Burnley,3,Not Found,2025-10-18 10:36:49
Bournemouth @ Crystal Palace,Crystal Palace,2025-10-18 10:01:00,EPL,12.0,14.0,14.0,13.97,11.0,14.5,,,2.56,14.14,14.5,BetMGM,Draw,3,Not Found,2025-10-18 11:08:06
Newcastle United @ Brighton and Hove Albion,Newcastle United,2025-10-18 10:00:00,EPL,12.0,15.0,14.0,8.55,13.0,13.0,,,14.3,13.12,15.0,DraftKings,Brighton and Hove Albion,3,Not Found,2025-10-18 11:35:24
Baylor Bears @ TCU Horned Frogs,Baylor Bears,2025-10-18 12:02:33,NCAAF,2.95,2.45,2.22,2.44,2.25,2.2,2.38,,17.32,2.51,2.95,Caesars,TCU Horned Frogs,2,Not Found,2025-10-18 12:10:40
Central Michigan Chippewas @ Bowling Green Falcons,Central Michigan Chippewas,2025-10-18 12:03:09,NCAAF,2.8,2.6,2.58,2.38,2.5,2.1,2.4,,8.07,2.59,2.8,Caesars,Central Michigan Chippewas,2,Not Found,2025-10-18 12:10:40
Arizona Wildcats @ Houston Cougars,Houston Cougars,2025-10-18 12:03:18,NCAAF,2.85,2.9,2.76,2.09,2.7,2.9,2.07,,7.73,2.69,2.9,DraftKings,Houston Cougars,2,Not Found,2025-10-18 12:10:40
Eastern Michigan Eagles @ Miami (OH) RedHawks,Eastern Michigan Eagles,2025-10-18 12:02:20,NCAAF,4.8,5.5,4.6,4.54,4.55,5.5,4.67,,7.72,5.11,5.5,DraftKings,Miami (OH) RedHawks,2,Not Found,2025-10-18 12:10:40
Kent State Golden Flashes @ Toledo Rockets,Kent State Golden Flashes,2025-10-18 14:00:00,NCAAF,14.5,17.0,16.0,15.07,15.0,14.0,13.56,,9.62,15.51,17.0,DraftKings,Toledo Rockets,2,Not Found,2025-10-18 13:07:30
Georgia Tech Yellow Jackets @ Duke Blue Devils,Duke Blue Devils,2025-10-18 12:10:28,NCAAF,2.1,2.24,2.58,1.91,2.3,2.4,,,9.04,2.37,2.58,FanDuel,Georgia Tech Yellow Jackets,2,Not Found,2025-10-18 13:07:30
Washington Huskies @ Michigan Wolverines,Washington Huskies,2025-10-18 12:11:10,NCAAF,3.6,4.1,3.85,2.91,3.75,3.7,,,7.39,3.82,4.1,DraftKings,Michigan Wolverines,2,Not Found,2025-10-18 13:07:30
West Virginia Mountaineers @ UCF Knights,West Virginia Mountaineers,2025-10-18 13:02:18,NCAAF,3.0,3.4,3.05,3.05,3.6,3.5,3.0,,6.89,3.37,3.6,Fanatics,UCF Knights,2,Not Found,2025-10-18 13:07:30
Arsenal @ Fulham,Fulham,2025-10-18 12:30:00,EPL,6.0,6.5,6.0,5.31,5.25,5.75,,,4.65,6.21,6.5,DraftKings,Arsenal,3,Not Found,2025-10-18 13:07:30
Florida Panthers @ Buffalo Sabres,Florida Panthers,2025-10-18 13:08:28,NHL,2.2,2.24,2.28,1.67,2.35,2.45,,,7.17,2.29,2.45,BetMGM,Buffalo Sabres,2,Not Found,2025-10-18 13:35:37
LSU Tigers @ Vanderbilt Commodores,LSU Tigers,2025-10-18 12:07:41,NCAAF,4.8,4.6,5.2,2.55,4.65,5.0,,,16.83,4.45,5.2,FanDuel,Vanderbilt Commodores,2,Not Found,2025-10-18 14:12:19
Army Black Knights @ Tulane Green Wave,Tulane Green Wave,2025-10-18 12:10:45,NCAAF,2.28,2.5,2.52,1.3,2.5,2.55,,,12.84,2.26,2.55,BetMGM,Tulane Green Wave,2,Not Found,2025-10-18 14:12:19
Oklahoma Sooners @ South Carolina Gamecocks,South Carolina Gamecocks,2025-10-18 12:47:20,NCAAF,4.2,5.5,4.6,4.91,5.0,5.0,,,7.74,5.1,5.5,DraftKings,Oklahoma Sooners,2,Not Found,2025-10-18 14:43:01
Troy Trojans @ UL Monroe Warhawks,UL Monroe Warhawks,2025-10-18 15:02:50,NCAAF,2.5,3.2,3.3,2.69,2.95,3.1,2.74,,8.31,3.05,3.3,FanDuel,Troy Trojans,2,Not Found,2025-10-18 15:07:07
Michigan State Spartans @ Indiana Hoosiers,Michigan State Spartans,2025-10-18 15:30:00,NCAAF,16.5,16.0,17.0,17.78,19.0,18.5,15.5,,7.08,17.74,19.0,Fanatics,Indiana Hoosiers,2,Not Found,2025-10-18 15:23:02
Ohio State Buckeyes @ Wisconsin Badgers,Wisconsin Badgers,2025-10-18 15:37:00,NCAAF,16.5,14.0,21.0,17.77,19.0,16.0,16.2,,19.58,17.56,21.0,FanDuel,Ohio State Buckeyes,2,Not Found,2025-10-18 15:36:39
Texas State Bobcats @ Marshall Thundering Herd,Marshall Thundering Herd,2025-10-18 15:33:02,NCAAF,2.85,3.1,3.35,2.3,2.8,2.9,2.25,,16.3,2.88,3.35,FanDuel,Marshall Thundering Herd,2,Not Found,2025-10-18 15:36:39
Coastal Carolina Chanticleers @ Appalachian State Mountaineers,Coastal Carolina Chanticleers,2025-10-18 15:32:43,NCAAF,3.9,4.7,4.2,4.34,2.95,4.75,4.27,,11.12,4.27,4.75,BetMGM,Coastal Carolina Chanticleers,2,Not Found,2025-10-18 15:36:39
Northern Illinois Huskies @ Ohio Bobcats,Northern Illinois Huskies,2025-10-18 15:33:17,NCAAF,4.8,5.2,4.4,4.18,4.65,5.0,4.24,,7.27,4.85,5.2,DraftKings,Ohio Bobcats,2,Not Found,2025-10-18 15:36:39
Akron Zips @ Ball State Cardinals,Ball State Cardinals,2025-10-18 15:32:25,NCAAF,2.1,2.2,2.4,2.08,2.45,2.35,2.1,,4.31,2.35,2.45,Fanatics,Ball State Cardinals,2,Not Found,2025-10-18 15:36:39
New York Islanders @ Ottawa Senators,New York Islanders,2025-10-18 15:09:07,NHL,3.15,3.3,3.4,3.24,3.6,3.3,,,2.54,3.51,3.6,Fanatics,New York Islanders,2,Not Found,2025-10-18 16:09:40
SMU Mustangs @ Clemson Tigers,Clemson Tigers,2025-10-18 15:35:51,NCAAF,2.2,1.83,1.87,2.53,1.83,1.91,,,3.9,2.12,2.2,Caesars,SMU Mustangs,2,Not Found,2025-10-18 16:36:31
UNLV Rebels @ Boise State Broncos,UNLV Rebels,2025-10-18 15:35:45,NCAAF,11.0,14.0,11.0,9.31,15.0,12.5,,,20.85,12.41,15.0,Fanatics,Boise State Broncos,2,Not Found,2025-10-18 17:07:42
Tampa Bay Lightning @ Columbus Blue Jackets,Tampa Bay Lightning,2025-10-18 19:08:46,NHL,3.0,3.1,3.0,2.06,3.0,2.95,,,5.01,2.95,3.1,DraftKings,Columbus Blue Jackets,2,Not Found,2025-10-18 19:34:53
Seattle Kraken @ Toronto Maple Leafs,Toronto Maple Leafs,2025-10-18 19:15:05,NHL,1.95,1.91,2.06,1.51,2.05,2.05,,,2.07,2.02,2.06,FanDuel,Seattle Kraken,2,Not Found,2025-10-18 19:34:53
Nashville Predators @ Winnipeg Jets,Nashville Predators,2025-10-18 19:21:18,NHL,11.0,12.0,12.0,8.58,12.0,10.5,,,5.23,11.4,12.0,FanDuel,Winnipeg Jets,2,Not Found,2025-10-18 20:51:48
Utah Utes @ BYU Cougars,Utah Utes,2025-10-18 20:06:24,NCAAF,1.91,2.05,2.02,1.44,2.0,2.1,,,4.91,2.0,2.1,BetMGM,BYU Cougars,2,Not Found,2025-10-18 20:51:48
New York Rangers @ Montréal Canadiens,New York Rangers,2025-10-18 19:15:21,NHL,3.4,3.6,4.0,3.43,3.5,3.8,,,4.89,3.81,4.0,FanDuel,New York Rangers,2,Not Found,2025-10-18 20:51:48
Florida State Seminoles @ Stanford Cardinal,Stanford Cardinal,2025-10-18 22:35:21,NCAAF,6.5,4.6,4.1,7.43,4.55,4.25,7.37,,18.11,5.5,6.5,Caesars,Stanford Cardinal,2,Not Found,2025-10-18 22:43:54
Boston Bruins @ Colorado Avalanche,Boston Bruins,2025-10-18 21:08:39,NHL,5.0,5.5,5.3,4.9,5.75,4.75,,,5.13,5.47,5.75,Fanatics,Colorado Avalanche,2,Not Found,2025-10-18 22:43:54
Carolina Hurricanes @ Los Angeles Kings,Carolina Hurricanes,2025-10-18 21:08:59,NHL,1.83,1.77,1.8,1.22,1.8,1.83,,,3.33,1.77,1.83,BetMGM,Carolina Hurricanes,2,Not Found,2025-10-18 23:40:06
Pittsburgh Penguins @ San Jose Sharks,San Jose Sharks,2025-10-18 22:11:12,NHL,4.5,4.4,4.4,3.63,4.0,4.1,,,2.76,4.38,4.5,Caesars,Pittsburgh Penguins,2,Not Found,2025-10-18 23:40:06
Hokkaido Nippon-Ham Fighters @ Fukuoka SoftBank Hawks,Hokkaido Nippon-Ham Fighters,2025-10-19 00:00:00,NPB,,2.7,2.86,2.32,2.55,2.25,2.42,,7.77,2.65,2.86,FanDuel,Hokkaido Nippon-Ham Fighters,2,Not Found,2025-10-19 00:13:36
Aston Villa @ Tottenham Hotspur,Aston Villa,2025-10-19 09:00:00,EPL,7.0,8.0,7.0,6.04,7.0,6.75,,,7.75,7.42,8.0,DraftKings,Aston Villa,3,Not Found,2025-10-19 09:29:28
Manchester United @ Liverpool,Liverpool,2025-10-19 11:30:00,EPL,2.4,2.4,2.5,1.68,2.25,2.4,1.69,,10.46,2.26,2.5,FanDuel,Manchester United,3,Not Found,2025-10-19 11:35:37
Vancouver Canucks @ Washington Capitals,Vancouver Canucks,2025-10-19 12:38:19,NHL,1.71,1.69,1.72,2.34,1.69,2.35,2.28,,16.06,2.02,2.35,BetMGM,Vancouver Canucks,2,Not Found,2025-10-19 12:41:01
Las Vegas Raiders @ Kansas City Chiefs,Las Vegas Raiders,2025-10-19 13:03:00,NFL,7.25,7.0,7.4,6.19,7.0,7.5,7.14,,2.33,7.33,7.5,BetMGM,Kansas City Chiefs,2,Not Found,2025-10-19 12:41:01
Carolina Panthers @ New York Jets,New York Jets,2025-10-19 13:03:11,NFL,1.8,2.0,1.88,1.94,2.1,2.15,1.9,,3.84,2.07,2.15,BetMGM,Carolina Panthers,2,Not Found,2025-10-19 13:08:01
New Orleans Saints @ Chicago Bears,New Orleans Saints,2025-10-19 13:02:33,NFL,3.4,3.6,3.8,2.45,3.5,3.6,,,8.4,3.51,3.8,FanDuel,Chicago Bears,2,Not Found,2025-10-19 13:36:14
Miami Dolphins @ Cleveland Browns,Miami Dolphins,2025-10-19 13:02:25,NFL,8.5,7.5,8.5,2.05,7.5,7.75,,,51.11,5.62,8.5,FanDuel,Cleveland Browns,2,Not Found,2025-10-19 14:12:27
New England Patriots @ Tennessee Titans,Tennessee Titans,2025-10-19 13:03:23,NFL,2.75,2.9,2.9,2.56,3.1,2.85,,,3.67,2.99,3.1,Fanatics,New England Patriots,2,Not Found,2025-10-19 14:12:27
Philadelphia Eagles @ Minnesota Vikings,Philadelphia Eagles,2025-10-19 13:02:38,NFL,1.73,1.71,1.67,1.15,1.77,1.8,,,7.06,1.68,1.8,BetMGM,Philadelphia Eagles,2,Not Found,2025-10-19 15:23:21
Edmonton Oilers @ Detroit Red Wings,Edmonton Oilers,2025-10-19 15:10:19,NHL,6.0,7.5,8.5,2.84,8.0,7.75,,,37.81,6.17,8.5,FanDuel,Detroit Red Wings,2,Not Found,2025-10-19 16:37:33
Washington Commanders @ Dallas Cowboys,Washington Commanders,2025-10-19 16:25:20,NFL,3.2,2.95,3.0,2.07,2.85,3.25,2.05,,15.6,2.81,3.25,BetMGM,Dallas Cowboys,2,Not Found,2025-10-19 16:37:33
Indianapolis Colts @ Los Angeles Chargers,Los Angeles Chargers,2025-10-19 16:05:38,NFL,2.25,2.3,2.42,1.78,2.2,2.25,,,4.92,2.31,2.42,FanDuel,Indianapolis Colts,2,Not Found,2025-10-19 16:37:33
New York Giants @ Denver Broncos,Denver Broncos,2025-10-19 16:05:30,NFL,2.75,2.75,2.72,1.7,2.65,2.75,,,5.09,2.62,2.75,DraftKings,Denver Broncos,2,Not Found,2025-10-19 17:07:59
Green Bay Packers @ Arizona Cardinals,Arizona Cardinals,2025-10-19 16:25:23,NFL,2.95,3.4,3.1,3.22,3.3,3.5,,,2.3,3.42,3.5,BetMGM,Green Bay Packers,2,Not Found,2025-10-19 17:07:59
Atlanta Falcons @ San Francisco 49ers,San Francisco 49ers,2025-10-19 20:22:59,NFL,2.25,2.24,2.4,1.82,2.25,2.35,,,3.11,2.33,2.4,FanDuel,San Francisco 49ers,2,Not Found,2025-10-19 20:50:16
Seattle Mariners @ Toronto Blue Jays,Seattle Mariners,2025-10-19 20:04:00,MLB,13.0,12.6,16.0,11.85,16.0,15.0,,Not Found,9.9,14.56,16.0,FanDuel,Toronto Blue Jays,2,Not Found,2025-10-19 22:18:30
Hokkaido Nippon-Ham Fighters @ Fukuoka SoftBank Hawks,Hokkaido Nippon-Ham Fighters,2025-10-20 05:00:00,NPB,4.2,6.75,7.3,4.77,5.4,8.25,,Not Found,33.36,6.19,8.25,BetMGM,Fukuoka SoftBank Hawks,2,,2025-10-20 07:08:52
Tampa Bay Buccaneers @ Detroit Lions,Tampa Bay Buccaneers,2025-10-20 19:02:52,NFL,3.6,4.1,,3.36,4.1,4.4,3.41,Not Found,10.72,3.97,4.4,BetMGM,Detroit Lions,2,,2025-10-20 19:09:19
Seattle Mariners @ Toronto Blue Jays,Seattle Mariners,2025-10-20 20:10:38,MLB,2.0,2.07,1.78,1.98,1.77,1.85,,Not Found,2.73,2.01,2.07,DraftKings,Toronto Blue Jays,2,,2025-10-20 20:46:17
Houston Texans @ Seattle Seahawks,Houston Texans,2025-10-20 22:05:25,NFL,7.4,8.5,8.0,10.62,6.0,7.75,,Not Found,3.04,8.25,8.5,DraftKings,Seattle Seahawks,2,,2025-10-20 23:27:06
Hanwha Eagles @ Samsung Lions,Hanwha Eagles,2025-10-21 05:30:59,KBO,2.25,2.5,2.72,2.21,2.55,2.8,,Not Found,5.69,2.65,2.8,BetMGM,Hanwha Eagles,2,,2025-10-21 06:11:06
Edmonton Oilers @ Ottawa Senators,Ottawa Senators,2025-10-21 19:08:23,NHL,2.25,3.5,3.15,2.08,3.5,3.6,,Not Found,18.67,3.03,3.6,BetMGM,Edmonton Oilers,2,,2025-10-21 19:36:50
Vancouver Canucks @ Pittsburgh Penguins,Pittsburgh Penguins,2025-10-21 19:08:05,NHL,1.77,1.8,1.87,1.89,2.0,1.74,,Not Found,2.34,1.95,2.0,Fanatics,Pittsburgh Penguins,2,,2025-10-21 19:36:50
San Jose Sharks @ New York Islanders,San Jose Sharks,2025-10-21 19:08:18,NHL,9.5,13.0,11.6,10.61,10.0,10.0,,Not Found,16.5,11.16,13.0,DraftKings,New York Islanders,2,,2025-10-21 20:47:37
Florida Panthers @ Boston Bruins,Boston Bruins,2025-10-21 19:38:50,NHL,7.0,6.75,7.0,3.36,6.5,6.25,,Not Found,16.09,6.03,7.0,FanDuel,Florida Panthers,2,,2025-10-21 20:47:37
New Jersey Devils @ Toronto Maple Leafs,Toronto Maple Leafs,2025-10-21 19:08:03,NHL,7.7,7.5,8.5,6.43,9.0,7.0,,Not Found,12.68,7.99,9.0,Fanatics,New Jersey Devils,2,,2025-10-21 20:47:37
Columbus Blue Jackets @ Dallas Stars,Dallas Stars,2025-10-21 20:08:37,NHL,3.4,3.6,3.4,2.03,3.6,3.25,,Not Found,10.47,3.26,3.6,DraftKings,Columbus Blue Jackets,2,,2025-10-21 20:47:37
Houston Rockets @ Oklahoma City Thunder,Oklahoma City Thunder,2025-10-21 19:43:24,NBA,1.95,2.3,2.06,1.58,1.95,2.2,,Not Found,9.51,2.1,2.3,DraftKings,Oklahoma City Thunder,2,,2025-10-21 20:47:37
Colorado Avalanche @ Utah Mammoth,Colorado Avalanche,2025-10-21 22:20:46,NHL,4.5,5.5,5.0,4.15,5.25,6.25,,Not Found,17.81,5.31,6.25,BetMGM,Utah Mammoth,2,,2025-10-22 00:43:00
Hanwha Eagles @ Samsung Lions,Samsung Lions,2025-10-22 05:31:00,KBO,5.0,6.0,6.6,1.88,5.4,5.75,,Not Found,44.57,4.57,6.6,FanDuel,Samsung Lions,2,,2025-10-22 07:09:01
Toronto Raptors @ Atlanta Hawks,Toronto Raptors,2025-10-22 19:40:00,NBA,2.85,3.4,2.72,2.78,2.75,2.85,2.83,Not Found,14.15,2.98,3.4,DraftKings,Toronto Raptors,2,,2025-10-22 19:35:13
Miami Heat @ Orlando Magic,Miami Heat,2025-10-22 19:14:53,NBA,3.0,2.75,2.26,2.73,2.45,2.7,,Not Found,7.77,2.78,3.0,Caesars,Orlando Magic,2,,2025-10-22 19:35:13
Cleveland Cavaliers @ New York Knicks,Cleveland Cavaliers,2025-10-22 19:13:20,NBA,2.6,2.45,2.42,1.99,2.5,2.45,,Not Found,2.91,2.53,2.6,Caesars,New York Knicks,2,,2025-10-22 19:35:13
Detroit Pistons @ Chicago Bulls,Detroit Pistons,2025-10-22 20:13:55,NBA,2.8,4.0,4.0,3.95,3.6,4.5,,Not Found,13.9,3.95,4.5,BetMGM,Chicago Bulls,2,,2025-10-22 20:45:43
New Orleans Pelicans @ Memphis Grizzlies,Memphis Grizzlies,2025-10-22 20:12:46,NBA,2.25,1.83,1.85,1.95,1.87,1.91,,Not Found,9.35,2.06,2.25,Caesars,Memphis Grizzlies,2,,2025-10-22 20:45:43
Los Angeles Clippers @ Utah Jazz,Utah Jazz,2025-10-22 21:10:00,NBA,4.35,4.7,4.5,4.28,4.3,4.4,4.16,Not Found,3.16,4.56,4.7,DraftKings,Utah Jazz,2,,2025-10-22 20:45:43
San Antonio Spurs @ Dallas Mavericks,San Antonio Spurs,2025-10-22 21:50:00,NBA,2.85,2.4,2.82,2.12,2.5,2.4,,Not Found,8.41,2.63,2.85,Caesars,San Antonio Spurs,2,,2025-10-22 22:20:34
Sacramento Kings @ Phoenix Suns,Sacramento Kings,2025-10-22 22:12:00,NBA,2.6,2.7,2.76,2.44,2.85,2.75,2.34,Not Found,3.5,2.75,2.85,Fanatics,Phoenix Suns,2,,2025-10-22 22:20:34
Missouri State Bears @ New Mexico State Aggies,New Mexico State Aggies,2025-10-22 21:02:55,NCAAF,7.4,7.0,7.3,3.28,7.8,6.5,,Not Found,23.78,6.3,7.8,Fanatics,Missouri State Bears,2,,2025-10-22 23:24:33
Minnesota Timberwolves @ Portland Trail Blazers,Portland Trail Blazers,2025-10-22 22:17:00,NBA,2.2,1.91,2.04,2.05,2.0,1.95,,Not Found,3.11,2.13,2.2,Caesars,Minnesota Timberwolves,2,,2025-10-22 23:24:33
Chicago Blackhawks @ Tampa Bay Lightning,Chicago Blackhawks,2025-10-23 18:51:15,NHL,3.0,2.1,3.3,3.32,3.0,2.05,,Not Found,15.95,2.85,3.3,FanDuel,Chicago Blackhawks,2,,2025-10-23 19:09:13
San Jose Sharks @ New York Rangers,San Jose Sharks,2025-10-23 19:08:47,NHL,1.67,2.3,1.53,3.22,1.57,1.54,,Not Found,19.05,1.93,2.3,DraftKings,San Jose Sharks,2,,2025-10-23 19:35:05
Philadelphia Flyers @ Ottawa Senators,Philadelphia Flyers,2025-10-23 19:08:48,NHL,2.1,2.35,2.22,1.68,2.25,2.4,,Not Found,6.15,2.26,2.4,BetMGM,Ottawa Senators,2,,2025-10-23 19:35:05
Utah Mammoth @ St Louis Blues,St Louis Blues,2025-10-23 20:08:32,NHL,15.0,16.0,15.0,1.83,18.0,11.5,,Not Found,153.21,7.11,18.0,Fanatics,Utah Mammoth,2,,2025-10-23 20:42:42
Anaheim Ducks @ Boston Bruins,Boston Bruins,2025-10-23 19:11:14,NHL,3.15,3.1,3.4,1.34,3.2,3.1,,Not Found,24.26,2.74,3.4,FanDuel,Anaheim Ducks,2,,2025-10-23 20:42:42
Pittsburgh Penguins @ Florida Panthers,Florida Panthers,2025-10-23 19:13:11,NHL,5.0,5.0,5.4,2.36,5.25,5.5,,Not Found,19.87,4.59,5.5,BetMGM,Pittsburgh Penguins,2,,2025-10-23 20:42:42
Minnesota Vikings @ Los Angeles Chargers,Minnesota Vikings,2025-10-23 20:16:00,NFL,3.3,3.9,3.85,3.66,4.3,4.1,,Not Found,6.61,4.03,4.3,Fanatics,Los Angeles Chargers,2,,2025-10-23 20:42:42
Vancouver Canucks @ Nashville Predators,Vancouver Canucks,2025-10-23 20:08:39,NHL,5.0,5.7,6.6,2.01,6.0,6.75,,Not Found,43.26,4.71,6.75,BetMGM,Nashville Predators,2,,2025-10-23 22:17:10
Oklahoma City Thunder @ Indiana Pacers,Indiana Pacers,2025-10-23 19:45:08,NBA,3.9,4.1,4.0,1.49,4.1,4.75,,Not Found,39.57,3.4,4.75,BetMGM,Oklahoma City Thunder,2,,2025-10-23 22:17:10
Seattle Kraken @ Winnipeg Jets,Winnipeg Jets,2025-10-23 20:08:44,NHL,3.3,3.5,3.8,2.77,3.4,3.5,,Not Found,7.74,3.53,3.8,FanDuel,Seattle Kraken,2,,2025-10-23 22:17:10
Carolina Hurricanes @ Colorado Avalanche,Colorado Avalanche,2025-10-23 21:15:33,NHL,7.4,9.0,9.0,7.7,8.5,8.25,,Not Found,3.61,8.69,9.0,FanDuel,Carolina Hurricanes,2,,2025-10-23 22:17:10
Los Angeles Kings @ Dallas Stars,Dallas Stars,2025-10-23 21:15:41,NHL,2.45,2.8,2.44,2.54,2.85,2.8,,Not Found,2.62,2.78,2.85,Fanatics,Los Angeles Kings,2,,2025-10-23 22:17:10
Montréal Canadiens @ Edmonton Oilers,Edmonton Oilers,2025-10-23 21:09:28,NHL,5.2,6.5,6.4,2.47,7.0,6.0,,Not Found,34.97,5.19,7.0,Fanatics,Edmonton Oilers,2,,2025-10-23 23:12:58
Denver Nuggets @ Golden State Warriors,Golden State Warriors,2025-10-23 22:19:01,NBA,4.2,4.1,4.3,3.72,4.0,3.6,,Not Found,2.41,4.2,4.3,FanDuel,Golden State Warriors,2,,2025-10-23 23:12:58
Samsung Lions @ Hanwha Eagles,Samsung Lions,2025-10-24 05:31:21,KBO,3.8,3.5,3.55,3.12,3.2,3.5,,Not Found,3.7,3.66,3.8,Caesars,Hanwha Eagles,2,,2025-10-24 05:55:06
West Ham United @ Leeds United,West Ham United,2025-10-24 15:01:00,EPL,26.0,29.0,28.0,25.94,26.0,31.0,,Not Found,5.63,29.35,31.0,BetMGM,Leeds United,3,,2025-10-24 15:28:26
Milwaukee Bucks @ Toronto Raptors,Milwaukee Bucks,2025-10-24 18:45:00,NBA,2.1,2.3,2.08,2.06,2.4,2.3,2.11,Not Found,3.94,2.31,2.4,Fanatics,Milwaukee Bucks,2,,2025-10-24 18:55:03
Atlanta Hawks @ Orlando Magic,Atlanta Hawks,2025-10-24 19:11:03,NBA,2.95,3.1,3.4,2.86,2.85,2.8,2.83,Not Found,9.47,3.11,3.4,FanDuel,Atlanta Hawks,2,,2025-10-24 19:19:34
Cleveland Cavaliers @ Brooklyn Nets,Brooklyn Nets,2025-10-24 19:43:29,NBA,7.4,6.75,6.2,6.03,6.5,6.25,5.76,Not Found,10.32,6.71,7.4,Caesars,Cleveland Cavaliers,2,,2025-10-24 19:48:25
Boston Celtics @ New York Knicks,Boston Celtics,2025-10-24 19:43:11,NBA,10.0,8.5,11.0,11.64,9.5,12.0,,Not Found,10.49,10.86,12.0,BetMGM,New York Knicks,2,,2025-10-24 21:41:08
San Antonio Spurs @ New Orleans Pelicans,New Orleans Pelicans,2025-10-24 20:11:13,NBA,3.9,3.7,3.8,2.96,4.3,4.0,,Not Found,9.49,3.93,4.3,Fanatics,San Antonio Spurs,2,,2025-10-24 21:41:08
Calgary Stampeders @ Edmonton Elks,Edmonton Elks,2025-10-24 21:35:00,CFL,2.8,3.2,2.6,2.75,3.0,3.0,2.8,Not Found,6.42,3.01,3.2,DraftKings,Calgary Stampeders,2,,2025-10-24 21:41:08
Boise State Broncos @ Nevada Wolf Pack,Nevada Wolf Pack,2025-10-24 22:00:00,NCAAF,10.0,9.5,11.4,10.51,,10.5,10.1,Not Found,6.19,10.74,11.4,FanDuel,Boise State Broncos,2,,2025-10-24 21:41:08
Detroit Pistons @ Houston Rockets,Houston Rockets,2025-10-24 20:12:46,NBA,10.0,3.9,2.52,1.57,10.0,8.75,,Not Found,151.7,3.97,10.0,Caesars,Detroit Pistons,2,,2025-10-24 22:51:17
Minnesota Timberwolves @ Los Angeles Lakers,Minnesota Timberwolves,2025-10-24 22:17:55,NBA,1.62,1.74,1.59,1.58,1.5,1.57,,Not Found,2.63,1.7,1.74,DraftKings,Los Angeles Lakers,2,,2025-10-24 22:51:17
Phoenix Suns @ Los Angeles Clippers,Phoenix Suns,2025-10-24 22:43:33,NBA,5.5,7.5,7.3,4.04,9.0,7.75,,Not Found,33.48,6.74,9.0,Fanatics,Los Angeles Clippers,2,,2025-10-24 23:27:30
Golden State Warriors @ Portland Trail Blazers,Golden State Warriors,2025-10-24 22:12:47,NBA,3.3,2.3,3.1,3.41,2.85,2.15,,Not Found,12.98,2.92,3.3,Caesars,Portland Trail Blazers,2,,2025-10-24 23:27:30
Utah Jazz @ Sacramento Kings,Sacramento Kings,2025-10-24 22:11:37,NBA,1.91,1.91,1.83,1.41,1.71,1.83,,Not Found,2.63,1.86,1.91,DraftKings,Sacramento Kings,2,,2025-10-24 23:27:30
Fulham @ Newcastle United,Fulham,2025-10-25 10:00:00,EPL,11.0,12.0,11.0,5.09,10.0,12.5,,Not Found,24.55,10.04,12.5,BetMGM,Newcastle United,3,,2025-10-25 10:32:19
UCLA Bruins @ Indiana Hoosiers,UCLA Bruins,2025-10-25 12:00:00,NCAAF,13.0,17.0,17.0,15.83,,16.0,13.16,Not Found,7.73,15.78,17.0,FanDuel,Indiana Hoosiers,2,,2025-10-25 11:56:32
Brighton and Hove Albion @ Manchester United,Brighton and Hove Albion,2025-10-25 12:30:00,EPL,3.4,7.5,7.0,3.33,6.5,7.5,,Not Found,34.6,5.57,7.5,DraftKings,Manchester United,3,,2025-10-25 12:58:09
Auburn Tigers @ Arkansas Razorbacks,Arkansas Razorbacks,2025-10-25 12:47:35,NCAAF,1.71,1.83,1.98,1.76,,1.87,1.77,Not Found,3.83,1.91,1.98,FanDuel,Auburn Tigers,2,,2025-10-25 12:58:09
Florida Atlantic Owls @ Navy Midshipmen,Florida Atlantic Owls,2025-10-25 15:30:00,NCAAF,5.25,5.9,5.4,5.55,,5.0,5.46,Not Found,4.6,5.64,5.9,DraftKings,Navy Midshipmen,2,,2025-10-25 15:16:00
UMass Minutemen @ Central Michigan Chippewas,UMass Minutemen,2025-10-25 15:32:29,NCAAF,6.5,7.5,6.4,6.49,,7.25,6.34,Not Found,6.78,7.02,7.5,DraftKings,Central Michigan Chippewas,2,,2025-10-25 15:34:57
NC State Wolfpack @ Pittsburgh Panthers,NC State Wolfpack,2025-10-25 15:35:12,NCAAF,3.4,5.7,3.6,2.8,,4.2,2.74,Not Found,54.9,3.68,5.7,DraftKings,Pittsburgh Panthers,2,,2025-10-25 15:42:19
Ball State Cardinals @ Northern Illinois Huskies,Ball State Cardinals,2025-10-25 15:32:49,NCAAF,3.4,5.5,4.9,3.16,,5.5,3.07,Not Found,31.47,4.18,5.5,DraftKings,Northern Illinois Huskies,2,,2025-10-25 15:42:19
BYU Cougars @ Iowa State Cyclones,BYU Cougars,2025-10-25 15:36:21,NCAAF,3.0,2.65,2.9,2.26,,2.8,2.22,Not Found,10.0,2.73,3.0,Caesars,BYU Cougars,2,,2025-10-25 15:42:19
Temple Owls @ Tulsa Golden Hurricane,Temple Owls,2025-10-25 15:32:23,NCAAF,1.71,1.62,1.62,1.51,,1.59,1.49,Not Found,2.68,1.67,1.71,Caesars,Temple Owls,2,,2025-10-25 15:42:19
Illinois Fighting Illini @ Washington Huskies,Illinois Fighting Illini,2025-10-25 15:40:54,NCAAF,2.6,3.2,3.2,2.36,,3.5,2.4,Not Found,19.17,2.94,3.5,BetMGM,Washington Huskies,2,,2025-10-25 15:50:08
Liverpool @ Brentford,Liverpool,2025-10-25 14:59:00,EPL,3.8,3.6,4.1,3.49,3.7,3.6,,Not Found,2.85,3.99,4.1,FanDuel,Brentford,3,,2025-10-25 16:22:30
Chicago Bulls @ Orlando Magic,Chicago Bulls,2025-10-25 19:11:05,NBA,3.3,2.8,2.9,3.11,3.1,3.1,3.0,Not Found,3.28,3.2,3.3,Caesars,Chicago Bulls,2,,2025-10-25 19:18:25
Charlotte Hornets @ Philadelphia 76ers,Charlotte Hornets,2025-10-25 19:42:00,NBA,3.15,3.2,3.4,2.73,3.2,3.25,2.63,Not Found,6.02,3.21,3.4,FanDuel,Philadelphia 76ers,2,,2025-10-25 19:48:18
Oklahoma City Thunder @ Atlanta Hawks,Atlanta Hawks,2025-10-25 19:40:31,NBA,3.8,4.0,3.55,3.75,3.6,3.75,3.6,Not Found,2.46,3.9,4.0,DraftKings,Oklahoma City Thunder,2,,2025-10-25 19:48:18
Indiana Pacers @ Memphis Grizzlies,Indiana Pacers,2025-10-25 20:11:00,NBA,13.0,15.0,16.0,7.45,11.0,14.5,,Not Found,27.01,12.6,16.0,FanDuel,Memphis Grizzlies,2,,2025-10-25 21:49:33
Phoenix Suns @ Denver Nuggets,Phoenix Suns,2025-10-25 21:13:37,NBA,7.4,7.5,9.0,6.64,8.0,7.5,,Not Found,12.3,8.01,9.0,FanDuel,Denver Nuggets,2,,2025-10-25 21:49:33
Hanshin Tigers @ Fukuoka SoftBank Hawks,Fukuoka SoftBank Hawks,2025-10-26 05:30:00,NPB,2.35,2.1,2.82,2.1,2.25,2.1,1.95,Not Found,20.26,2.34,2.82,FanDuel,Fukuoka SoftBank Hawks,2,,2025-10-26 05:40:46
Crystal Palace @ Arsenal,Crystal Palace,2025-10-26 10:00:00,EPL,8.0,9.0,8.5,8.75,7.5,,8.85,Not Found,2.27,8.8,9.0,DraftKings,Arsenal,3,,2025-10-26 09:41:47
Burnley @ Wolverhampton Wanderers,Burnley,2025-10-26 10:00:00,EPL,3.7,2.0,2.05,3.72,2.0,1.91,,Not Found,45.72,2.54,3.7,Caesars,Burnley,3,,2025-10-26 10:18:37
Nottingham Forest @ Bournemouth,Nottingham Forest,2025-10-26 10:01:00,EPL,9.0,9.5,10.5,4.14,8.0,9.75,,Not Found,27.63,8.23,10.5,FanDuel,Bournemouth,3,,2025-10-26 10:32:39
Manchester City @ Aston Villa,Manchester City,2025-10-26 10:00:00,EPL,5.5,7.5,7.0,5.5,6.0,7.25,,Not Found,9.53,6.85,7.5,DraftKings,Aston Villa,3,,2025-10-26 11:31:26
Cleveland Browns @ New England Patriots,Cleveland Browns,2025-10-26 13:02:47,NFL,4.2,3.9,3.3,3.98,3.4,3.6,,Not Found,7.2,3.92,4.2,Caesars,New England Patriots,2,,2025-10-26 13:17:49
Colorado Avalanche @ New Jersey Devils,Colorado Avalanche,2025-10-26 13:08:06,NHL,4.5,5.0,4.7,2.12,4.5,4.6,,Not Found,22.08,4.1,5.0,DraftKings,New Jersey Devils,2,,2025-10-26 13:31:29
San Francisco 49ers @ Houston Texans,San Francisco 49ers,2025-10-26 13:03:11,NFL,2.45,3.5,3.3,2.63,3.3,3.3,,Not Found,9.41,3.2,3.5,DraftKings,Houston Texans,2,,2025-10-26 13:31:29
New York Jets @ Cincinnati Bengals,New York Jets,2025-10-26 13:02:51,NFL,6.5,6.2,6.2,5.82,5.75,5.5,,Not Found,3.23,6.3,6.5,Caesars,New York Jets,2,,2025-10-26 13:31:29
Miami Dolphins @ Atlanta Falcons,Atlanta Falcons,2025-10-26 13:02:37,NFL,1.69,1.65,1.68,1.26,1.71,1.62,,Not Found,2.02,1.68,1.71,Fanatics,Miami Dolphins,2,,2025-10-26 13:31:29
Buffalo Bills @ Carolina Panthers,Carolina Panthers,2025-10-26 13:02:57,NFL,7.5,5.0,5.5,6.29,5.75,5.0,,Not Found,23.82,6.06,7.5,Caesars,Buffalo Bills,2,,2025-10-26 13:41:16
New York Giants @ Philadelphia Eagles,New York Giants,2025-10-26 13:02:47,NFL,3.6,4.0,4.3,3.67,4.0,4.33,,Not Found,3.79,4.17,4.33,BetMGM,Philadelphia Eagles,2,,2025-10-26 13:41:16
Chicago Bears @ Baltimore Ravens,Chicago Bears,2025-10-26 13:02:19,NFL,2.1,2.35,2.4,1.78,2.2,2.0,,Not Found,7.1,2.24,2.4,FanDuel,Baltimore Ravens,2,,2025-10-26 13:48:49
Brooklyn Nets @ San Antonio Spurs,Brooklyn Nets,2025-10-26 14:12:00,NBA,4.8,4.9,5.5,3.3,4.5,4.5,,Not Found,16.04,4.74,5.5,FanDuel,San Antonio Spurs,2,,2025-10-26 14:29:28
Boston Celtics @ Detroit Pistons,Detroit Pistons,2025-10-26 15:44:38,NBA,2.0,2.2,2.32,1.77,2.05,2.1,1.76,Not Found,9.49,2.12,2.32,FanDuel,Detroit Pistons,2,,2025-10-26 15:51:46
Tennessee Titans @ Indianapolis Colts,Tennessee Titans,2025-10-26 16:25:00,NFL,9.0,10.5,9.7,10.71,9.5,10.0,9.74,Not Found,2.49,10.24,10.5,DraftKings,Indianapolis Colts,2,,2025-10-26 15:59:01
Dallas Cowboys @ Denver Broncos,Denver Broncos,2025-10-26 16:25:25,NFL,1.95,1.95,2.0,1.5,2.0,1.95,1.48,Not Found,5.46,1.9,2.0,FanDuel,Denver Broncos,2,,2025-10-26 16:36:41
Tampa Bay Buccaneers @ New Orleans Saints,New Orleans Saints,2025-10-26 16:05:40,NFL,3.15,3.1,3.0,2.38,2.9,3.2,,Not Found,3.53,3.09,3.2,BetMGM,Tampa Bay Buccaneers,2,,2025-10-26 16:36:41
Vegas Golden Knights @ Tampa Bay Lightning,Vegas Golden Knights,2025-10-26 17:09:08,NHL,1.91,3.0,2.12,2.21,3.1,3.25,2.22,Not Found,26.36,2.57,3.25,BetMGM,Tampa Bay Lightning,2,,2025-10-26 17:18:45
San Jose Sharks @ Minnesota Wild,Minnesota Wild,2025-10-26 18:08:46,NHL,1.83,2.1,2.04,1.5,2.1,2.1,1.56,Not Found,7.7,1.95,2.1,DraftKings,San Jose Sharks,2,,2025-10-26 18:20:10
Charlotte Hornets @ Washington Wizards,Charlotte Hornets,2025-10-26 18:16:00,NBA,2.45,2.3,2.32,2.1,2.35,2.1,2.04,Not Found,4.54,2.34,2.45,Caesars,Charlotte Hornets,2,,2025-10-26 18:20:10
Los Angeles Kings @ Chicago Blackhawks,Los Angeles Kings,2025-10-26 19:08:57,NHL,1.67,1.62,1.61,1.64,1.62,2.3,1.67,Not Found,28.11,1.8,2.3,BetMGM,Los Angeles Kings,2,,2025-10-26 19:19:27
Utah Mammoth @ Winnipeg Jets,Winnipeg Jets,2025-10-26 18:08:41,NHL,1.36,1.27,1.29,1.27,1.27,1.74,,Not Found,21.99,1.43,1.74,BetMGM,Utah Mammoth,2,,2025-10-26 19:19:27
Milwaukee Bucks @ Cleveland Cavaliers,Milwaukee Bucks,2025-10-26 18:12:09,NBA,5.2,5.0,4.6,5.14,5.25,6.25,,Not Found,13.77,5.49,6.25,BetMGM,Cleveland Cavaliers,2,,2025-10-26 19:19:27
Indiana Pacers @ Minnesota Timberwolves,Indiana Pacers,2025-10-26 19:13:00,NBA,6.5,6.75,6.4,5.35,6.0,7.0,5.28,Not Found,9.04,6.42,7.0,BetMGM,Minnesota Timberwolves,2,,2025-10-26 19:19:27
New York Knicks @ Miami Heat,Miami Heat,2025-10-26 18:14:21,NBA,2.1,2.2,2.2,2.11,2.4,2.2,,Not Found,3.04,2.33,2.4,Fanatics,Miami Heat,2,,2025-10-26 19:41:34
Toronto Raptors @ Dallas Mavericks,Toronto Raptors,2025-10-26 19:43:00,NBA,1.77,2.05,2.02,1.97,1.83,1.8,1.93,Not Found,2.01,2.01,2.05,DraftKings,Dallas Mavericks,2,,2025-10-26 19:49:40
Los Angeles Lakers @ Sacramento Kings,Los Angeles Lakers,2025-10-26 21:10:30,NBA,2.45,2.6,2.38,1.75,2.85,2.54,,Not Found,13.99,2.5,2.85,Fanatics,Los Angeles Lakers,2,,2025-10-26 21:53:42
Edmonton Oilers @ Vancouver Canucks,Edmonton Oilers,2025-10-26 22:08:10,NHL,4.5,4.8,5.2,4.05,4.75,4.6,,Not Found,6.43,4.89,5.2,FanDuel,Vancouver Canucks,2,,2025-10-26 23:22:26
Hanwha Eagles @ LG Twins,LG Twins,2025-10-27 05:30:27,KBO,3.4,3.6,3.85,1.79,3.45,3.4,1.77,Not Found,32.1,2.91,3.85,FanDuel,LG Twins,2,,2025-10-27 05:43:37
Orlando Magic @ Philadelphia 76ers,Orlando Magic,2025-10-27 19:10:39,NBA,1.69,1.57,1.76,1.59,1.62,1.57,1.42,Not Found,4.26,1.69,1.76,FanDuel,Philadelphia 76ers,2,,2025-10-27 19:19:48
Cleveland Cavaliers @ Detroit Pistons,Detroit Pistons,2025-10-27 19:13:09,NBA,2.05,1.87,2.4,1.68,1.95,1.91,,Not Found,15.66,2.08,2.4,FanDuel,Cleveland Cavaliers,2,,2025-10-27 19:30:47
Toronto Raptors @ San Antonio Spurs,Toronto Raptors,2025-10-27 20:14:00,NBA,10.0,13.0,11.6,8.68,10.0,7.25,,Not Found,27.56,10.19,13.0,DraftKings,San Antonio Spurs,2,,2025-10-27 21:43:32
Atlanta Hawks @ Chicago Bulls,Atlanta Hawks,2025-10-27 20:10:13,NBA,3.6,3.7,3.8,1.77,3.4,3.25,,Not Found,18.38,3.21,3.8,FanDuel,Chicago Bulls,2,,2025-10-27 21:43:32
Oklahoma City Thunder @ Dallas Mavericks,Dallas Mavericks,2025-10-27 20:41:00,NBA,5.0,4.9,6.0,5.64,5.0,5.25,,Not Found,7.95,5.56,6.0,FanDuel,Oklahoma City Thunder,2,,2025-10-27 21:43:32
Boston Celtics @ New Orleans Pelicans,New Orleans Pelicans,2025-10-27 20:10:51,NBA,6.0,6.5,6.6,6.48,6.5,7.25,,Not Found,5.13,6.9,7.25,BetMGM,Boston Celtics,2,,2025-10-27 21:43:32
Phoenix Suns @ Utah Jazz,Phoenix Suns,2025-10-27 21:11:37,NBA,7.4,7.0,7.0,2.69,8.0,5.75,,Not Found,37.86,5.8,8.0,Fanatics,Utah Jazz,2,,2025-10-27 22:59:32
Portland Trail Blazers @ Los Angeles Lakers,Portland Trail Blazers,2025-10-27 22:41:00,NBA,1.8,1.77,1.96,1.6,1.87,1.8,,Not Found,2.82,1.91,1.96,FanDuel,Portland Trail Blazers,2,,2025-10-27 22:59:32
Toronto Blue Jays @ Los Angeles Dodgers,Toronto Blue Jays,2025-10-27 20:06:00,MLB,2.35,2.26,2.34,1.71,2.35,2.25,,Not Found,2.22,2.3,2.35,Caesars,Los Angeles Dodgers,2,,2025-10-27 22:59:32
Denver Nuggets @ Minnesota Timberwolves,Minnesota Timberwolves,2025-10-27 21:42:00,NBA,6.0,4.9,3.85,6.3,4.3,6.5,,Not Found,20.14,5.41,6.5,BetMGM,Denver Nuggets,2,,2025-10-27 23:42:06
Memphis Grizzlies @ Golden State Warriors,Memphis Grizzlies,2025-10-27 22:11:13,NBA,5.5,6.0,5.2,5.58,5.0,5.5,,Not Found,3.97,5.77,6.0,DraftKings,Golden State Warriors,2,,2025-10-27 23:42:06
Anadolu Efes @ Paris Basketball,Paris Basketball,2025-10-28 15:45:00,Basketball Euroleague,,2.24,2.2,1.62,2.0,1.95,1.69,Not Found,10.33,2.03,2.24,DraftKings,Anadolu Efes SK,2,,2025-10-28 15:56:25
Philadelphia 76ers @ Washington Wizards,Washington Wizards,2025-10-28 19:11:00,NBA,2.85,2.6,2.42,2.63,2.6,2.55,2.61,Not Found,4.2,2.74,2.85,Caesars,Philadelphia 76ers,2,,2025-10-28 19:20:15
UTEP Miners @ Kennesaw State Owls,UTEP Miners,2025-10-28 20:00:00,NCAAF,4.2,4.3,4.85,4.5,,4.4,4.83,Not Found,3.42,4.69,4.85,FanDuel,Kennesaw State Owls,2,,2025-10-28 19:42:27
Sacramento Kings @ Oklahoma City Thunder,Oklahoma City Thunder,2025-10-28 20:12:00,NBA,1.56,1.56,1.82,1.3,1.61,1.45,,Not Found,12.13,1.62,1.82,FanDuel,Oklahoma City Thunder,2,,2025-10-28 21:50:23
Tampa Bay Lightning @ Nashville Predators,Nashville Predators,2025-10-28 19:53:59,NHL,12.0,12.0,13.0,13.49,14.0,11.5,,Not Found,6.05,13.2,14.0,Fanatics,Tampa Bay Lightning,2,,2025-10-28 21:50:23
New York Knicks @ Milwaukee Bucks,Milwaukee Bucks,2025-10-28 20:13:09,NBA,2.35,2.3,2.42,2.02,2.15,2.54,,Not Found,4.97,2.42,2.54,BetMGM,Milwaukee Bucks,2,,2025-10-28 21:50:23
Los Angeles Clippers @ Golden State Warriors,Los Angeles Clippers,2025-10-28 23:13:31,NBA,3.4,2.85,3.0,2.37,3.1,3.1,,Not Found,9.85,3.1,3.4,Caesars,Golden State Warriors,2,,2025-10-28 23:53:33
LG Twins @ Hanwha Eagles,LG Twins,2025-10-29 05:30:00,KBO,2.3,2.3,2.22,2.27,2.25,2.55,2.45,Not Found,4.64,2.44,2.55,BetMGM,Hanwha Eagles,2,,2025-10-29 04:31:28
Houston Rockets @ Toronto Raptors,Houston Rockets,2025-10-29 18:42:00,NBA,1.43,1.6,1.4,1.45,1.36,1.36,1.43,Not Found,6.36,1.5,1.6,DraftKings,Houston Rockets,2,,2025-10-29 18:47:38
Orlando Magic @ Detroit Pistons,Detroit Pistons,2025-10-29 19:10:00,NBA,2.0,2.5,2.9,2.07,2.6,2.45,2.06,Not Found,18.59,2.45,2.9,FanDuel,Detroit Pistons,2,,2025-10-29 19:20:42
Atlanta Hawks @ Brooklyn Nets,Brooklyn Nets,2025-10-29 19:41:12,NBA,3.7,2.6,2.64,3.78,2.6,2.8,3.74,Not Found,15.95,3.19,3.7,Caesars,Atlanta Hawks,2,,2025-10-29 19:44:05
Cleveland Cavaliers @ Boston Celtics,Cleveland Cavaliers,2025-10-29 19:13:00,NBA,1.8,1.95,2.0,1.49,1.87,1.8,,Not Found,4.29,1.92,2.0,FanDuel,Boston Celtics,2,,2025-10-29 19:59:19
New Orleans Pelicans @ Denver Nuggets,New Orleans Pelicans,2025-10-29 21:10:36,NBA,12.0,17.0,15.0,6.49,13.0,20.0,,Not Found,55.62,12.85,20.0,BetMGM,Denver Nuggets,2,,2025-10-29 21:50:03
Los Angeles Lakers @ Minnesota Timberwolves,Los Angeles Lakers,2025-10-29 21:43:00,NBA,4.5,5.2,5.0,3.49,5.0,5.25,3.56,Not Found,12.3,4.67,5.25,BetMGM,Los Angeles Lakers,2,,2025-10-29 21:50:03
Sacramento Kings @ Chicago Bulls,Sacramento Kings,2025-10-29 20:11:00,NBA,7.7,6.2,7.3,4.62,7.5,7.5,,Not Found,10.55,6.96,7.7,Caesars,Chicago Bulls,2,,2025-10-29 21:50:03
Indiana Pacers @ Dallas Mavericks,Indiana Pacers,2025-10-29 20:41:00,NBA,2.0,2.14,2.1,1.61,1.87,2.1,,Not Found,3.31,2.07,2.14,DraftKings,Dallas Mavericks,2,,2025-10-29 21:50:03
Memphis Grizzlies @ Phoenix Suns,Memphis Grizzlies,2025-10-29 22:10:00,NBA,2.25,2.2,2.32,1.83,2.15,2.2,,Not Found,2.0,2.27,2.32,FanDuel,Memphis Grizzlies,2,,2025-10-29 23:04:02
LG Twins @ Hanwha Eagles,LG Twins,2025-10-30 05:30:00,KBO,1.83,1.82,1.83,1.85,1.83,2.05,1.94,Not Found,3.83,1.97,2.05,BetMGM,LG Twins,2,,2025-10-30 03:50:52
Fukuoka SoftBank Hawks @ Hanshin Tigers,Hanshin Tigers,2025-10-30 05:00:00,NPB,1.83,1.77,1.75,1.79,1.69,1.95,1.86,Not Found,2.52,1.9,1.95,BetMGM,Fukuoka SoftBank Hawks,2,,2025-10-30 04:49:57
Dubai Basketball @ Valencia Basket,Valencia Basket,2025-10-30 15:30:00,Basketball Euroleague,,1.45,1.54,1.32,1.4,1.71,1.33,Not Found,11.47,1.53,1.71,BetMGM,Valencia Basket,2,,2025-10-30 15:41:30
Orlando Magic @ Charlotte Hornets,Charlotte Hornets,2025-10-30 19:12:00,NBA,4.2,5.0,4.2,3.65,4.3,3.75,,Not Found,14.11,4.38,5.0,DraftKings,Orlando Magic,2,,2025-10-30 19:56:14
Washington Wizards @ Oklahoma City Thunder,Washington Wizards,2025-10-30 20:10:00,NBA,12.0,9.0,6.0,16.56,5.0,7.0,,Not Found,44.77,8.29,12.0,Caesars,Oklahoma City Thunder,2,,2025-10-30 21:46:26
Golden State Warriors @ Milwaukee Bucks,Milwaukee Bucks,2025-10-30 20:13:00,NBA,3.8,2.3,2.44,2.86,2.4,2.45,,Not Found,37.06,2.77,3.8,Caesars,Milwaukee Bucks,2,,2025-10-30 21:46:26
Baltimore Ravens @ Miami Dolphins,Miami Dolphins,2025-10-30 20:16:07,NFL,7.0,8.0,7.0,5.23,7.5,6.75,,Not Found,11.49,7.18,8.0,DraftKings,Baltimore Ravens,2,,2025-10-30 21:46:26
Miami Heat @ San Antonio Spurs,Miami Heat,2025-10-30 20:40:36,NBA,2.85,2.9,2.9,1.86,2.75,2.8,,Not Found,5.33,2.75,2.9,FanDuel,San Antonio Spurs,2,,2025-10-30 21:46:26
LG Twins @ Hanwha Eagles,Hanwha Eagles,2025-10-31 05:30:00,KBO,2.9,2.9,3.0,2.09,2.7,3.1,2.13,Not Found,11.43,2.78,3.1,BetMGM,LG Twins,2,,2025-10-31 05:39:33
Colorado Avalanche @ Vegas Golden Knights,Vegas Golden Knights,2025-10-31 16:08:31,NHL,5.5,6.2,6.6,3.1,6.0,6.0,,Not Found,20.26,5.49,6.6,FanDuel,Colorado Avalanche,2,,2025-10-31 17:18:11
Atlanta Hawks @ Indiana Pacers,Atlanta Hawks,2025-10-31 19:10:40,NBA,2.75,2.7,2.86,1.7,2.9,2.9,1.76,Not Found,14.93,2.52,2.9,BetMGM,Atlanta Hawks,2,,2025-10-31 19:19:44
Boston Celtics @ Philadelphia 76ers,Philadelphia 76ers,2025-10-31 19:12:51,NBA,3.4,3.3,4.0,2.29,3.6,3.6,,Not Found,15.76,3.46,4.0,FanDuel,Boston Celtics,2,,2025-10-31 19:39:24
Toronto Raptors @ Cleveland Cavaliers,Cleveland Cavaliers,2025-10-31 19:41:52,NBA,3.9,3.9,4.4,1.36,4.75,3.7,,Not Found,45.51,3.26,4.75,Fanatics,Toronto Raptors,2,,2025-10-31 21:49:53
New York Knicks @ Chicago Bulls,New York Knicks,2025-10-31 20:10:17,NBA,2.45,2.4,3.5,2.15,3.2,3.6,,Not Found,22.99,2.93,3.6,BetMGM,Chicago Bulls,2,,2025-10-31 21:49:53
Los Angeles Dodgers @ Toronto Blue Jays,Toronto Blue Jays,2025-10-31 20:11:00,MLB,5.0,4.02,4.1,4.75,4.2,3.8,,Not Found,10.99,4.5,5.0,Caesars,Los Angeles Dodgers,2,,2025-10-31 21:49:53
Los Angeles Lakers @ Memphis Grizzlies,Los Angeles Lakers,2025-10-31 21:42:49,NBA,1.83,2.1,2.0,1.85,1.83,1.83,1.82,Not Found,5.33,1.99,2.1,DraftKings,Los Angeles Lakers,2,,2025-10-31 21:49:53
Denver Nuggets @ Portland Trail Blazers,Portland Trail Blazers,2025-10-31 22:12:20,NBA,4.2,4.6,3.55,4.52,3.8,4.33,,Not Found,5.36,4.37,4.6,DraftKings,Portland Trail Blazers,2,,2025-10-31 23:03:32
Utah Jazz @ Phoenix Suns,Utah Jazz,2025-10-31 22:10:56,NBA,9.0,17.0,15.0,7.51,14.0,14.5,,Not Found,37.54,12.36,17.0,DraftKings,Phoenix Suns,2,,2025-10-31 23:47:01
New Orleans Pelicans @ Los Angeles Clippers,New Orleans Pelicans,2025-10-31 22:40:17,NBA,8.0,4.7,5.0,4.66,5.75,4.33,,Not Found,45.71,5.49,8.0,Caesars,Los Angeles Clippers,2,,2025-10-31 23:59:11
Detroit Red Wings @ Anaheim Ducks,Detroit Red Wings,2025-10-31 22:08:18,NHL,3.6,3.4,3.9,3.59,3.4,3.7,,Not Found,2.96,3.79,3.9,FanDuel,Anaheim Ducks,2,,2025-10-31 23:59:11
Arsenal @ Burnley,Burnley,2025-11-01 11:00:00,EPL,12.0,12.0,14.0,13.5,12.0,,13.0,Not Found,5.27,13.3,14.0,FanDuel,Arsenal,3,,2025-11-01 10:32:35
Wolverhampton Wanderers @ Fulham,Wolverhampton Wanderers,2025-11-01 11:01:00,EPL,9.0,10.0,11.0,9.65,9.0,9.0,,Not Found,6.76,10.3,11.0,FanDuel,Fulham,3,,2025-11-01 11:18:51
Brentford @ Crystal Palace,Brentford,2025-11-01 11:01:00,EPL,8.5,8.5,10.0,3.55,8.5,9.25,,Not Found,31.17,7.62,10.0,FanDuel,Crystal Palace,3,,2025-11-01 11:39:57
Manchester United @ Nottingham Forest,Nottingham Forest,2025-11-01 11:00:00,EPL,8.0,8.5,9.0,3.52,8.0,8.5,,Not Found,23.56,7.28,9.0,FanDuel,Draw,3,,2025-11-01 11:39:57
Leeds United @ Brighton and Hove Albion,Leeds United,2025-11-01 11:01:00,EPL,10.0,11.0,10.5,9.85,8.5,9.5,,Not Found,4.07,10.57,11.0,DraftKings,Brighton and Hove Albion,3,,2025-11-01 11:39:57
Chelsea @ Tottenham Hotspur,Tottenham Hotspur,2025-11-01 13:30:00,EPL,8.5,10.0,9.0,8.39,7.5,8.5,,Not Found,8.37,9.23,10.0,DraftKings,Chelsea,3,,2025-11-01 14:27:58
Carolina Hurricanes @ Boston Bruins,Carolina Hurricanes,2025-11-01 13:08:33,NHL,3.15,9.0,3.3,1.67,3.0,3.2,,Not Found,181.77,3.19,9.0,DraftKings,Boston Bruins,2,,2025-11-01 14:58:47
Pittsburgh Penguins @ Winnipeg Jets,Pittsburgh Penguins,2025-11-01 15:08:42,NHL,2.35,5.2,5.5,2.41,5.0,6.25,2.42,Not Found,70.27,3.67,6.25,BetMGM,Winnipeg Jets,2,,2025-11-01 15:15:14
New Mexico State Aggies @ Western Kentucky Hilltoppers,New Mexico State Aggies,2025-11-01 15:32:21,NCAAF,3.4,3.5,4.4,3.52,,3.3,3.6,Not Found,16.6,3.77,4.4,FanDuel,Western Kentucky Hilltoppers,2,,2025-11-01 15:40:19
Old Dominion Monarchs @ UL Monroe Warhawks,UL Monroe Warhawks,2025-11-01 15:30:00,NCAAF,6.5,4.9,5.3,6.71,,5.5,6.2,Not Found,7.04,6.07,6.5,Caesars,Old Dominion Monarchs,2,,2025-11-01 15:40:19
Fresno State Bulldogs @ Boise State Broncos,Fresno State Bulldogs,2025-11-01 15:30:00,NCAAF,7.5,5.5,6.0,7.72,,6.5,7.61,Not Found,6.72,7.03,7.5,Caesars,Fresno State Bulldogs,2,,2025-11-01 15:40:19
Louisiana Ragin Cajuns @ South Alabama Jaguars,Louisiana Ragin Cajuns,2025-11-01 15:30:00,NCAAF,2.5,2.14,2.18,2.55,,2.15,2.53,Not Found,2.64,2.44,2.5,Caesars,Louisiana Ragin Cajuns,2,,2025-11-01 15:40:19
Virginia Cavaliers @ California Golden Bears,California Golden Bears,2025-11-01 15:50:00,NCAAF,2.5,3.2,3.8,3.03,,3.1,2.86,Not Found,19.34,3.18,3.8,FanDuel,Virginia Cavaliers,2,,2025-11-01 15:55:08
Colorado Avalanche @ San Jose Sharks,San Jose Sharks,2025-11-01 16:08:27,NHL,4.5,4.0,4.5,3.09,3.8,3.6,3.2,Not Found,14.77,3.92,4.5,FanDuel,San Jose Sharks,2,,2025-11-01 16:21:17
Calgary Flames @ Nashville Predators,Calgary Flames,2025-11-01 15:38:40,NHL,9.0,9.5,11.0,9.83,9.0,8.75,,Not Found,10.7,9.94,11.0,FanDuel,Nashville Predators,2,,2025-11-01 16:21:17
Aston Villa @ Liverpool,Aston Villa,2025-11-01 16:01:00,EPL,4.6,12.0,13.0,3.82,11.0,12.0,,Not Found,65.14,7.87,13.0,FanDuel,Liverpool,3,,2025-11-01 16:49:52
Sacramento Kings @ Milwaukee Bucks,Sacramento Kings,2025-11-01 17:11:00,NBA,3.9,5.0,4.3,3.06,4.5,5.25,3.0,Not Found,25.84,4.17,5.25,BetMGM,Sacramento Kings,2,,2025-11-01 17:17:29
Calgary Stampeders @ BC Lions,Calgary Stampeders,2025-11-01 17:35:00,CFL,3.15,4.1,4.0,3.15,4.05,3.2,3.22,Not Found,11.66,3.67,4.1,DraftKings,BC Lions,2,,2025-11-01 17:43:47
Minnesota Timberwolves @ Charlotte Hornets,Charlotte Hornets,2025-11-01 18:11:00,NBA,3.15,3.2,3.3,2.61,3.2,3.2,2.62,Not Found,4.3,3.16,3.3,FanDuel,Minnesota Timberwolves,2,,2025-11-01 18:19:02
Washington Capitals @ Buffalo Sabres,Buffalo Sabres,2025-11-01 19:13:48,NHL,3.4,3.9,2.46,1.8,4.0,3.9,1.79,Not Found,40.94,2.84,4.0,Fanatics,Buffalo Sabres,2,,2025-11-01 19:19:14
Toronto Maple Leafs @ Philadelphia Flyers,Toronto Maple Leafs,2025-11-01 19:15:43,NHL,2.6,2.54,1.76,1.83,2.6,2.65,1.85,Not Found,15.56,2.29,2.65,BetMGM,Toronto Maple Leafs,2,,2025-11-01 19:19:14
Orlando Magic @ Washington Wizards,Washington Wizards,2025-11-01 19:11:00,NBA,3.8,4.4,3.9,4.11,4.0,4.2,3.99,Not Found,3.32,4.26,4.4,DraftKings,Orlando Magic,2,,2025-11-01 19:19:14
Dallas Stars @ Florida Panthers,Dallas Stars,2025-11-01 18:08:53,NHL,7.0,7.5,7.3,6.77,6.5,7.75,,Not Found,3.27,7.5,7.75,BetMGM,Florida Panthers,2,,2025-11-01 19:19:14
Golden State Warriors @ Indiana Pacers,Indiana Pacers,2025-11-01 19:11:00,NBA,3.9,5.2,5.0,4.82,5.75,5.75,,Not Found,9.13,5.27,5.75,BetMGM,Indiana Pacers,2,,2025-11-01 19:29:57
Ottawa Senators @ Montréal Canadiens,Ottawa Senators,2025-11-01 19:16:23,NHL,4.2,4.7,4.6,2.68,4.3,4.6,,Not Found,10.51,4.25,4.7,DraftKings,Montreal Canadiens,2,,2025-11-01 19:40:42
Vancouver Canucks @ Minnesota Wild,Vancouver Canucks,2025-11-01 19:15:46,NHL,3.15,3.6,3.85,2.42,3.4,3.9,,Not Found,11.81,3.49,3.9,BetMGM,Minnesota Wild,2,,2025-11-01 19:48:28
Los Angeles Dodgers @ Toronto Blue Jays,Los Angeles Dodgers,2025-11-01 20:10:13,MLB,3.3,4.53,4.5,4.38,4.9,4.1,,Not Found,10.14,4.45,4.9,Fanatics,Los Angeles Dodgers,2,,2025-11-01 21:52:07
Chicago Blackhawks @ Edmonton Oilers,Chicago Blackhawks,2025-11-01 22:11:40,NHL,2.85,3.0,3.15,3.05,5.0,5.0,,Not Found,36.55,3.66,5.0,BetMGM,Edmonton Oilers,2,,2025-11-01 23:07:41
Dallas Mavericks @ Detroit Pistons,Dallas Mavericks,2025-11-01 22:20:00,NBA,2.2,2.45,2.1,2.7,2.75,2.2,,Not Found,9.59,2.51,2.75,Fanatics,Dallas Mavericks,2,,2025-11-01 23:07:41
Newcastle United @ West Ham United,West Ham United,2025-11-02 09:00:00,EPL,10.0,10.0,11.0,4.8,8.5,10.5,,Not Found,22.01,9.02,11.0,FanDuel,West Ham United,3,,2025-11-02 09:18:27
Bournemouth @ Manchester City,Bournemouth,2025-11-02 11:30:00,EPL,15.0,14.0,19.0,6.21,16.0,15.0,,Not Found,41.74,13.4,19.0,FanDuel,Manchester City,3,,2025-11-02 11:49:48
Carolina Panthers @ Green Bay Packers,Carolina Panthers,2025-11-02 13:00:00,NFL,7.0,7.5,7.4,6.27,6.5,7.0,7.13,Not Found,3.8,7.23,7.5,DraftKings,Carolina Panthers,2,,2025-11-02 12:17:33
Minnesota Vikings @ Detroit Lions,Minnesota Vikings,2025-11-02 13:00:00,NFL,4.9,5.1,5.0,4.55,5.25,5.0,4.86,Not Found,2.06,5.14,5.25,Fanatics,Minnesota Vikings,2,,2025-11-02 12:40:25
Atlanta Falcons @ New England Patriots,Atlanta Falcons,2025-11-02 13:02:21,NFL,6.0,4.6,4.6,5.6,4.75,5.5,,Not Found,11.05,5.4,6.0,Caesars,New England Patriots,2,,2025-11-02 13:27:31
Los Angeles Chargers @ Tennessee Titans,Tennessee Titans,2025-11-02 13:02:45,NFL,4.8,4.25,5.5,4.18,4.3,5.5,,Not Found,10.85,4.96,5.5,FanDuel,Los Angeles Chargers,2,,2025-11-02 13:27:31
Indianapolis Colts @ Pittsburgh Steelers,Pittsburgh Steelers,2025-11-02 13:02:29,NFL,4.1,4.5,4.6,3.49,4.1,3.8,,Not Found,7.3,4.29,4.6,FanDuel,Pittsburgh Steelers,2,,2025-11-02 13:27:31
Denver Broncos @ Houston Texans,Denver Broncos,2025-11-02 13:02:56,NFL,2.15,2.7,2.82,2.18,2.75,2.6,,Not Found,6.64,2.64,2.82,FanDuel,Denver Broncos,2,,2025-11-02 13:27:31
San Francisco 49ers @ New York Giants,New York Giants,2025-11-02 13:02:52,NFL,2.15,2.3,2.26,1.84,2.35,2.15,,Not Found,2.88,2.28,2.35,Fanatics,San Francisco 49ers,2,,2025-11-02 13:27:31
Chicago Bears @ Cincinnati Bengals,Cincinnati Bengals,2025-11-02 13:02:36,NFL,2.6,3.0,2.58,2.14,2.9,2.95,,Not Found,6.98,2.8,3.0,DraftKings,Chicago Bears,2,,2025-11-02 13:43:10
New Orleans Pelicans @ Oklahoma City Thunder,New Orleans Pelicans,2025-11-02 15:30:00,NBA,6.0,6.0,6.2,6.2,6.0,6.75,6.05,Not Found,5.05,6.43,6.75,BetMGM,Oklahoma City Thunder,2,,2025-11-02 15:21:36
Tampa Bay Lightning @ Utah Mammoth,Utah Mammoth,2025-11-02 15:38:50,NHL,1.77,1.8,1.77,1.89,2.1,1.91,1.8,Not Found,7.38,1.96,2.1,Fanatics,Tampa Bay Lightning,2,,2025-11-02 15:42:58
New Orleans Saints @ Los Angeles Rams,New Orleans Saints,2025-11-02 16:05:18,NFL,10.0,16.0,14.0,8.58,13.0,14.0,8.54,Not Found,34.67,11.88,16.0,DraftKings,Los Angeles Rams,2,,2025-11-02 16:17:54
Kansas City Chiefs @ Buffalo Bills,Kansas City Chiefs,2025-11-02 16:25:35,NFL,2.5,2.54,2.54,,2.5,2.65,1.74,Not Found,6.37,2.49,2.65,BetMGM,Buffalo Bills,2,,2025-11-02 16:40:23
Columbus Blue Jackets @ New York Islanders,Columbus Blue Jackets,2025-11-02 17:08:36,NHL,1.95,2.9,2.96,2.08,2.75,2.9,2.03,Not Found,15.69,2.56,2.96,FanDuel,New York Islanders,2,,2025-11-02 17:19:20
Jacksonville Jaguars @ Las Vegas Raiders,Jacksonville Jaguars,2025-11-02 16:05:30,NFL,3.15,3.0,3.3,2.0,3.1,3.2,,Not Found,8.83,3.03,3.3,FanDuel,Jacksonville Jaguars,2,,2025-11-02 17:19:20
Atlanta Hawks @ Cleveland Cavaliers,Atlanta Hawks,2025-11-02 18:11:08,NBA,5.0,5.5,5.4,2.99,5.0,5.75,3.0,Not Found,26.05,4.56,5.75,BetMGM,Cleveland Cavaliers,2,,2025-11-02 18:19:24
Memphis Grizzlies @ Toronto Raptors,Memphis Grizzlies,2025-11-02 18:12:00,NBA,2.65,3.0,2.86,2.5,3.0,2.9,2.56,Not Found,3.22,2.91,3.0,DraftKings,Toronto Raptors,2,,2025-11-02 18:19:24
Philadelphia 76ers @ Brooklyn Nets,Philadelphia 76ers,2025-11-02 18:10:58,NBA,1.69,1.74,1.58,1.53,1.62,1.57,1.54,Not Found,2.9,1.69,1.74,DraftKings,Philadelphia 76ers,2,,2025-11-02 18:19:24
Utah Jazz @ Charlotte Hornets,Utah Jazz,2025-11-02 18:10:22,NBA,2.45,2.5,2.5,1.84,2.2,2.4,,Not Found,2.99,2.43,2.5,FanDuel,Charlotte Hornets,2,,2025-11-02 18:30:04
San Antonio Spurs @ Phoenix Suns,San Antonio Spurs,2025-11-02 20:11:00,NBA,2.15,2.24,2.16,1.88,2.4,2.25,,Not Found,4.55,2.3,2.4,Fanatics,Phoenix Suns,2,,2025-11-02 20:51:22
Detroit Red Wings @ San Jose Sharks,Detroit Red Wings,2025-11-02 20:11:12,NHL,1.62,1.57,1.64,1.22,1.61,1.67,,Not Found,2.96,1.62,1.67,BetMGM,Detroit Red Wings,2,,2025-11-02 22:09:05
Seattle Seahawks @ Washington Commanders,Washington Commanders,2025-11-02 20:22:51,NFL,20.0,19.0,18.0,18.28,19.0,19.0,,Not Found,2.15,19.58,20.0,Caesars,Seattle Seahawks,2,,2025-11-02 22:09:05
Miami Heat @ Los Angeles Lakers,Miami Heat,2025-11-02 21:40:41,NBA,5.5,5.7,7.0,6.79,5.5,6.25,,Not Found,9.3,6.4,7.0,FanDuel,Los Angeles Lakers,2,,2025-11-02 22:56:16
Dallas Mavericks @ Houston Rockets,Dallas Mavericks,2025-11-03 20:11:00,NBA,4.5,7.5,6.0,4.39,5.0,6.5,,Not Found,30.48,5.75,7.5,DraftKings,Houston Rockets,2,,2025-11-03 20:47:06
Arizona Cardinals @ Dallas Cowboys,Arizona Cardinals,2025-11-03 20:15:45,NFL,2.2,1.8,1.72,2.11,1.87,1.74,,Not Found,9.75,2.0,2.2,Caesars,Arizona Cardinals,2,,2025-11-03 20:47:06
Detroit Pistons @ Memphis Grizzlies,Memphis Grizzlies,2025-11-03 20:11:00,NBA,2.95,2.45,3.0,2.61,2.6,2.45,,Not Found,6.9,2.81,3.0,FanDuel,Detroit Pistons,2,,2025-11-03 20:47:06
Sacramento Kings @ Denver Nuggets,Sacramento Kings,2025-11-03 21:10:29,NBA,9.5,10.0,7.8,7.25,9.5,8.0,,Not Found,11.19,8.99,10.0,DraftKings,Denver Nuggets,2,,2025-11-03 22:02:49
Los Angeles Lakers @ Portland Trail Blazers,Los Angeles Lakers,2025-11-03 22:12:00,NBA,4.8,8.5,9.3,6.4,7.0,8.75,,Not Found,24.18,7.49,9.3,FanDuel,Los Angeles Lakers,2,,2025-11-03 22:45:59
Miami Heat @ Los Angeles Clippers,Miami Heat,2025-11-03 22:41:00,NBA,2.95,2.3,2.12,3.48,2.25,2.2,3.52,Not Found,8.52,2.72,2.95,Caesars,Miami Heat,2,,2025-11-03 22:45:59
Philadelphia 76ers @ Chicago Bulls,Chicago Bulls,2025-11-04 20:11:00,NBA,5.0,6.75,6.2,5.13,5.5,5.25,,Not Found,14.44,5.9,6.75,DraftKings,Chicago Bulls,2,,2025-11-04 20:48:11
Orlando Magic @ Atlanta Hawks,Orlando Magic,2025-11-04 20:12:00,NBA,2.6,2.9,2.76,2.36,2.75,3.1,,Not Found,7.73,2.88,3.1,BetMGM,Atlanta Hawks,2,,2025-11-04 20:48:11
Southern Utah Thunderbirds @ Arizona St Sun Devils,Southern Utah Thunderbirds,2025-11-04 21:00:00,NCAAB,11.5,12.0,13.0,,13.0,11.5,11.41,Not Found,4.03,12.5,13.0,FanDuel,Arizona St Sun Devils,2,,2025-11-04 20:48:11
Louisiana Tech Bulldogs @ Nevada Wolf Pack,Louisiana Tech Bulldogs,2025-11-04 22:00:00,NCAAB,4.45,4.5,4.85,4.54,4.5,4.4,4.58,Not Found,2.4,4.74,4.85,FanDuel,Nevada Wolf Pack,2,,2025-11-04 20:48:11
Charlotte Hornets @ New Orleans Pelicans,New Orleans Pelicans,2025-11-04 20:10:00,NBA,2.6,2.5,2.44,2.04,2.4,2.7,,Not Found,5.11,2.57,2.7,BetMGM,New Orleans Pelicans,2,,2025-11-04 22:04:09
Portland St Vikings @ Stanford Cardinal,Stanford Cardinal,2025-11-04 22:00:00,NCAAB,1.31,1.27,1.19,1.16,1.18,1.18,1.15,Not Found,3.22,1.27,1.31,Caesars,Stanford Cardinal,2,,2025-11-04 22:04:09
Texas Longhorns @ Duke Blue Devils,Texas Longhorns,2025-11-04 20:55:58,NCAAB,3.15,3.3,3.55,4.22,3.2,3.8,,Not Found,2.55,3.71,3.8,BetMGM,Duke Blue Devils,2,,2025-11-04 22:04:09
Edmonton Oilers @ Dallas Stars,Edmonton Oilers,2025-11-04 20:08:30,NHL,1.87,1.87,2.72,1.97,1.87,1.91,,Not Found,28.31,2.12,2.72,FanDuel,Dallas Stars,2,,2025-11-04 22:48:52
Phoenix Suns @ Golden State Warriors,Phoenix Suns,2025-11-04 22:11:00,NBA,12.0,12.0,11.6,8.4,11.5,12.5,,Not Found,7.15,11.67,12.5,BetMGM,Golden State Warriors,2,,2025-11-04 22:48:52
Hawai'i Rainbow Warriors @ Oregon Ducks,Hawai'i Rainbow Warriors,2025-11-04 22:37:23,NCAAB,6.5,7.5,7.8,5.65,7.0,6.75,,Not Found,8.54,7.19,7.8,FanDuel,Oregon Ducks,2,,2025-11-04 23:01:18
Oklahoma City Thunder @ Los Angeles Clippers,Los Angeles Clippers,2025-11-04 23:14:00,NBA,2.25,2.5,2.72,2.3,2.45,2.75,,Not Found,4.55,2.63,2.75,BetMGM,Oklahoma City Thunder,2,,2025-11-04 23:31:24
New Orleans Pelicans @ Dallas Mavericks,New Orleans Pelicans,2025-11-05 20:41:00,NBA,3.15,2.45,2.42,3.44,,2.35,3.3,Not Found,7.58,2.93,3.15,Caesars,New Orleans Pelicans,2,,2025-11-05 20:53:14
South Carolina Upstate Spartans @ Fresno St Bulldogs,South Carolina Upstate Spartans,2025-11-05 21:00:00,NCAAB,5.0,5.0,5.4,5.15,5.0,4.6,,Not Found,2.99,5.24,5.4,FanDuel,South Carolina Upstate Spartans,2,,2025-11-05 20:53:14
Eastern Washington Eagles @ Loyola Marymount Lions,Eastern Washington Eagles,2025-11-05 22:30:00,NCAAB,5.3,4.5,4.4,4.38,4.5,4.4,4.4,Not Found,12.0,4.73,5.3,Caesars,Loyola Marymount Lions,2,,2025-11-05 22:16:34
Oklahoma City Thunder @ Portland Trail Blazers,Portland Trail Blazers,2025-11-05 22:12:00,NBA,3.3,3.2,3.35,2.5,,3.1,2.49,Not Found,8.79,3.08,3.35,FanDuel,Portland Trail Blazers,2,,2025-11-05 22:16:34
Golden State Warriors @ Sacramento Kings,Sacramento Kings,2025-11-05 22:10:31,NBA,2.0,2.05,2.14,1.74,,1.91,1.69,Not Found,6.81,2.0,2.14,FanDuel,Sacramento Kings,2,,2025-11-05 22:16:34
Virtus Segafredo Bologna @ Saski Baskonia,Virtus Segafredo Bologna,2025-11-06 14:30:00,Basketball Euroleague,,3.0,3.3,2.21,2.9,2.7,2.3,Not Found,16.33,2.84,3.3,FanDuel,Not Found,2,,2025-11-06 14:41:04
The Citadel Bulldogs @ Boston College Eagles,The Citadel Bulldogs,2025-11-06 19:00:00,NCAAB,12.5,13.0,12.0,,12.0,10.5,12.36,Not Found,3.92,12.51,13.0,DraftKings,Not Found,2,,2025-11-06 15:25:46
Campbell Fighting Camels @ West Virginia Mountaineers,Campbell Fighting Camels,2025-11-06 19:00:00,NCAAB,10.0,10.0,11.6,,11.0,9.75,9.74,Not Found,8.05,10.74,11.6,FanDuel,Not Found,2,,2025-11-06 17:21:39
LIU Sharks @ IUPUI Jaguars,LIU Sharks,2025-11-06 18:30:00,NCAAB,2.75,1.87,1.96,2.49,2.0,2.05,,Not Found,20.95,2.27,2.75,Caesars,Not Found,2,,2025-11-06 18:41:52
Robert Morris Colonials @ Drake Bulldogs,Drake Bulldogs,2025-11-06 19:32:30,NCAAB,1.83,2.54,2.22,1.74,2.9,2.45,,Not Found,23.3,2.35,2.9,Fanatics,Not Found,2,,2025-11-06 20:47:18
Georgia Southern Eagles @ Appalachian State Mountaineers,Appalachian State Mountaineers,2025-11-06 19:40:00,NCAAF,4.25,5.5,6.0,4.14,4.8,4.75,,Not Found,17.88,5.09,6.0,FanDuel,Not Found,2,,2025-11-06 20:47:18
Las Vegas Raiders @ Denver Broncos,Las Vegas Raiders,2025-11-06 20:16:50,NFL,3.6,3.0,2.64,3.8,3.1,2.95,,Not Found,8.73,3.31,3.6,Caesars,Denver Broncos,2,,2025-11-06 22:03:12
Los Angeles Clippers @ Phoenix Suns,Phoenix Suns,2025-11-06 21:10:37,NBA,2.15,2.45,2.12,2.08,2.05,2.05,,Not Found,7.76,2.27,2.45,DraftKings,Phoenix Suns,2,,2025-11-06 22:03:12
Wright St Raiders @ California Golden Bears,Wright St Raiders,2025-11-06 22:01:44,NCAAB,10.0,6.2,10.0,,9.0,9.5,10.1,Not Found,7.15,9.33,10.0,FanDuel,California Golden Bears,2,,2025-11-06 22:03:12
Arkansas-Pine Bluff Golden Lions @ Portland Pilots,Arkansas-Pine Bluff Golden Lions,2025-11-06 22:35:00,NCAAB,8.0,8.0,8.3,7.77,8.0,6.75,,Not Found,2.25,8.12,8.3,FanDuel,Portland Pilots,2,,2025-11-06 22:03:12
Pallacanestro Olimpia Milano @ Anadolu Efes,Pallacanestro Olimpia Milano,2025-11-07 12:31:00,Basketball Euroleague,,2.45,2.75,2.65,2.2,2.6,2.65,Not Found,2.5,2.68,2.75,FanDuel,Not Found,2,,2025-11-07 12:34:17
KK Partizan NIS @ Olympiacos,KK Partizan NIS,2025-11-07 14:15:00,Basketball Euroleague,,4.4,4.7,4.63,3.95,5.0,4.5,Not Found,4.48,4.79,5.0,BetMGM,Not Found,2,,2025-11-07 14:18:27
Real Madrid @ FC Barcelona Bàsquet,FC Barcelona Bàsquet,2025-11-07 14:31:00,Basketball Euroleague,,2.24,2.2,1.93,1.95,2.2,1.82,Not Found,3.41,2.17,2.24,DraftKings,Real Madrid Baloncesto,2,,2025-11-07 14:40:25
Charleston Cougars @ Liberty Flames,Charleston Cougars,2025-11-07 18:00:00,NCAAB,5.0,4.7,4.2,4.52,,4.75,4.83,Not Found,2.95,4.86,5.0,Caesars,Not Found,2,,2025-11-07 16:37:14
Tennessee Tech Golden Eagles @ Charlotte 49ers,Tennessee Tech Golden Eagles,2025-11-07 19:00:00,NCAAB,7.5,7.5,8.1,7.37,7.5,7.0,7.86,Not Found,3.21,7.85,8.1,FanDuel,Not Found,2,,2025-11-07 18:30:59
Tulsa Golden Hurricane @ Rhode Island Rams,Rhode Island Rams,2025-11-07 18:00:00,NCAAB,2.75,2.6,2.64,1.58,2.5,2.54,,Not Found,10.12,2.5,2.75,Caesars,Not Found,2,,2025-11-07 18:41:14
Charlotte Hornets @ Miami Heat,Charlotte Hornets,2025-11-07 20:12:00,NBA,9.0,13.0,11.6,5.15,9.5,10.5,,Not Found,37.65,9.44,13.0,DraftKings,Miami Heat,2,,2025-11-07 20:41:42
Chicago Bulls @ Milwaukee Bucks,Chicago Bulls,2025-11-07 20:11:00,NBA,2.45,2.7,2.4,2.13,2.5,2.45,,Not Found,5.49,2.56,2.7,DraftKings,Milwaukee Bucks,2,,2025-11-07 20:41:42
Houston Rockets @ San Antonio Spurs,San Antonio Spurs,2025-11-07 19:44:00,NBA,3.0,3.2,2.64,3.25,2.9,2.8,,Not Found,2.33,3.13,3.2,DraftKings,Not Found,2,,2025-11-07 20:41:42
Yale Bulldogs @ Navy Midshipmen,Navy Midshipmen,2025-11-07 21:04:54,NCAAB,11.0,10.5,11.6,3.06,12.0,12.0,,Not Found,45.86,8.23,12.0,BetMGM,Yale Bulldogs,2,,2025-11-07 21:51:18
Northwestern Wildcats @ USC Trojans,Northwestern Wildcats,2025-11-07 21:05:56,NCAAF,6.5,7.0,7.0,7.91,6.4,8.25,,Not Found,10.3,7.48,8.25,BetMGM,USC Trojans,2,,2025-11-07 21:51:18
Houston Cougars @ UCF Knights,Houston Cougars,2025-11-07 20:15:30,NCAAF,2.35,2.8,2.38,2.5,2.35,2.2,,Not Found,9.41,2.56,2.8,DraftKings,Houston Cougars,2,,2025-11-07 21:51:18
Rice Owls @ Oregon Ducks,Rice Owls,2025-11-07 22:00:00,NCAAB,10.5,9.5,10.8,,10.0,9.25,9.36,Not Found,5.19,10.27,10.8,FanDuel,Oregon Ducks,2,,2025-11-07 21:51:18
Tulane Green Wave @ Memphis Tigers,Memphis Tigers,2025-11-07 21:10:53,NCAAF,3.8,4.4,5.0,2.6,5.0,4.1,,Not Found,19.85,4.17,5.0,FanDuel,Tulane Green Wave,2,,2025-11-07 22:28:11
Oklahoma City Thunder @ Sacramento Kings,Sacramento Kings,2025-11-07 22:11:00,NBA,3.9,5.0,6.0,5.47,5.5,5.25,,Not Found,11.22,5.39,6.0,FanDuel,Oklahoma City Thunder,2,,2025-11-07 22:28:11
Golden State Warriors @ Denver Nuggets,Golden State Warriors,2025-11-07 22:13:00,NBA,12.0,10.5,11.6,3.86,10.0,9.75,,Not Found,38.55,8.66,12.0,Caesars,Denver Nuggets,2,,2025-11-07 22:57:17
Manchester United @ Tottenham Hotspur,Tottenham Hotspur,2025-11-08 07:31:00,EPL,2.85,7.0,7.0,2.83,6.0,6.75,,Not Found,41.99,4.93,7.0,FanDuel,Draw,3,,2025-11-08 08:04:17
Burnley @ West Ham United,Burnley,2025-11-08 10:00:00,EPL,4.2,3.75,3.4,4.41,3.7,3.7,,Not Found,2.13,4.11,4.2,Caesars,West Ham United,3,,2025-11-08 10:31:19
SMU Mustangs @ Boston College Eagles,Boston College Eagles,2025-11-08 11:58:00,NCAAF,3.4,5.5,5.5,,10.5,6.25,4.34,Not Found,89.94,5.53,10.5,Fanatics,SMU Mustangs,2,,2025-11-08 12:17:26
Southern Mississippi Golden Eagles @ Arkansas State Red Wolves,Arkansas State Red Wolves,2025-11-08 12:05:34,NCAAF,4.2,2.24,2.32,,2.2,2.45,2.95,Not Found,53.16,2.74,4.2,Caesars,Southern Mississippi Golden Eagles,2,,2025-11-08 12:17:26
BYU Cougars @ Texas Tech Red Raiders,BYU Cougars,2025-11-08 12:08:25,NCAAF,5.0,6.5,4.4,4.59,6.4,4.2,4.61,Not Found,24.61,5.22,6.5,DraftKings,Texas Tech Red Raiders,2,,2025-11-08 12:17:26
Indiana Hoosiers @ Penn State Nittany Lions,Penn State Nittany Lions,2025-11-08 12:10:46,NCAAF,5.3,4.4,4.0,,4.15,4.0,5.46,Not Found,12.11,4.73,5.3,Caesars,Indiana Hoosiers,2,,2025-11-08 12:17:26
Princeton Tigers @ Akron Zips,Princeton Tigers,2025-11-08 12:02:58,NCAAB,5.5,8.0,6.4,,8.0,8.25,7.13,Not Found,10.82,7.44,8.25,BetMGM,Akron Zips,2,,2025-11-08 12:17:26
Alabama Crimson Tide @ St. John's Red Storm,Alabama Crimson Tide,2025-11-08 12:01:34,NCAAB,2.25,2.8,2.58,,2.65,2.54,2.68,Not Found,2.97,2.72,2.8,DraftKings,Alabama Crimson Tide,2,,2025-11-08 12:17:26
Georgia Bulldogs @ Mississippi State Bulldogs,Mississippi State Bulldogs,2025-11-08 11:54:00,NCAAF,2.8,3.8,3.35,3.16,2.95,3.2,,Not Found,12.92,3.37,3.8,DraftKings,Georgia Bulldogs,2,,2025-11-08 12:30:55
Arsenal @ Sunderland,Sunderland,2025-11-08 12:30:00,EPL,7.0,7.5,8.5,6.99,7.5,,7.65,Not Found,6.23,8.0,8.5,FanDuel,Draw,3,,2025-11-08 12:40:34
Temple Owls @ Army Black Knights,Temple Owls,2025-11-08 12:04:00,NCAAF,2.0,2.1,2.08,2.1,2.05,2.3,,Not Found,3.14,2.23,2.3,BetMGM,Army Black Knights,2,,2025-11-08 13:47:50
Milwaukee Panthers @ Wofford Terriers,Milwaukee Panthers,2025-11-08 14:01:39,NCAAB,2.8,4.1,3.2,,4.1,3.4,1.61,Not Found,34.72,3.04,4.1,DraftKings,Wofford Terriers,2,,2025-11-08 14:16:22
Marshall Thundering Herd @ Toledo Rockets,Marshall Thundering Herd,2025-11-08 14:02:01,NCAAB,3.6,2.35,3.3,,2.2,2.45,2.15,Not Found,32.35,2.72,3.6,Caesars,Marshall Thundering Herd,2,,2025-11-08 14:16:22
Texas State Bobcats @ Tulane Green Wave,Texas State Bobcats,2025-11-08 14:02:51,NCAAB,5.0,3.1,4.5,,3.3,3.4,7.37,Not Found,16.41,4.3,5.0,Caesars,Tulane Green Wave,2,,2025-11-08 14:16:22
South Florida Bulls @ GW Revolutionaries,South Florida Bulls,2025-11-08 13:32:59,NCAAB,1.59,1.51,1.54,1.45,1.69,1.53,,Not Found,3.09,1.64,1.69,Fanatics,GW Revolutionaries,2,,2025-11-08 14:16:22
Bowling Green Falcons @ Eastern Michigan Eagles,Bowling Green Falcons,2025-11-08 13:02:55,NCAAF,2.5,2.6,2.5,1.81,2.25,2.75,,Not Found,10.69,2.48,2.75,BetMGM,Eastern Michigan Eagles,2,,2025-11-08 15:21:33
Wolverhampton Wanderers @ Chelsea,Wolverhampton Wanderers,2025-11-08 15:01:00,EPL,8.5,9.0,9.5,7.58,8.0,7.75,,Not Found,5.65,8.99,9.5,FanDuel,Chelsea,3,,2025-11-08 15:21:33
Utah Valley Wolverines @ Boise State Broncos,Utah Valley Wolverines,2025-11-08 16:00:00,NCAAB,6.5,6.75,7.3,6.49,6.5,6.25,6.61,Not Found,5.7,6.91,7.3,FanDuel,Not Found,2,,2025-11-08 15:34:02
Duke Blue Devils @ UConn Huskies,UConn Huskies,2025-11-08 15:35:00,NCAAF,3.4,5.2,6.0,3.51,5.25,6.25,3.34,Not Found,34.78,4.64,6.25,BetMGM,UConn Huskies,2,,2025-11-08 15:42:46
Iowa State Cyclones @ TCU Horned Frogs,Iowa State Cyclones,2025-11-08 15:35:29,NCAAF,3.35,2.95,4.2,3.45,2.9,3.1,3.49,Not Found,20.57,3.48,4.2,FanDuel,Not Found,2,,2025-11-08 15:42:46
Kansas Jayhawks @ Arizona Wildcats,Kansas Jayhawks,2025-11-08 15:38:00,NCAAF,2.85,2.35,2.36,2.84,2.3,2.25,2.86,Not Found,7.56,2.65,2.85,Caesars,Arizona Wildcats,2,,2025-11-08 15:42:46
Monmouth Hawks @ La Salle Explorers,Monmouth Hawks,2025-11-08 15:32:16,NCAAB,3.4,3.2,3.3,2.77,3.1,3.4,2.86,Not Found,3.22,3.29,3.4,BetMGM,Not Found,2,,2025-11-08 15:42:46
Eastern Washington Eagles @ Colorado Buffaloes,Eastern Washington Eagles,2025-11-08 16:00:00,NCAAB,10.5,11.0,10.2,,9.5,9.75,10.79,Not Found,3.12,10.67,11.0,DraftKings,Not Found,2,,2025-11-08 15:42:46
CSU Fullerton Titans @ Wyoming Cowboys,CSU Fullerton Titans,2025-11-08 16:00:00,NCAAB,8.0,8.5,9.2,8.76,9.0,8.25,8.54,Not Found,2.63,8.96,9.2,FanDuel,Not Found,2,,2025-11-08 15:42:46
Kennesaw State Owls @ New Mexico State Aggies,New Mexico State Aggies,2025-11-08 16:00:00,NCAAF,4.05,4.3,4.5,4.16,4.25,3.8,4.03,Not Found,4.24,4.32,4.5,FanDuel,Not Found,2,,2025-11-08 15:50:37
San Francisco Dons @ Memphis Tigers,San Francisco Dons,2025-11-08 15:00:00,NCAAB,6.5,8.5,9.3,2.2,8.0,6.5,,Not Found,62.27,5.73,9.3,FanDuel,Not Found,2,,2025-11-08 15:58:00
Vanderbilt Commodores @ UCF Knights,UCF Knights,2025-11-08 16:00:00,NCAAB,5.0,5.0,5.2,4.68,5.1,4.4,4.67,Not Found,2.74,5.06,5.2,FanDuel,Not Found,2,,2025-11-08 15:58:00
San José St Spartans @ UC Santa Barbara Gauchos,San José St Spartans,2025-11-08 16:03:52,NCAAB,5.0,5.7,8.0,,7.0,7.5,4.61,Not Found,25.72,6.36,8.0,FanDuel,Not Found,2,,2025-11-08 16:17:50
Georgia State Panthers @ Coastal Carolina Chanticleers,Georgia State Panthers,2025-11-08 16:03:05,NCAAF,6.0,4.8,5.8,,4.8,4.1,3.26,Not Found,23.77,4.85,6.0,Caesars,Not Found,2,,2025-11-08 16:17:50
Texas A&M Aggies @ Missouri Tigers,Missouri Tigers,2025-11-08 11:41:00,NCAAF,3.9,4.5,4.4,2.83,4.15,4.0,,Not Found,9.7,4.1,4.5,DraftKings,Texas A&M Aggies,2,,2025-11-08 16:17:50
Elon Phoenix @ UNC Greensboro Spartans,UNC Greensboro Spartans,2025-11-08 16:03:05,NCAAB,1.5,1.57,1.59,,1.53,1.67,1.44,Not Found,2.23,1.63,1.67,BetMGM,Not Found,2,,2025-11-08 16:17:50
Oregon Ducks @ Iowa Hawkeyes,Iowa Hawkeyes,2025-11-08 11:50:00,NCAAF,4.5,4.4,3.4,3.09,4.15,4.33,,Not Found,9.07,4.13,4.5,Caesars,Oregon Ducks,2,,2025-11-08 16:28:34
Daniel Marcos @ Miles Johns,Miles Johns,2025-11-08 16:32:00,MMA,2.0,3.1,2.26,2.52,,3.0,2.5,Not Found,17.54,2.64,3.1,DraftKings,Not Found,2,,2025-11-08 16:40:02
Providence Friars @ Virginia Tech Hokies,Providence Friars,2025-11-08 16:30:00,NCAAB,1.95,2.3,2.24,,2.15,2.0,1.76,Not Found,5.97,2.17,2.3,DraftKings,Not Found,2,,2025-11-08 16:40:02
Washington Huskies @ Wisconsin Badgers,Wisconsin Badgers,2025-11-08 12:59:00,NCAAF,4.28,4.0,4.9,,4.15,4.4,4.3,Not Found,7.63,4.55,4.9,FanDuel,Wisconsin Badgers,2,,2025-11-08 16:47:51
Stanford Cardinal @ North Carolina Tar Heels,Stanford Cardinal,2025-11-08 12:59:00,NCAAF,3.15,3.7,3.9,,3.6,3.8,3.52,Not Found,2.85,3.79,3.9,FanDuel,North Carolina Tar Heels,2,,2025-11-08 16:47:51
Jacksonville State Gamecocks @ UTEP Miners,Jacksonville State Gamecocks,2025-11-08 15:02:16,NCAAF,1.71,1.71,1.7,1.28,1.8,1.69,,Not Found,4.68,1.72,1.8,Fanatics,API Error,2,,2025-11-08 17:19:01
Albany Great Danes @ Massachusetts Minutemen,Albany Great Danes,2025-11-08 18:00:00,NCAAB,5.3,4.9,4.9,4.68,4.75,4.75,,Not Found,4.04,5.09,5.3,Caesars,API Error,2,,2025-11-08 17:19:01
Charleston Cougars @ Florida Atlantic Owls,Charleston Cougars,2025-11-08 18:00:00,NCAAB,3.1,3.15,3.35,3.09,,3.0,3.11,Not Found,2.58,3.27,3.35,FanDuel,API Error,2,,2025-11-08 17:19:01
Max Gimenis @ Josh Hokit,Max Gimenis,2025-11-08 17:25:00,MMA,4.4,4.0,3.4,4.38,,4.0,4.35,Not Found,3.13,4.27,4.4,Caesars,API Error,2,,2025-11-08 17:33:04
Jacqueline Cavalcanti @ Mayra Bueno Silva,Mayra Bueno Silva,2025-11-08 17:42:00,MMA,4.9,8.5,8.7,2.89,,7.5,2.8,Not Found,76.95,4.92,8.7,FanDuel,Not Found,2,,2025-11-08 17:50:14
Auburn Tigers @ Vanderbilt Commodores,Auburn Tigers,2025-11-08 11:52:00,NCAAF,1.56,1.62,1.68,1.35,1.62,1.74,,Not Found,3.85,1.68,1.74,BetMGM,Vanderbilt Commodores,2,,2025-11-08 17:57:40
Arkansas Razorbacks @ Michigan St Spartans,Arkansas Razorbacks,2025-11-08 19:00:00,NCAAB,2.22,2.24,2.4,2.26,2.25,2.2,2.25,Not Found,2.0,2.35,2.4,FanDuel,Not Found,2,,2025-11-08 18:19:24
East Carolina Pirates @ Richmond Spiders,East Carolina Pirates,2025-11-08 18:00:00,NCAAB,2.6,4.5,3.5,2.51,3.1,3.4,,Not Found,34.87,3.34,4.5,DraftKings,Not Found,2,,2025-11-08 18:30:27
BC Lions @ Saskatchewan Roughriders,BC Lions,2025-11-08 18:30:00,CFL,2.3,2.85,2.82,2.36,2.6,2.54,2.37,Not Found,7.22,2.66,2.85,DraftKings,Saskatchewan Roughriders,2,,2025-11-08 18:40:48
Jamall Emmers @ Hyder Amil,Jamall Emmers,2025-11-08 18:40:00,MMA,2.0,2.4,2.2,2.32,,2.1,2.22,Not Found,3.66,2.32,2.4,DraftKings,Not Found,2,,2025-11-08 18:40:48
Dallas Mavericks @ Washington Wizards,Dallas Mavericks,2025-11-08 19:12:00,NBA,1.87,2.45,2.64,1.29,2.9,2.4,,Not Found,30.81,2.22,2.9,Fanatics,Not Found,2,,2025-11-08 20:50:54
New Orleans Pelicans @ San Antonio Spurs,New Orleans Pelicans,2025-11-08 20:10:25,NBA,6.0,12.0,10.0,6.91,11.0,11.5,,Not Found,27.59,9.41,12.0,DraftKings,San Antonio Spurs,2,,2025-11-08 20:50:54
Toronto Raptors @ Philadelphia 76ers,Toronto Raptors,2025-11-08 19:42:54,NBA,3.15,3.4,3.6,2.65,3.3,3.4,,Not Found,5.94,3.4,3.6,FanDuel,Not Found,2,,2025-11-08 20:50:54
Los Angeles Lakers @ Atlanta Hawks,Los Angeles Lakers,2025-11-08 20:10:23,NBA,2.1,2.3,2.22,1.73,2.35,2.4,,Not Found,5.02,2.29,2.4,BetMGM,Atlanta Hawks,2,,2025-11-08 20:50:54
Florida State Seminoles @ Clemson Tigers,Florida State Seminoles,2025-11-08 19:05:48,NCAAF,4.5,4.5,5.2,4.63,4.8,4.75,,Not Found,4.37,4.98,5.2,FanDuel,Not Found,2,,2025-11-08 20:50:54
California Golden Bears @ Louisville Cardinals,California Golden Bears,2025-11-08 16:18:00,NCAAF,2.85,2.85,3.15,3.07,2.8,2.75,,Not Found,2.57,3.07,3.15,FanDuel,Not Found,2,,2025-11-08 20:50:54
Sam Houston State Bearkats @ Oregon State Beavers,Sam Houston State Bearkats,2025-11-08 22:05:00,NCAAF,,8.5,12.0,9.41,9.5,9.0,9.74,Not Found,20.34,9.97,12.0,FanDuel,Sam Houston State Bearkats,2,,2025-11-08 22:05:48
Cal Poly Mustangs @ Seattle Redhawks,Cal Poly Mustangs,2025-11-08 22:03:07,NCAAB,5.0,5.0,5.8,4.89,4.0,5.0,5.0,Not Found,12.3,5.16,5.8,FanDuel,Cal Poly Mustangs,2,,2025-11-08 22:05:48
Chicago Bulls @ Cleveland Cavaliers,Chicago Bulls,2025-11-08 20:11:00,NBA,2.45,2.54,2.76,2.3,2.05,2.4,,Not Found,8.51,2.54,2.76,FanDuel,Cleveland Cavaliers,2,,2025-11-08 22:05:48
Pacific Tigers @ Nevada Wolf Pack,Pacific Tigers,2025-11-08 22:05:00,NCAAB,7.5,7.5,8.4,7.41,7.5,7.5,7.61,Not Found,5.73,7.94,8.4,FanDuel,Nevada Wolf Pack,2,,2025-11-08 22:05:48
Portland Trail Blazers @ Miami Heat,Portland Trail Blazers,2025-11-08 20:12:00,NBA,1.77,1.83,2.18,2.24,1.91,1.87,,Not Found,5.08,2.07,2.18,FanDuel,Miami Heat,2,,2025-11-08 22:05:48
Oklahoma Sooners @ Gonzaga Bulldogs,Oklahoma Sooners,2025-11-08 22:30:00,NCAAB,6.5,6.25,6.0,5.84,5.75,5.5,6.2,Not Found,3.93,6.25,6.5,Caesars,Gonzaga Bulldogs,2,,2025-11-08 22:05:48
Indiana Pacers @ Denver Nuggets,Indiana Pacers,2025-11-08 21:11:00,NBA,10.0,6.75,10.0,7.44,6.5,7.5,,Not Found,21.98,8.2,10.0,FanDuel,Denver Nuggets,2,,2025-11-08 22:49:42
Phoenix Suns @ Los Angeles Clippers,Los Angeles Clippers,2025-11-08 22:42:42,NBA,3.4,3.1,3.55,1.83,3.6,3.1,,Not Found,16.02,3.1,3.6,Fanatics,Phoenix Suns,2,,2025-11-08 23:44:43
San Diego State Aztecs @ Hawaii Rainbow Warriors,San Diego State Aztecs,2025-11-08 23:07:52,NCAAF,2.15,2.54,2.62,1.63,2.5,2.5,,Not Found,9.7,2.39,2.62,FanDuel,Hawaii Rainbow Warriors,2,,2025-11-08 23:44:43
Anaheim Ducks @ Vegas Golden Knights,Anaheim Ducks,2025-11-08 22:08:36,NHL,1.95,2.0,1.96,1.21,1.95,1.95,,Not Found,6.16,1.88,2.0,DraftKings,Anaheim Ducks,2,,2025-11-09 00:55:03
Bournemouth @ Aston Villa,Bournemouth,2025-11-09 09:00:00,EPL,3.2,8.0,7.5,3.1,7.0,7.5,,Not Found,45.77,5.49,8.0,DraftKings,Not Found,3,,2025-11-09 09:31:38
Newcastle United @ Brentford,Newcastle United,2025-11-09 09:00:00,EPL,2.8,1.57,1.57,2.6,1.59,1.57,,Not Found,41.78,1.97,2.8,Caesars,Not Found,3,,2025-11-09 09:31:38
Leeds United @ Nottingham Forest,Leeds United,2025-11-09 09:01:00,EPL,4.2,4.5,4.4,3.58,4.0,3.8,,Not Found,3.1,4.36,4.5,DraftKings,Not Found,3,,2025-11-09 09:31:38
Atlanta Falcons @ Indianapolis Colts,Atlanta Falcons,2025-11-09 09:35:08,NFL,3.8,2.9,3.4,3.3,3.4,,3.37,Not Found,8.22,3.51,3.8,Caesars,Not Found,2,,2025-11-09 09:41:01
Brighton and Hove Albion @ Crystal Palace,Draw,2025-11-09 09:00:00,EPL,3.0,2.5,2.5,2.63,2.4,2.5,,Not Found,7.39,2.79,3.0,Caesars,Not Found,3,,2025-11-09 09:48:44
Liverpool @ Manchester City,Liverpool,2025-11-09 11:30:00,EPL,9.0,10.5,9.0,4.14,9.0,10.5,,Not Found,24.83,8.41,10.5,DraftKings,Not Found,3,,2025-11-09 12:17:15
Western Michigan Broncos @ Campbell Fighting Camels,Western Michigan Broncos,2025-11-09 12:30:00,NCAAB,4.45,4.4,4.9,4.32,4.5,4.4,4.5,Not Found,4.7,4.68,4.9,FanDuel,Not Found,2,,2025-11-09 12:17:15
North Carolina Central Eagles @ Appalachian St Mountaineers,North Carolina Central Eagles,2025-11-09 13:00:00,NCAAB,5.0,5.1,5.7,5.01,5.25,5.25,,Not Found,4.56,5.45,5.7,FanDuel,Not Found,2,,2025-11-09 12:17:15
Chicago Blackhawks @ Detroit Red Wings,Chicago Blackhawks,2025-11-09 13:09:46,NHL,2.45,2.6,2.58,1.8,2.5,2.65,,Not Found,5.17,2.52,2.65,BetMGM,Not Found,2,,2025-11-09 13:28:21
Jacksonville Jaguars @ Houston Texans,Houston Texans,2025-11-09 13:03:20,NFL,5.5,5.5,6.0,2.21,5.25,6.25,,Not Found,32.01,4.73,6.25,BetMGM,Not Found,2,,2025-11-09 13:44:43
Buffalo Bills @ Miami Dolphins,Buffalo Bills,2025-11-09 13:03:02,NFL,1.88,1.8,1.93,1.24,1.8,1.83,,Not Found,6.99,1.8,1.93,FanDuel,Not Found,2,,2025-11-09 13:44:43
Baltimore Ravens @ Minnesota Vikings,Baltimore Ravens,2025-11-09 13:02:49,NFL,2.13,2.3,2.04,1.92,2.25,1.95,,Not Found,4.42,2.2,2.3,DraftKings,Not Found,2,,2025-11-09 13:44:43
Indiana Hoosiers @ Marquette Golden Eagles,Marquette Golden Eagles,2025-11-09 13:00:00,NCAAB,4.8,7.5,5.6,4.02,4.75,7.25,,Not Found,31.53,5.7,7.5,DraftKings,Not Found,2,,2025-11-09 13:55:14
New Orleans Saints @ Carolina Panthers,Carolina Panthers,2025-11-09 13:02:43,NFL,1.67,1.8,1.68,1.24,1.83,1.83,,Not Found,5.27,1.74,1.83,BetMGM,Not Found,2,,2025-11-09 13:55:14
South Dakota St Jackrabbits @ Northern Iowa Panthers,South Dakota St Jackrabbits,2025-11-09 14:02:07,NCAAB,6.5,12.0,9.7,,9.0,8.25,5.0,Not Found,47.13,8.16,12.0,DraftKings,Not Found,2,,2025-11-09 14:16:18
Marist Red Foxes @ Dartmouth Big Green,Dartmouth Big Green,2025-11-09 14:04:22,NCAAB,2.2,3.6,2.32,,2.65,2.7,1.83,Not Found,39.45,2.58,3.6,DraftKings,Not Found,2,,2025-11-09 14:16:18
Cornell Big Red @ Illinois St Redbirds,Illinois St Redbirds,2025-11-09 14:02:48,NCAAB,1.91,1.91,1.9,,1.95,1.95,1.33,Not Found,2.72,1.9,1.95,BetMGM,Not Found,2,,2025-11-09 14:16:18
Utah Tech Trailblazers @ Arizona St Sun Devils,Utah Tech Trailblazers,2025-11-09 15:00:00,NCAAB,7.5,7.75,8.3,7.98,8.0,7.5,7.61,Not Found,2.28,8.12,8.3,FanDuel,Not Found,2,,2025-11-09 14:16:18
New York Giants @ Chicago Bears,Chicago Bears,2025-11-09 13:03:06,NFL,2.05,1.95,2.02,1.4,2.0,2.0,,Not Found,3.56,1.98,2.05,Caesars,Not Found,2,,2025-11-09 14:25:15
New England Patriots @ Tampa Bay Buccaneers,Tampa Bay Buccaneers,2025-11-09 13:02:16,NFL,2.65,2.6,2.58,1.92,2.5,2.55,,Not Found,2.91,2.58,2.65,Caesars,Not Found,2,,2025-11-09 14:34:01
Los Angeles Kings @ Pittsburgh Penguins,Pittsburgh Penguins,2025-11-09 14:08:18,NHL,2.2,2.2,2.24,2.32,2.2,2.5,,Not Found,4.01,2.4,2.5,BetMGM,Not Found,2,,2025-11-09 14:41:23
Texas A&M Aggies @ Oklahoma St Cowboys,Texas A&M Aggies,2025-11-09 14:00:00,NCAAB,2.8,4.4,3.3,2.24,3.0,4.33,,Not Found,31.02,3.36,4.4,DraftKings,Not Found,2,,2025-11-09 14:49:07
Cleveland Browns @ New York Jets,New York Jets,2025-11-09 13:02:35,NFL,2.08,2.3,2.24,1.84,2.1,2.1,,Not Found,3.33,2.23,2.3,DraftKings,Not Found,2,,2025-11-09 14:56:22
Houston Rockets @ Milwaukee Bucks,Milwaukee Bucks,2025-11-09 15:40:57,NBA,2.85,2.9,2.86,2.49,2.75,3.1,2.42,Not Found,7.44,2.89,3.1,BetMGM,Not Found,2,,2025-11-09 15:51:06
Detroit Lions @ Washington Commanders,Washington Commanders,2025-11-09 16:25:00,NFL,4.4,4.8,4.3,4.51,4.5,4.4,4.44,Not Found,3.12,4.65,4.8,DraftKings,Not Found,2,,2025-11-09 15:58:50
Arizona Cardinals @ Seattle Seahawks,Arizona Cardinals,2025-11-09 16:06:09,NFL,5.5,11.0,5.3,4.04,5.5,5.75,4.06,Not Found,96.31,5.6,11.0,DraftKings,Not Found,2,,2025-11-09 16:18:20
Los Angeles Rams @ San Francisco 49ers,San Francisco 49ers,2025-11-09 16:25:29,NFL,4.8,4.8,5.4,,4.5,5.5,3.19,Not Found,14.61,4.8,5.5,BetMGM,Not Found,2,,2025-11-09 16:40:11
North Texas Mean Green @ Loyola (Chi) Ramblers,Loyola (Chi) Ramblers,2025-11-09 17:10:00,NCAAB,2.35,2.4,2.42,,2.6,2.3,1.88,Not Found,6.92,2.43,2.6,Fanatics,Not Found,2,,2025-11-09 17:19:40
Omaha Mavericks @ Colorado St Rams,Omaha Mavericks,2025-11-09 18:00:00,NCAAB,9.0,9.0,9.9,8.94,9.0,8.75,8.95,Not Found,4.77,9.45,9.9,FanDuel,Not Found,2,,2025-11-09 17:19:40
Grambling St Tigers @ Howard Bison,Grambling St Tigers,2025-11-09 18:00:00,NCAAB,2.7,2.7,2.88,2.74,2.65,2.55,,Not Found,2.17,2.82,2.88,FanDuel,Not Found,2,,2025-11-09 17:19:40
Florida Atlantic Owls @ Liberty Flames,Florida Atlantic Owls,2025-11-09 18:00:00,NCAAB,3.78,3.8,4.0,3.72,3.6,3.6,3.8,Not Found,2.14,3.92,4.0,FanDuel,Not Found,2,,2025-11-09 17:19:40
Brooklyn Nets @ New York Knicks,Brooklyn Nets,2025-11-09 18:11:45,NBA,10.0,16.0,11.0,8.94,11.5,12.5,8.54,Not Found,41.86,11.28,16.0,DraftKings,Not Found,2,,2025-11-09 18:19:40
Oklahoma City Thunder @ Memphis Grizzlies,Memphis Grizzlies,2025-11-09 18:11:00,NBA,4.5,7.0,5.0,4.93,6.0,6.0,4.96,Not Found,23.86,5.65,7.0,DraftKings,Not Found,2,,2025-11-09 18:19:40
Boston Celtics @ Orlando Magic,Boston Celtics,2025-11-09 18:11:00,NBA,3.3,3.1,3.3,2.43,2.9,3.1,2.44,Not Found,8.63,3.04,3.3,FanDuel,Not Found,2,,2025-11-09 18:19:40
Southern Miss Golden Eagles @ South Carolina Gamecocks,Southern Miss Golden Eagles,2025-11-09 18:30:00,NCAAB,11.5,12.0,12.6,,13.0,12.0,11.41,Not Found,3.81,12.52,13.0,Fanatics,Not Found,2,,2025-11-09 18:19:40
Carolina Hurricanes @ Toronto Maple Leafs,Carolina Hurricanes,2025-11-09 19:22:00,NHL,2.65,6.2,5.8,2.53,5.5,6.0,,Not Found,42.97,4.34,6.2,DraftKings,Not Found,2,,2025-11-09 20:52:44
Utah Mammoth @ Ottawa Senators,Utah Mammoth,2025-11-09 19:12:28,NHL,3.6,3.6,3.85,1.87,3.6,3.5,,Not Found,16.37,3.31,3.85,FanDuel,Not Found,2,,2025-11-09 20:52:44
Indiana Pacers @ Golden State Warriors,Indiana Pacers,2025-11-09 20:43:00,NBA,7.0,7.5,8.5,5.72,8.5,8.0,5.76,Not Found,14.09,7.45,8.5,FanDuel,Not Found,2,,2025-11-09 20:52:44
Detroit Pistons @ Philadelphia 76ers,Detroit Pistons,2025-11-09 19:41:11,NBA,2.85,2.8,2.86,1.57,2.85,2.8,,Not Found,8.17,2.64,2.86,FanDuel,Not Found,2,,2025-11-09 20:52:44
