Match,Team,Start Time,League,Draftkings,Fanduel,Pinnacle,Betmgm,Fanatics,Caesars,Betonline.Ag,Fair Odds Avg,Event Id,Modified Z Score,Avg Edge Pct,Best Odds,Best Bookmaker,Result,Outcomes,Event ID,Scrape Time
Pittsburgh Panthers @ Florida State Seminoles,Pittsburgh Panthers,2025-10-11 12:00:00,NCAAF,4.2,4.5,4.19,,4.05,4.1,4.03,4.35,,2.28,3.4,4.5,FanDuel,Pittsburgh Panthers,2,Not Found,2025-10-11 10:59:03
TCU Horned Frogs @ Kansas State Wildcats,Kansas State Wildcats,2025-10-11 12:32:00,NCAAF,1.14,1.16,1.5,1.14,1.12,1.59,,1.32,,2.15,20.43,1.59,Caesars,Kansas State Wildcats,2,Not Found,2025-10-11 17:59:15
Iowa State Cyclones @ Colorado Buffaloes,Iowa State Cyclones,2025-10-11 12:36:00,NCAAF,2.65,2.64,1.66,2.5,2.55,2.95,,2.54,,3.19,15.97,2.95,Caesars,Colorado Buffaloes,2,Not Found,2025-10-11 18:27:54
Georgia Bulldogs @ Auburn Tigers,Auburn Tigers,2025-10-11 15:30:00,NCAAF,7.5,9.0,4.31,7.75,7.4,7.4,,7.22,,3.95,24.64,9.0,FanDuel,Georgia Bulldogs,2,Not Found,2025-10-11 23:09:23
Denver Broncos @ New York Jets,New York Jets,2025-10-12 09:30:00,NFL,4.4,4.1,4.06,4.0,4.0,4.05,4.06,4.25,,3.82,3.58,4.4,DraftKings,Denver Broncos,2,Not Found,2025-10-12 07:59:14
Arizona Cardinals @ Indianapolis Colts,Arizona Cardinals,2025-10-12 13:01:00,NFL,4.5,4.4,4.47,4.75,4.3,4.4,4.16,4.59,,2.36,3.41,4.75,BetMGM,Indianapolis Colts,2,Not Found,2025-10-12 12:59:27
Cincinnati Bengals @ Green Bay Packers,Cincinnati Bengals,2025-10-12 16:28:00,NFL,6.2,12.0,8.54,5.0,7.0,5.2,,7.07,,2.01,69.74,12.0,FanDuel,Green Bay Packers,2,Not Found,2025-10-12 18:58:57
Seattle Mariners @ Toronto Blue Jays,Toronto Blue Jays,2025-10-12 20:04:45,MLB,2.75,2.62,2.22,2.6,2.5,3.6,,2.8,,4.11,28.48,3.6,Caesars,Seattle Mariners,2,Not Found,2025-10-12 22:08:26
Detroit Lions @ Kansas City Chiefs,Detroit Lions,2025-10-12 20:22:43,NFL,4.1,6.4,2.55,5.0,4.75,4.05,,4.38,,2.53,46.07,6.4,FanDuel,Kansas City Chiefs,2,Not Found,2025-10-12 22:08:26
Vegas Golden Knights @ Calgary Flames,Calgary Flames,2025-10-14 21:08:12,NHL,12.0,11.0,6.54,13.5,13.0,19.0,,11.85,,3.51,60.3,19.0,Caesars,Vegas Golden Knights,2,Not Found,2025-10-14 23:43:51
Pittsburgh Penguins @ Anaheim Ducks,Pittsburgh Penguins,2025-10-14 22:44:38,NHL,3.8,2.14,2.21,3.8,2.05,2.1,,2.64,,2.65,44.16,3.8,DraftKings,Anaheim Ducks,2,Not Found,2025-10-14 23:58:54
Florida Panthers @ New Jersey Devils,New Jersey Devils,2025-10-16 19:11:50,NHL,2.14,2.18,1.62,2.15,2.1,2.45,,2.19,,4.27,11.84,2.45,Caesars,New Jersey Devils,2,Not Found,2025-10-16 19:35:19
Nashville Predators @ Montr√©al Canadiens,Nashville Predators,2025-10-16 19:08:17,NHL,2.1,2.12,2.18,2.1,2.1,2.35,,2.28,,2.7,3.02,2.35,Caesars,Montreal Canadiens,2,Not Found,2025-10-16 19:35:19
Winnipeg Jets @ Philadelphia Flyers,Winnipeg Jets,2025-10-16 19:16:05,NHL,1.05,1.04,1.11,1.06,1.05,1.25,,1.14,,2.78,9.23,1.25,Caesars,Winnipeg Jets,2,Not Found,2025-10-16 20:44:59
Toronto Blue Jays @ Seattle Mariners,Toronto Blue Jays,2025-10-16 20:34:00,MLB,2.28,2.62,2.3,2.3,2.2,2.25,2.18,2.42,,2.16,8.36,2.62,FanDuel,Toronto Blue Jays,2,Not Found,2025-10-16 20:44:59
Edmonton Oilers @ New York Islanders,Edmonton Oilers,2025-10-16 19:38:08,NHL,14.0,9.3,1.76,34.0,8.0,11.0,,6.34,,4.2,435.96,34.0,BetMGM,New York Islanders,2,Not Found,2025-10-16 22:18:35
Carolina Hurricanes @ Anaheim Ducks,Anaheim Ducks,2025-10-16 22:08:13,NHL,19.0,13.0,4.47,10.0,13.0,10.0,,9.95,,3.32,90.93,19.0,DraftKings,Carolina Hurricanes,2,Not Found,2025-10-17 00:12:27
Toronto Blue Jays @ Seattle Mariners,Seattle Mariners,2025-10-17 18:09:00,MLB,1.81,1.53,1.52,1.56,1.53,1.56,,1.67,,4.82,8.48,1.81,DraftKings,Toronto Blue Jays,2,Not Found,2025-10-17 19:08:51
Saskatchewan Roughriders @ Winnipeg Blue Bombers,Saskatchewan Roughriders,2025-10-17 20:00:00,CFL,4.7,4.15,4.29,4.1,3.8,4.1,4.03,4.33,,2.65,8.53,4.7,DraftKings,Winnipeg Blue Bombers,2,Not Found,2025-10-17 19:34:50
Minnesota Wild @ Washington Capitals,Washington Capitals,2025-10-17 19:11:02,NHL,1.25,1.23,1.37,1.29,1.83,1.31,,1.43,,3.67,27.7,1.83,Fanatics,Washington Capitals,2,Not Found,2025-10-17 20:42:07
Edmonton Elks @ BC Lions,Edmonton Elks,2025-10-17 22:37:00,CFL,3.75,3.45,3.53,3.4,3.4,3.4,3.3,3.6,,2.53,4.1,3.75,DraftKings,BC Lions,2,Not Found,2025-10-17 22:12:54
Milwaukee Brewers @ Los Angeles Dodgers,Milwaukee Brewers,2025-10-17 20:38:51,MLB,12.2,13.0,13.36,13.0,16.0,12.0,,13.83,,2.33,15.7,16.0,Fanatics,Los Angeles Dodgers,2,Not Found,2025-10-17 22:12:54
San Jose Sharks @ Utah Mammoth,San Jose Sharks,2025-10-17 21:08:49,NHL,2.65,2.64,8.14,2.5,2.6,4.5,,3.36,,2.22,33.91,4.5,Caesars,Utah Mammoth,2,Not Found,2025-10-17 22:12:54
Bournemouth @ Crystal Palace,Crystal Palace,2025-10-18 10:01:00,EPL,20.0,76.0,23.48,14.0,29.0,61.0,,27.73,,2.83,174.05,76.0,FanDuel,Draw,3,Not Found,2025-10-18 12:10:42
Georgia Tech Yellow Jackets @ Duke Blue Devils,Duke Blue Devils,2025-10-18 12:10:28,NCAAF,6.0,6.6,2.62,13.5,5.75,3.6,,5.17,,3.43,160.95,13.5,BetMGM,Georgia Tech Yellow Jackets,2,Not Found,2025-10-18 15:07:09
Arizona Wildcats @ Houston Cougars,Arizona Wildcats,2025-10-18 12:03:18,NCAAF,3.7,3.15,3.66,5.0,3.75,2.35,,3.62,,2.97,38.02,5.0,BetMGM,Houston Cougars,2,Not Found,2025-10-18 15:07:09
Akron Zips @ Ball State Cardinals,Akron Zips,2025-10-18 15:32:25,NCAAF,2.24,1.49,1.6,2.5,1.47,1.48,,1.81,,2.33,38.15,2.5,BetMGM,Ball State Cardinals,2,Not Found,2025-10-18 17:35:01
Florida State Seminoles @ Stanford Cardinal,Florida State Seminoles,2025-10-18 22:35:21,NCAAF,4.0,10.0,2.85,2.95,3.45,7.0,,4.31,,3.14,131.94,10.0,FanDuel,Stanford Cardinal,2,Not Found,2025-10-19 02:14:05
Aston Villa @ Tottenham Hotspur,Aston Villa,2025-10-19 09:00:00,EPL,8.0,7.0,6.04,6.75,7.0,7.0,,7.42,,2.01,7.75,8.0,DraftKings,Aston Villa,3,Not Found,2025-10-19 09:29:30
New England Patriots @ Tennessee Titans,Tennessee Titans,2025-10-19 13:03:23,NFL,6.75,6.2,5.07,6.25,8.0,6.5,,6.66,,2.7,20.14,8.0,Fanatics,New England Patriots,2,Not Found,2025-10-19 14:43:16
Carolina Panthers @ New York Jets,New York Jets,2025-10-19 13:03:11,NFL,5.2,5.3,7.75,9.0,5.0,5.5,,6.32,,2.57,42.36,9.0,BetMGM,Carolina Panthers,2,Not Found,2025-10-19 15:23:23
New York Giants @ Denver Broncos,Denver Broncos,2025-10-19 16:05:30,NFL,8.5,11.6,3.76,7.5,8.0,6.25,,7.08,,2.31,63.74,11.6,FanDuel,Denver Broncos,2,Not Found,2025-10-19 18:37:44
Green Bay Packers @ Arizona Cardinals,Green Bay Packers,2025-10-19 16:25:23,NFL,2.24,2.46,1.47,2.05,2.15,2.13,,2.15,,2.2,14.43,2.46,FanDuel,Green Bay Packers,2,Not Found,2025-10-19 19:08:56
Atlanta Falcons @ San Francisco 49ers,San Francisco 49ers,2025-10-19 20:22:59,NFL,1.56,1.56,1.4,1.59,1.56,1.74,,1.65,Not Found,2.47,5.36,1.74,Caesars,San Francisco 49ers,2,Not Found,2025-10-19 22:30:21
Hokkaido Nippon-Ham Fighters @ Fukuoka SoftBank Hawks,Hokkaido Nippon-Ham Fighters,2025-10-20 05:00:00,NPB,8.5,9.7,8.44,9.0,6.35,9.0,,8.96,Not Found,2.34,8.3,9.7,FanDuel,Fukuoka SoftBank Hawks,2,,2025-10-20 07:35:58
Hanwha Eagles @ Samsung Lions,Samsung Lions,2025-10-21 05:30:59,KBO,4.8,5.7,2.57,5.0,4.9,4.8,,4.62,Not Found,3.02,23.36,5.7,FanDuel,Hanwha Eagles,2,,2025-10-21 08:20:07
Toronto Raptors @ Atlanta Hawks,Toronto Raptors,2025-10-22 19:40:00,NBA,3.4,2.72,2.78,2.85,2.75,2.85,2.83,2.98,Not Found,3.71,14.15,3.4,DraftKings,Toronto Raptors,2,,2025-10-22 19:35:15
Cleveland Cavaliers @ New York Knicks,Cleveland Cavaliers,2025-10-22 19:13:20,NBA,3.0,3.0,3.25,2.95,3.0,4.2,,3.37,Not Found,4.83,24.45,4.2,Caesars,New York Knicks,2,,2025-10-22 20:45:45
Miami Heat @ Orlando Magic,Miami Heat,2025-10-22 19:14:53,NBA,2.4,2.14,2.38,2.45,2.6,3.15,,2.63,Not Found,3.12,19.7,3.15,Caesars,Orlando Magic,2,,2025-10-22 20:45:45
Detroit Pistons @ Chicago Bulls,Chicago Bulls,2025-10-22 20:13:55,NBA,1.24,1.23,1.24,1.19,1.27,1.43,,1.34,Not Found,2.62,6.8,1.43,Caesars,Chicago Bulls,2,,2025-10-22 20:45:45
New Orleans Pelicans @ Memphis Grizzlies,Memphis Grizzlies,2025-10-22 20:12:46,NBA,1.83,1.85,1.95,1.91,1.87,2.25,,2.06,Not Found,2.4,9.35,2.25,Caesars,Memphis Grizzlies,2,,2025-10-22 20:45:45
Denver Nuggets @ Golden State Warriors,Denver Nuggets,2025-10-23 22:19:01,NBA,1.11,1.11,1.16,1.1,1.08,1.29,,1.2,Not Found,2.32,7.2,1.29,Caesars,Golden State Warriors,2,,2025-10-24 00:12:04
Atlanta Hawks @ Orlando Magic,Atlanta Hawks,2025-10-24 19:11:03,NBA,3.1,3.4,2.86,2.8,2.85,2.95,2.83,3.11,Not Found,2.02,9.47,3.4,FanDuel,Atlanta Hawks,2,,2025-10-24 19:19:36
Milwaukee Bucks @ Toronto Raptors,Milwaukee Bucks,2025-10-24 18:45:00,NBA,2.6,3.0,1.55,2.6,2.65,2.6,,2.53,Not Found,4.5,18.45,3.0,FanDuel,Milwaukee Bucks,2,,2025-10-24 19:30:28
Cleveland Cavaliers @ Brooklyn Nets,Brooklyn Nets,2025-10-24 19:43:29,NBA,6.75,6.2,6.03,6.25,6.5,7.4,5.76,6.71,Not Found,2.02,10.32,7.4,Caesars,Cleveland Cavaliers,2,,2025-10-24 19:48:27
Boise State Broncos @ Nevada Wolf Pack,Nevada Wolf Pack,2025-10-24 22:00:00,NCAAF,9.5,11.4,10.51,10.5,,10.0,10.1,10.74,Not Found,2.01,6.19,11.4,FanDuel,Boise State Broncos,2,,2025-10-24 21:41:09
Phoenix Suns @ Los Angeles Clippers,Phoenix Suns,2025-10-24 22:43:33,NBA,15.0,12.0,14.52,17.0,15.0,12.0,,14.68,Not Found,2.21,15.84,17.0,BetMGM,Los Angeles Clippers,2,,2025-10-24 23:55:51
UMass Minutemen @ Central Michigan Chippewas,UMass Minutemen,2025-10-25 15:32:29,NCAAF,7.5,6.4,6.49,7.25,,6.5,6.34,7.02,Not Found,2.15,6.78,7.5,DraftKings,Central Michigan Chippewas,2,,2025-10-25 15:34:59
Charlotte Hornets @ Philadelphia 76ers,Charlotte Hornets,2025-10-25 19:42:00,NBA,3.2,3.4,2.73,3.25,3.2,3.15,2.63,3.21,Not Found,2.7,6.02,3.4,FanDuel,Philadelphia 76ers,2,,2025-10-25 19:48:20
Phoenix Suns @ Denver Nuggets,Phoenix Suns,2025-10-25 21:13:37,NBA,7.5,9.0,6.64,7.5,8.0,7.4,,8.01,Not Found,2.76,12.3,9.0,FanDuel,Denver Nuggets,2,,2025-10-25 21:49:35
Hanshin Tigers @ Fukuoka SoftBank Hawks,Fukuoka SoftBank Hawks,2025-10-26 05:30:00,NPB,2.1,2.82,2.1,2.1,2.25,2.35,1.95,2.34,Not Found,2.56,20.26,2.82,FanDuel,Fukuoka SoftBank Hawks,2,,2025-10-26 05:40:48
Burnley @ Wolverhampton Wanderers,Burnley,2025-10-26 10:00:00,EPL,2.0,2.05,3.72,1.91,2.0,3.7,,2.54,Not Found,2.79,45.72,3.7,Caesars,Burnley,3,,2025-10-26 10:18:39
Colorado Avalanche @ New Jersey Devils,New Jersey Devils,2025-10-26 13:08:06,NHL,1.77,1.38,1.38,1.44,1.36,1.4,,1.53,Not Found,4.72,16.05,1.77,DraftKings,New Jersey Devils,2,,2025-10-26 13:41:19
Chicago Bears @ Baltimore Ravens,Chicago Bears,2025-10-26 13:02:19,NFL,5.2,3.1,4.06,2.95,2.9,2.85,,3.54,Not Found,2.85,47.06,5.2,DraftKings,Baltimore Ravens,2,,2025-10-26 15:26:21
New York Jets @ Cincinnati Bengals,New York Jets,2025-10-26 13:02:51,NFL,11.0,12.0,9.08,11.0,12.0,15.0,,11.98,Not Found,2.05,25.18,15.0,Caesars,New York Jets,2,,2025-10-26 15:26:21
Tampa Bay Buccaneers @ New Orleans Saints,New Orleans Saints,2025-10-26 16:05:40,NFL,2.9,3.0,2.36,2.85,3.0,4.2,,3.13,Not Found,5.78,34.21,4.2,Caesars,Tampa Bay Buccaneers,2,,2025-10-26 16:46:56
Boston Celtics @ Detroit Pistons,Boston Celtics,2025-10-26 15:44:38,NBA,4.1,3.4,3.52,3.4,3.5,3.4,,3.75,Not Found,3.62,9.31,4.1,DraftKings,Detroit Pistons,2,,2025-10-26 17:29:53
Dallas Cowboys @ Denver Broncos,Dallas Cowboys,2025-10-26 16:25:25,NFL,13.0,10.0,4.28,9.75,9.5,10.0,,8.77,Not Found,2.85,48.23,13.0,DraftKings,Denver Broncos,2,,2025-10-26 17:56:19
Utah Mammoth @ Winnipeg Jets,Winnipeg Jets,2025-10-26 18:08:41,NHL,1.27,1.29,1.27,1.74,1.27,1.36,,1.43,Not Found,5.09,21.99,1.74,BetMGM,Utah Mammoth,2,,2025-10-26 19:19:28
Milwaukee Bucks @ Cleveland Cavaliers,Milwaukee Bucks,2025-10-26 18:12:09,NBA,5.0,4.6,5.14,6.25,5.25,5.2,,5.49,Not Found,2.82,13.77,6.25,BetMGM,Cleveland Cavaliers,2,,2025-10-26 19:19:28
Charlotte Hornets @ Washington Wizards,Washington Wizards,2025-10-26 18:16:00,NBA,1.24,1.3,1.29,1.29,1.29,1.42,,1.38,Not Found,2.81,3.08,1.42,Caesars,Charlotte Hornets,2,,2025-10-26 19:41:36
San Jose Sharks @ Minnesota Wild,Minnesota Wild,2025-10-26 18:08:46,NHL,5.7,6.6,5.94,5.75,5.75,5.5,,6.18,Not Found,2.12,6.77,6.6,FanDuel,San Jose Sharks,2,,2025-10-26 19:41:36
Los Angeles Lakers @ Sacramento Kings,Los Angeles Lakers,2025-10-26 21:10:30,NBA,2.6,2.38,1.75,2.54,2.85,2.45,,2.5,Not Found,2.02,13.99,2.85,Fanatics,Los Angeles Lakers,2,,2025-10-26 21:53:44
Cleveland Cavaliers @ Detroit Pistons,Detroit Pistons,2025-10-27 19:13:09,NBA,1.87,2.4,1.68,1.91,1.95,2.05,,2.08,Not Found,2.45,15.66,2.4,FanDuel,Cleveland Cavaliers,2,,2025-10-27 19:30:49
Boston Celtics @ New Orleans Pelicans,New Orleans Pelicans,2025-10-27 20:10:51,NBA,6.5,6.6,6.48,7.25,6.5,6.0,,6.9,Not Found,2.02,5.13,7.25,BetMGM,Boston Celtics,2,,2025-10-27 21:43:34
Toronto Blue Jays @ Los Angeles Dodgers,Toronto Blue Jays,2025-10-27 20:06:00,MLB,2.22,2.2,2.96,3.3,2.0,2.2,,2.54,Not Found,2.22,29.87,3.3,BetMGM,Los Angeles Dodgers,2,,2025-10-28 01:57:11
Philadelphia 76ers @ Washington Wizards,Washington Wizards,2025-10-28 19:11:00,NBA,2.6,2.42,2.63,2.55,2.6,2.85,2.61,2.74,Not Found,2.7,4.2,2.85,Caesars,Philadelphia 76ers,2,,2025-10-28 19:20:17
LG Twins @ Hanwha Eagles,LG Twins,2025-10-29 05:30:00,KBO,2.3,2.22,2.27,2.55,2.25,2.3,2.45,2.44,Not Found,2.11,4.64,2.55,BetMGM,Hanwha Eagles,2,,2025-10-29 04:31:30
Indiana Pacers @ Dallas Mavericks,Indiana Pacers,2025-10-29 20:41:00,NBA,7.0,16.0,5.52,6.5,6.0,11.0,,7.94,Not Found,3.36,101.62,16.0,FanDuel,Dallas Mavericks,2,,2025-10-29 23:04:04
Memphis Grizzlies @ Phoenix Suns,Phoenix Suns,2025-10-29 22:10:00,NBA,3.1,2.72,1.63,2.7,2.75,2.85,,2.64,Not Found,2.34,17.24,3.1,DraftKings,Memphis Grizzlies,2,,2025-10-29 23:47:26
LG Twins @ Hanwha Eagles,LG Twins,2025-10-30 05:30:00,KBO,1.82,1.83,1.85,2.05,1.83,1.83,1.94,1.97,Not Found,4.5,3.83,2.05,BetMGM,LG Twins,2,,2025-10-30 03:50:54
Golden State Warriors @ Milwaukee Bucks,Milwaukee Bucks,2025-10-30 20:13:00,NBA,2.3,2.44,2.86,2.45,2.4,3.8,,2.77,Not Found,3.49,37.06,3.8,Caesars,Milwaukee Bucks,2,,2025-10-30 21:46:28
LG Twins @ Hanwha Eagles,Hanwha Eagles,2025-10-31 05:31:00,KBO,3.9,3.2,2.74,2.45,2.9,2.75,,3.12,Not Found,2.27,25.03,3.9,DraftKings,LG Twins,2,,2025-10-31 07:18:31
Colorado Avalanche @ Vegas Golden Knights,Vegas Golden Knights,2025-10-31 16:08:31,NHL,5.7,5.2,7.88,16.0,5.25,4.2,,6.45,Not Found,5.0,148.25,16.0,BetMGM,Colorado Avalanche,2,,2025-10-31 18:20:36
Boston Celtics @ Philadelphia 76ers,Philadelphia 76ers,2025-10-31 19:12:51,NBA,6.75,5.2,3.39,6.0,5.25,5.5,,5.39,Not Found,2.2,25.21,6.75,DraftKings,Boston Celtics,2,,2025-10-31 19:54:50
Los Angeles Lakers @ Memphis Grizzlies,Los Angeles Lakers,2025-10-31 21:42:49,NBA,2.1,2.0,1.85,1.83,1.83,1.83,1.82,1.99,Not Found,5.62,5.33,2.1,DraftKings,Los Angeles Lakers,2,,2025-10-31 21:49:55
New Orleans Pelicans @ Los Angeles Clippers,New Orleans Pelicans,2025-10-31 22:40:17,NBA,4.7,5.0,4.66,4.33,5.75,8.0,,5.49,Not Found,3.29,45.71,8.0,Caesars,Los Angeles Clippers,2,,2025-10-31 23:59:13
Denver Nuggets @ Portland Trail Blazers,Denver Nuggets,2025-10-31 22:12:20,NBA,1.45,2.06,1.13,1.48,1.38,1.38,,1.52,Not Found,4.72,35.26,2.06,FanDuel,Portland Trail Blazers,2,,2025-11-01 00:47:23
Wolverhampton Wanderers @ Fulham,Wolverhampton Wanderers,2025-11-01 11:01:00,EPL,10.0,11.0,9.65,9.0,9.0,9.0,,10.3,Not Found,2.26,6.76,11.0,FanDuel,Fulham,3,,2025-11-01 11:18:54
Chelsea @ Tottenham Hotspur,Tottenham Hotspur,2025-11-01 13:30:00,EPL,10.0,9.0,8.39,8.5,7.5,8.5,,9.23,Not Found,3.21,8.37,10.0,DraftKings,Chelsea,3,,2025-11-01 14:28:01
New Mexico State Aggies @ Western Kentucky Hilltoppers,New Mexico State Aggies,2025-11-01 15:32:21,NCAAF,3.5,4.4,3.52,3.3,,3.4,3.6,3.77,Not Found,3.06,16.6,4.4,FanDuel,Western Kentucky Hilltoppers,2,,2025-11-01 15:40:21
Virginia Cavaliers @ California Golden Bears,California Golden Bears,2025-11-01 15:50:00,NCAAF,3.2,3.8,3.03,3.1,,2.5,2.86,3.18,Not Found,2.28,19.34,3.8,FanDuel,Virginia Cavaliers,2,,2025-11-01 15:55:11
Aston Villa @ Liverpool,Liverpool,2025-11-01 16:01:00,EPL,1.24,1.26,2.02,1.27,1.25,1.95,,1.53,Not Found,2.39,27.23,1.95,Caesars,Liverpool,3,,2025-11-01 16:49:54
Colorado Avalanche @ San Jose Sharks,Colorado Avalanche,2025-11-01 16:08:27,NHL,1.45,1.44,1.48,1.5,1.44,1.91,,1.61,Not Found,5.67,18.48,1.91,Caesars,San Jose Sharks,2,,2025-11-01 17:27:38
Sacramento Kings @ Milwaukee Bucks,Sacramento Kings,2025-11-01 17:11:00,NBA,5.2,5.2,5.18,5.75,5.0,4.8,,5.47,Not Found,3.57,5.19,5.75,BetMGM,Sacramento Kings,2,,2025-11-01 17:59:32
Chicago Blackhawks @ Edmonton Oilers,Chicago Blackhawks,2025-11-01 22:11:40,NHL,3.0,3.15,3.05,5.0,5.0,2.85,,3.66,Not Found,2.24,36.55,5.0,BetMGM,Edmonton Oilers,2,,2025-11-01 23:07:44
Newcastle United @ West Ham United,Newcastle United,2025-11-02 09:00:00,EPL,121.0,101.0,26.46,176.0,401.0,26.0,,62.23,Not Found,2.62,544.4,401.0,Fanatics,West Ham United,3,,2025-11-02 10:56:02
Bournemouth @ Manchester City,Bournemouth,2025-11-02 11:30:00,EPL,14.0,19.0,6.21,15.0,16.0,15.0,,13.4,Not Found,2.08,41.74,19.0,FanDuel,Manchester City,3,,2025-11-02 11:49:50
Atlanta Falcons @ New England Patriots,Atlanta Falcons,2025-11-02 13:02:21,NFL,5.2,6.4,3.38,5.75,5.5,5.5,,5.35,Not Found,2.21,19.54,6.4,FanDuel,New England Patriots,2,,2025-11-02 13:51:05
New Orleans Pelicans @ Oklahoma City Thunder,New Orleans Pelicans,2025-11-02 15:30:00,NBA,6.0,6.2,6.2,6.75,6.0,6.0,6.05,6.43,Not Found,3.15,5.05,6.75,BetMGM,Oklahoma City Thunder,2,,2025-11-02 15:21:39
Carolina Panthers @ Green Bay Packers,Green Bay Packers,2025-11-02 13:02:52,NFL,2.54,2.68,1.63,2.45,2.5,2.5,,2.46,Not Found,2.7,9.07,2.68,FanDuel,Carolina Panthers,2,,2025-11-02 15:34:37
Denver Broncos @ Houston Texans,Houston Texans,2025-11-02 13:02:56,NFL,2.05,1.9,1.38,2.05,2.0,2.25,,2.0,Not Found,2.02,12.31,2.25,Caesars,Denver Broncos,2,,2025-11-02 15:43:01
New Orleans Saints @ Los Angeles Rams,New Orleans Saints,2025-11-02 16:05:18,NFL,14.0,16.0,8.58,15.0,18.0,23.0,,15.02,Not Found,2.53,53.11,23.0,Caesars,Los Angeles Rams,2,,2025-11-02 16:28:55
Kansas City Chiefs @ Buffalo Bills,Kansas City Chiefs,2025-11-02 16:25:35,NFL,2.54,2.54,,2.65,2.5,2.5,1.74,2.49,Not Found,3.51,6.37,2.65,BetMGM,Buffalo Bills,2,,2025-11-02 16:40:26
Tampa Bay Lightning @ Utah Mammoth,Tampa Bay Lightning,2025-11-02 15:38:50,NHL,1.87,1.9,1.35,1.91,1.87,1.95,,1.88,Not Found,2.02,3.46,1.95,Caesars,Tampa Bay Lightning,2,,2025-11-02 17:42:57
Atlanta Hawks @ Cleveland Cavaliers,Atlanta Hawks,2025-11-02 18:11:08,NBA,3.6,4.9,3.8,4.0,4.1,3.8,,4.23,Not Found,2.29,15.89,4.9,FanDuel,Cleveland Cavaliers,2,,2025-11-02 18:41:10
Miami Heat @ Los Angeles Lakers,Miami Heat,2025-11-02 21:40:41,NBA,3.6,4.2,8.1,3.6,3.6,5.5,,4.61,Not Found,3.6,19.29,5.5,Caesars,Los Angeles Lakers,2,,2025-11-02 23:31:11
Arizona Cardinals @ Dallas Cowboys,Arizona Cardinals,2025-11-03 20:15:45,NFL,1.8,1.72,2.11,1.74,1.87,2.2,,2.0,Not Found,2.34,9.75,2.2,Caesars,Arizona Cardinals,2,,2025-11-03 20:47:09
Los Angeles Lakers @ Portland Trail Blazers,Portland Trail Blazers,2025-11-03 22:12:00,NBA,1.07,1.05,1.11,1.06,1.09,1.18,,1.15,Not Found,2.7,2.24,1.18,Caesars,Los Angeles Lakers,2,,2025-11-03 22:46:03
Miami Heat @ Los Angeles Clippers,Miami Heat,2025-11-03 22:41:00,NBA,2.3,2.12,3.48,2.2,2.25,2.95,3.52,2.72,Not Found,2.44,8.52,2.95,Caesars,Miami Heat,2,,2025-11-03 22:46:03
Louisiana Tech Bulldogs @ Nevada Wolf Pack,Louisiana Tech Bulldogs,2025-11-04 22:00:00,NCAAB,4.5,4.85,4.54,4.4,4.5,4.45,4.58,4.74,Not Found,4.72,2.4,4.85,FanDuel,Nevada Wolf Pack,2,,2025-11-04 20:48:15
Philadelphia 76ers @ Chicago Bulls,Chicago Bulls,2025-11-04 20:11:00,NBA,6.75,6.2,5.13,5.25,5.5,5.0,,5.9,Not Found,2.99,14.44,6.75,DraftKings,Chicago Bulls,2,,2025-11-04 20:48:15
Southern Utah Thunderbirds @ Arizona St Sun Devils,Southern Utah Thunderbirds,2025-11-04 21:00:00,NCAAB,12.0,13.0,,11.5,13.0,11.5,11.41,12.5,Not Found,2.86,4.03,13.0,FanDuel,Arizona St Sun Devils,2,,2025-11-04 20:48:15
Portland St Vikings @ Stanford Cardinal,Stanford Cardinal,2025-11-04 22:00:00,NCAAB,1.27,1.19,1.16,1.18,1.18,1.31,1.15,1.27,Not Found,4.38,3.22,1.31,Caesars,Stanford Cardinal,2,,2025-11-04 22:04:13
South Carolina Upstate Spartans @ Fresno St Bulldogs,South Carolina Upstate Spartans,2025-11-05 21:00:00,NCAAB,5.0,5.4,5.15,4.6,5.0,5.0,,5.24,Not Found,3.6,2.99,5.4,FanDuel,South Carolina Upstate Spartans,2,,2025-11-05 20:53:17
The Citadel Bulldogs @ Boston College Eagles,The Citadel Bulldogs,2025-11-06 19:00:00,NCAAB,13.0,12.0,,10.5,12.0,12.5,12.36,12.51,Not Found,2.21,3.92,13.0,DraftKings,Not Found,2,,2025-11-06 15:25:49
Campbell Fighting Camels @ West Virginia Mountaineers,Campbell Fighting Camels,2025-11-06 19:00:00,NCAAB,10.0,11.6,,9.75,11.0,10.0,9.74,10.74,Not Found,4.23,8.05,11.6,FanDuel,Not Found,2,,2025-11-06 17:21:42
LIU Sharks @ IUPUI Jaguars,LIU Sharks,2025-11-06 18:30:00,NCAAB,1.87,1.96,2.49,2.05,2.0,2.75,,2.27,Not Found,4.45,20.95,2.75,Caesars,Not Found,2,,2025-11-06 18:41:55
Los Angeles Clippers @ Phoenix Suns,Phoenix Suns,2025-11-06 21:10:37,NBA,2.45,2.12,2.08,2.05,2.05,2.15,,2.27,Not Found,4.72,7.76,2.45,DraftKings,Phoenix Suns,2,,2025-11-06 22:03:16
Wright St Raiders @ California Golden Bears,Wright St Raiders,2025-11-06 22:01:44,NCAAB,16.0,11.0,9.74,8.25,11.5,10.0,,11.17,Not Found,4.22,43.22,16.0,DraftKings,California Golden Bears,2,,2025-11-06 22:48:10
KK Partizan NIS @ Olympiacos,KK Partizan NIS,2025-11-07 14:15:00,Basketball Euroleague,4.1,5.3,3.83,4.0,4.45,,4.5,4.6,Not Found,2.77,15.11,5.3,FanDuel,Not Found,2,,2025-11-07 14:28:48
Tennessee Tech Golden Eagles @ Charlotte 49ers,Tennessee Tech Golden Eagles,2025-11-07 19:00:00,NCAAB,7.5,8.1,7.37,7.0,7.5,7.5,7.86,7.85,Not Found,3.11,3.21,8.1,FanDuel,Not Found,2,,2025-11-07 18:31:02
Chicago Bulls @ Milwaukee Bucks,Chicago Bulls,2025-11-07 20:11:00,NBA,2.7,2.4,2.13,2.45,2.5,2.45,,2.56,Not Found,3.37,5.49,2.7,DraftKings,Milwaukee Bucks,2,,2025-11-07 20:41:45
Houston Cougars @ UCF Knights,Houston Cougars,2025-11-07 20:15:30,NCAAF,2.8,2.38,2.5,2.2,2.35,2.35,,2.56,Not Found,3.91,9.41,2.8,DraftKings,Houston Cougars,2,,2025-11-07 21:51:21
Northwestern Wildcats @ USC Trojans,USC Trojans,2025-11-07 21:05:56,NCAAF,1.13,1.11,1.25,1.09,1.11,1.25,,1.22,Not Found,4.38,2.6,1.25,Caesars,USC Trojans,2,,2025-11-07 22:28:14
Burnley @ West Ham United,Draw,2025-11-08 10:00:00,EPL,2.6,2.65,2.81,2.5,2.55,3.2,,2.89,Not Found,3.88,10.76,3.2,Caesars,West Ham United,3,,2025-11-08 10:48:27
SMU Mustangs @ Boston College Eagles,Boston College Eagles,2025-11-08 11:58:00,NCAAF,5.5,5.5,,6.25,10.5,3.4,4.34,5.53,Not Found,3.53,89.94,10.5,Fanatics,SMU Mustangs,2,,2025-11-08 12:17:29
BYU Cougars @ Texas Tech Red Raiders,BYU Cougars,2025-11-08 12:08:25,NCAAF,6.5,4.4,4.59,4.2,6.4,5.0,4.61,5.22,Not Found,3.27,24.61,6.5,DraftKings,Texas Tech Red Raiders,2,,2025-11-08 12:17:29
Indiana Hoosiers @ Penn State Nittany Lions,Penn State Nittany Lions,2025-11-08 12:10:46,NCAAF,4.4,4.0,,4.0,4.15,5.3,5.46,4.73,Not Found,2.51,12.11,5.3,Caesars,Indiana Hoosiers,2,,2025-11-08 12:17:29
Alabama Crimson Tide @ St. John's Red Storm,St. John's Red Storm,2025-11-08 12:01:34,NCAAB,1.42,1.49,,1.5,1.44,1.62,1.52,1.58,Not Found,2.11,2.43,1.62,Caesars,Alabama Crimson Tide,2,,2025-11-08 12:17:29
Georgia Bulldogs @ Mississippi State Bulldogs,Mississippi State Bulldogs,2025-11-08 11:54:00,NCAAF,3.8,3.35,3.16,3.2,2.95,2.8,,3.37,Not Found,2.09,12.92,3.8,DraftKings,Georgia Bulldogs,2,,2025-11-08 12:30:58
Arsenal @ Sunderland,Sunderland,2025-11-08 12:30:00,EPL,7.5,8.5,6.99,,7.5,7.0,7.65,8.0,Not Found,2.08,6.23,8.5,FanDuel,Draw,3,,2025-11-08 12:40:37
Marshall Thundering Herd @ Toledo Rockets,Marshall Thundering Herd,2025-11-08 14:02:01,NCAAB,2.35,3.3,,2.45,2.2,3.6,2.15,2.72,Not Found,3.6,32.35,3.6,Caesars,Marshall Thundering Herd,2,,2025-11-08 14:16:25
South Florida Bulls @ GW Revolutionaries,South Florida Bulls,2025-11-08 13:32:59,NCAAB,1.51,1.54,1.45,1.53,1.69,1.59,,1.64,Not Found,2.61,3.09,1.69,Fanatics,GW Revolutionaries,2,,2025-11-08 14:16:25
Temple Owls @ Army Black Knights,Temple Owls,2025-11-08 12:04:00,NCAAF,7.0,12.0,3.06,7.5,8.2,6.5,,6.62,Not Found,3.77,81.35,12.0,FanDuel,Army Black Knights,2,,2025-11-08 14:50:51
Utah Valley Wolverines @ Boise State Broncos,Utah Valley Wolverines,2025-11-08 16:00:00,NCAAB,6.75,7.3,6.49,6.25,6.5,6.5,6.61,6.91,Not Found,4.91,5.7,7.3,FanDuel,Not Found,2,,2025-11-08 15:34:06
Duke Blue Devils @ UConn Huskies,Duke Blue Devils,2025-11-08 15:35:00,NCAAF,1.15,1.12,1.33,1.12,1.14,1.31,1.35,1.27,Not Found,3.6,2.75,1.31,Caesars,UConn Huskies,2,,2025-11-08 15:42:50
Kansas Jayhawks @ Arizona Wildcats,Kansas Jayhawks,2025-11-08 15:38:00,NCAAF,2.35,2.36,2.84,2.25,2.3,2.85,2.86,2.65,Not Found,3.0,7.56,2.85,Caesars,Arizona Wildcats,2,,2025-11-08 15:42:50
Iowa State Cyclones @ TCU Horned Frogs,Iowa State Cyclones,2025-11-08 15:35:29,NCAAF,2.95,4.2,3.45,3.1,2.9,3.35,3.49,3.48,Not Found,2.29,20.57,4.2,FanDuel,Not Found,2,,2025-11-08 15:42:50
Wolverhampton Wanderers @ Chelsea,Draw,2025-11-08 15:01:00,EPL,7.0,7.5,3.37,7.0,6.5,6.5,,6.28,Not Found,2.02,19.38,7.5,FanDuel,Chelsea,3,,2025-11-08 16:17:54
San Francisco Dons @ Memphis Tigers,San Francisco Dons,2025-11-08 15:00:00,NCAAB,14.0,18.0,7.43,13.0,16.0,23.0,,14.07,Not Found,2.16,63.45,23.0,Caesars,Not Found,2,,2025-11-08 16:28:37
Washington Huskies @ Wisconsin Badgers,Wisconsin Badgers,2025-11-08 12:59:00,NCAAF,4.0,4.9,,4.4,4.15,4.28,4.3,4.55,Not Found,3.29,7.63,4.9,FanDuel,Wisconsin Badgers,2,,2025-11-08 16:47:55
Albany Great Danes @ Massachusetts Minutemen,Albany Great Danes,2025-11-08 18:00:00,NCAAB,4.9,4.9,4.68,4.75,4.75,5.3,,5.09,Not Found,4.27,4.04,5.3,Caesars,Not Found,2,,2025-11-08 17:19:05
Providence Friars @ Virginia Tech Hokies,Providence Friars,2025-11-08 16:30:00,NCAAB,1.28,1.4,1.85,1.31,1.35,1.67,,1.54,Not Found,2.49,8.67,1.67,Caesars,Not Found,2,,2025-11-08 17:19:05
Oregon Ducks @ Iowa Hawkeyes,Iowa Hawkeyes,2025-11-08 11:50:00,NCAAF,5.0,4.9,5.59,4.75,4.15,7.4,,5.43,Not Found,3.93,36.27,7.4,Caesars,Oregon Ducks,2,,2025-11-08 18:30:31
East Carolina Pirates @ Richmond Spiders,East Carolina Pirates,2025-11-08 18:00:00,NCAAB,5.7,10.0,2.51,7.0,5.75,6.0,,5.52,Not Found,4.28,81.2,10.0,FanDuel,Not Found,2,,2025-11-08 18:48:49
Jamall Emmers @ Hyder Amil,Jamall Emmers,2025-11-08 18:40:00,MMA,1.87,3.25,2.32,2.25,,3.4,2.22,2.57,Not Found,3.13,32.3,3.4,Caesars,Not Found,2,,2025-11-08 18:48:49
California Golden Bears @ Louisville Cardinals,California Golden Bears,2025-11-08 16:18:00,NCAAF,2.85,3.15,3.07,2.75,2.8,2.85,,3.07,Not Found,2.7,2.57,3.15,FanDuel,Not Found,2,,2025-11-08 20:50:57
Florida State Seminoles @ Clemson Tigers,Florida State Seminoles,2025-11-08 19:05:48,NCAAF,4.5,5.2,4.63,4.75,4.8,4.5,,4.98,Not Found,2.29,4.37,5.2,FanDuel,Not Found,2,,2025-11-08 20:50:57
Sam Houston State Bearkats @ Oregon State Beavers,Sam Houston State Bearkats,2025-11-08 22:05:00,NCAAF,8.5,12.0,9.41,9.0,9.5,,9.74,9.97,Not Found,4.64,20.34,12.0,FanDuel,Sam Houston State Bearkats,2,,2025-11-08 22:05:52
Portland Trail Blazers @ Miami Heat,Portland Trail Blazers,2025-11-08 20:12:00,NBA,1.83,2.18,2.24,1.87,1.91,1.77,,2.07,Not Found,2.17,5.08,2.18,FanDuel,Miami Heat,2,,2025-11-08 22:05:52
Indiana Pacers @ Denver Nuggets,Indiana Pacers,2025-11-08 21:11:00,NBA,6.75,10.0,7.44,7.5,6.5,10.0,,8.2,Not Found,2.02,21.98,10.0,FanDuel,Denver Nuggets,2,,2025-11-08 22:49:45
Phoenix Suns @ Los Angeles Clippers,Los Angeles Clippers,2025-11-08 22:42:42,NBA,3.1,3.65,3.26,3.1,3.2,3.6,,3.5,Not Found,2.18,4.24,3.65,FanDuel,Phoenix Suns,2,,2025-11-08 23:55:29
Leeds United @ Nottingham Forest,Leeds United,2025-11-09 09:01:00,EPL,4.9,4.5,4.22,4.2,4.0,4.2,,4.66,Not Found,4.23,5.07,4.9,DraftKings,Not Found,3,,2025-11-09 09:48:47
Newcastle United @ Brentford,Brentford,2025-11-09 09:00:00,EPL,7.5,7.0,5.76,7.0,6.5,6.5,,7.18,Not Found,2.02,4.45,7.5,DraftKings,Not Found,3,,2025-11-09 09:56:24
Brighton and Hove Albion @ Crystal Palace,Crystal Palace,2025-11-09 09:00:00,EPL,4.8,5.6,3.69,4.8,4.4,4.6,,4.95,Not Found,3.04,13.22,5.6,FanDuel,Not Found,3,,2025-11-09 10:40:44
North Carolina Central Eagles @ Appalachian St Mountaineers,North Carolina Central Eagles,2025-11-09 13:00:00,NCAAB,5.1,5.7,5.01,5.25,5.25,5.0,,5.45,Not Found,2.95,4.56,5.7,FanDuel,Not Found,2,,2025-11-09 12:17:19
Atlanta Falcons @ Indianapolis Colts,Atlanta Falcons,2025-11-09 09:35:08,NFL,2.7,2.3,2.45,2.25,2.05,2.35,,2.47,Not Found,2.53,9.22,2.7,DraftKings,Not Found,2,,2025-11-09 12:40:54
Liverpool @ Manchester City,Liverpool,2025-11-09 11:30:00,EPL,31.0,36.0,26.94,41.0,51.0,31.0,,36.75,Not Found,2.61,38.79,51.0,Fanatics,Not Found,3,,2025-11-09 12:48:40
Marist Red Foxes @ Dartmouth Big Green,Dartmouth Big Green,2025-11-09 14:04:22,NCAAB,3.6,2.32,,2.7,2.65,2.2,1.83,2.58,Not Found,3.01,39.45,3.6,DraftKings,Not Found,2,,2025-11-09 14:16:22
New Orleans Saints @ Carolina Panthers,Carolina Panthers,2025-11-09 13:02:43,NFL,2.0,2.0,1.31,2.1,2.0,2.05,,1.97,Not Found,2.7,6.61,2.1,BetMGM,Not Found,2,,2025-11-09 14:16:22
Baltimore Ravens @ Minnesota Vikings,Minnesota Vikings,2025-11-09 13:02:49,NFL,1.69,1.88,1.76,1.71,1.62,1.78,,1.83,Not Found,2.17,2.49,1.88,FanDuel,Not Found,2,,2025-11-09 14:16:22
Buffalo Bills @ Miami Dolphins,Buffalo Bills,2025-11-09 13:03:02,NFL,2.6,3.2,1.8,2.6,2.75,2.75,,2.68,Not Found,4.72,19.61,3.2,FanDuel,Not Found,2,,2025-11-09 14:25:19
Jacksonville Jaguars @ Houston Texans,Houston Texans,2025-11-09 13:03:20,NFL,7.0,7.8,5.72,8.0,7.0,10.0,,7.77,Not Found,3.51,28.75,10.0,Caesars,Not Found,2,,2025-11-09 14:25:19
