Match,League,Team,Start Time,Pinnacle Edge Book,Pinnacle Edge Odds,Pinnacle Fair Odds,Pin Edge Pct,Result,Scrape Time
Charlotte 49ers @ Army Black Knights,NCAAF,Charlotte 49ers,2025-10-11 12:00:00,DraftKings,8.0,7.68,4.23,Army Black Knights,2025-10-11 10:26:01
Pittsburgh Panthers @ Florida State Seminoles,NCAAF,Pittsburgh Panthers,2025-10-11 12:00:00,FanDuel,4.5,4.35,3.4,Pittsburgh Panthers,2025-10-11 10:59:04
Toledo Rockets @ Bowling Green Falcons,NCAAF,Bowling Green Falcons,2025-10-11 12:00:00,FanDuel,4.4,4.0,10.0,Bowling Green Falcons,2025-10-11 11:25:07
Arkansas Razorbacks @ Tennessee Volunteers,NCAAF,Arkansas Razorbacks,2025-10-11 11:52:00,DraftKings,3.6,3.1,16.16,Tennessee Volunteers,2025-10-11 16:59:08
Indiana Hoosiers @ Oregon Ducks,NCAAF,Oregon Ducks,2025-10-11 11:49:00,FanDuel,1.68,1.6,5.05,Indiana Hoosiers,2025-10-11 16:59:08
Oklahoma Sooners @ Texas Longhorns,NCAAF,Oklahoma Sooners,2025-10-11 11:50:00,DraftKings,1.87,1.82,2.58,Texas Longhorns,2025-10-11 16:59:08
TCU Horned Frogs @ Kansas State Wildcats,NCAAF,TCU Horned Frogs,2025-10-11 12:32:00,DraftKings,2.6,1.42,82.63,Kansas State Wildcats,2025-10-11 17:23:33
Iowa State Cyclones @ Colorado Buffaloes,NCAAF,Colorado Buffaloes,2025-10-11 12:36:00,DraftKings,2.95,1.78,65.6,Colorado Buffaloes,2025-10-11 17:23:33
Northwestern Wildcats @ Penn State Nittany Lions,NCAAF,Penn State Nittany Lions,2025-10-11 15:34:00,Caesars,1.53,1.28,19.94,Northwestern Wildcats,2025-10-11 17:59:15
Florida Gators @ Texas A&M Aggies,NCAAF,Florida Gators,2025-10-11 15:31:00,BetMGM,5.75,2.4,139.95,Texas A&M Aggies,2025-10-11 19:59:01
BYU Cougars @ Arizona Wildcats,NCAAF,Arizona Wildcats,2025-10-11 15:37:00,FanDuel,4.5,3.86,16.57,BYU Cougars,2025-10-11 22:04:33
Georgia Bulldogs @ Auburn Tigers,NCAAF,Auburn Tigers,2025-10-11 15:30:00,DraftKings,1.95,1.76,10.93,Georgia Bulldogs,2025-10-11 22:04:33
Chicago Cubs @ Milwaukee Brewers,MLB,Chicago Cubs,2025-10-11 20:08:30,FanDuel,3.8,3.63,4.72,Milwaukee Brewers,2025-10-11 22:04:33
South Carolina Gamecocks @ LSU Tigers,NCAAF,LSU Tigers,2025-10-11 15:33:00,Caesars,1.38,1.33,3.63,LSU Tigers,2025-10-11 22:04:33
Vegas Golden Knights @ Seattle Kraken,NHL,Vegas Golden Knights,2025-10-11 22:08:44,FanDuel,1.88,1.83,2.55,Seattle Kraken,2025-10-12 00:59:22
Denver Broncos @ New York Jets,NFL,New York Jets,2025-10-12 09:30:00,DraftKings,4.3,4.15,3.62,Denver Broncos,2025-10-12 01:59:05
Arizona Cardinals @ Indianapolis Colts,NFL,Arizona Cardinals,2025-10-12 13:01:00,BetMGM,4.75,4.6,3.15,Indianapolis Colts,2025-10-12 12:59:28
Cleveland Browns @ Pittsburgh Steelers,NFL,Cleveland Browns,2025-10-12 13:02:00,BetMGM,6.25,3.71,68.37,Pittsburgh Steelers,2025-10-12 13:59:15
Seattle Seahawks @ Jacksonville Jaguars,NFL,Jacksonville Jaguars,2025-10-12 13:02:48,Caesars,2.75,2.04,34.62,Seattle Seahawks,2025-10-12 13:59:15
Los Angeles Rams @ Baltimore Ravens,NFL,Baltimore Ravens,2025-10-12 13:02:00,Caesars,3.3,2.73,20.87,Los Angeles Rams,2025-10-12 13:59:15
Dallas Cowboys @ Carolina Panthers,NFL,Carolina Panthers,2025-10-12 13:01:00,Caesars,2.35,2.03,15.97,Carolina Panthers,2025-10-12 13:59:15
New England Patriots @ New Orleans Saints,NFL,New Orleans Saints,2025-10-12 13:02:50,DraftKings,3.2,2.9,10.16,New England Patriots,2025-10-12 13:59:15
Los Angeles Chargers @ Miami Dolphins,NFL,Los Angeles Chargers,2025-10-12 13:01:00,FanDuel,2.02,1.56,29.47,Los Angeles Chargers,2025-10-12 14:35:17
Cincinnati Bengals @ Green Bay Packers,NFL,Cincinnati Bengals,2025-10-12 16:28:00,DraftKings,8.5,8.11,4.83,Green Bay Packers,2025-10-12 16:28:51
Tennessee Titans @ Las Vegas Raiders,NFL,Tennessee Titans,2025-10-12 16:06:00,Caesars,6.5,3.66,77.4,Las Vegas Raiders,2025-10-12 16:59:24
San Francisco 49ers @ Tampa Bay Buccaneers,NFL,Tampa Bay Buccaneers,2025-10-12 16:26:00,Caesars,1.59,1.48,7.46,Tampa Bay Buccaneers,2025-10-12 17:24:25
Detroit Lions @ Kansas City Chiefs,NFL,Detroit Lions,2025-10-12 20:22:43,FanDuel,6.4,2.67,140.0,Kansas City Chiefs,2025-10-12 22:08:27
Seattle Mariners @ Toronto Blue Jays,MLB,Toronto Blue Jays,2025-10-12 20:04:45,Caesars,3.6,2.31,56.12,Seattle Mariners,2025-10-12 22:08:27
Miami Heat @ Atlanta Hawks,NBA Preseason,Miami Heat,2025-10-13 18:00:00,BetMGM,3.2,2.93,9.19,Atlanta Hawks,2025-10-13 15:22:49
Seattle Mariners @ Toronto Blue Jays,MLB,Seattle Mariners,2025-10-13 17:04:00,Caesars,2.1,1.68,24.74,Seattle Mariners,2025-10-13 17:59:21
Washington Wizards @ New York Knicks,NBA Preseason,New York Knicks,2025-10-13 19:30:00,FanDuel,1.58,1.31,21.05,Washington Wizards,2025-10-13 17:59:21
Buffalo Bills @ Atlanta Falcons,NFL,Buffalo Bills,2025-10-13 19:15:52,FanDuel,1.8,1.55,16.2,Atlanta Falcons,2025-10-13 19:25:14
Chicago Bears @ Washington Commanders,NFL,Washington Commanders,2025-10-13 20:16:00,FanDuel,2.02,1.73,16.97,Chicago Bears,2025-10-13 22:00:49
Los Angeles Dodgers @ Milwaukee Brewers,MLB,Los Angeles Dodgers,2025-10-13 20:08:00,Caesars,1.36,1.07,26.83,Los Angeles Dodgers,2025-10-13 23:08:13
SSG Landers @ Samsung Lions,KBO,SSG Landers,2025-10-14 05:30:00,BetMGM,2.6,2.45,5.97,Samsung Lions,2025-10-14 04:59:24
Detroit Pistons @ Cleveland Cavaliers,NBA Preseason,Detroit Pistons,2025-10-14 19:08:00,BetMGM,3.6,3.49,3.3,Cleveland Cavaliers,2025-10-14 18:59:23
Nashville Predators @ Toronto Maple Leafs,NHL,Nashville Predators,2025-10-14 19:07:58,DraftKings,6.5,5.5,18.09,Toronto Maple Leafs,2025-10-14 19:59:05
Seattle Kraken @ Montréal Canadiens,NHL,Seattle Kraken,2025-10-14 19:20:03,FanDuel,3.5,3.23,8.3,Montreal Canadiens,2025-10-14 19:59:05
Los Angeles Dodgers @ Milwaukee Brewers,MLB,Milwaukee Brewers,2025-10-14 20:09:00,Caesars,7.4,5.46,35.49,Los Angeles Dodgers,2025-10-14 22:04:00
Vegas Golden Knights @ Calgary Flames,NHL,Vegas Golden Knights,2025-10-14 21:08:12,DraftKings,3.4,3.2,6.2,Vegas Golden Knights,2025-10-14 22:04:00
Carolina Hurricanes @ San Jose Sharks,NHL,San Jose Sharks,2025-10-14 22:08:59,FanDuel,3.0,2.85,5.21,Carolina Hurricanes,2025-10-14 23:12:10
Pittsburgh Penguins @ Anaheim Ducks,NHL,Pittsburgh Penguins,2025-10-14 22:44:38,BetMGM,2.45,2.29,7.15,Anaheim Ducks,2025-10-14 23:43:52
Hokkaido Nippon-Ham Fighters @ Fukuoka SoftBank Hawks,NPB,Hokkaido Nippon-Ham Fighters,2025-10-15 05:00:00,BetMGM,2.54,2.49,2.1,Fukuoka SoftBank Hawks,2025-10-15 03:59:12
Yokohama DeNA BayStars @ Hanshin Tigers,NPB,Yokohama DeNA BayStars,2025-10-15 05:01:00,FanDuel,2.72,2.44,11.3,Hanshin Tigers,2025-10-15 06:59:07
Hapoel Tel Aviv @ Valencia Basket,Basketball Euroleague,Valencia Basket,2025-10-15 14:30:00,BetMGM,2.35,1.81,29.88,Hapoel Tel Aviv BC,2025-10-15 14:41:36
Memphis Grizzlies @ Charlotte Hornets,NBA Preseason,Charlotte Hornets,2025-10-15 19:00:00,Caesars,1.83,1.78,2.97,Charlotte Hornets,2025-10-15 17:59:06
Los Angeles Clippers @ Sacramento Kings,NBA Preseason,Sacramento Kings,2025-10-15 22:00:00,FanDuel,2.64,2.58,2.34,Los Angeles Clippers,2025-10-15 20:45:16
Dallas Mavericks @ Los Angeles Lakers,NBA Preseason,Los Angeles Lakers,2025-10-15 22:30:00,DraftKings,3.75,3.61,3.77,Dallas Mavericks,2025-10-15 22:19:27
Yokohama DeNA BayStars @ Hanshin Tigers,NPB,Yokohama DeNA BayStars,2025-10-16 05:00:00,BetMGM,3.2,2.66,20.1,Hanshin Tigers,2025-10-16 05:11:53
Hokkaido Nippon-Ham Fighters @ Fukuoka SoftBank Hawks,NPB,Fukuoka SoftBank Hawks,2025-10-16 05:00:00,Caesars,2.0,1.9,5.13,Fukuoka SoftBank Hawks,2025-10-16 05:11:53
New Orleans Pelicans @ Orlando Magic,NBA Preseason,New Orleans Pelicans,2025-10-16 19:00:00,BetMGM,3.6,3.44,4.52,Orlando Magic,2025-10-16 18:37:05
Washington Wizards @ Detroit Pistons,NBA Preseason,Washington Wizards,2025-10-16 19:10:00,DraftKings,2.9,2.81,3.37,Detroit Pistons,2025-10-16 19:09:19
Florida Panthers @ New Jersey Devils,NHL,New Jersey Devils,2025-10-16 19:11:50,Caesars,2.45,1.7,44.26,New Jersey Devils,2025-10-16 19:35:20
Seattle Kraken @ Ottawa Senators,NHL,Seattle Kraken,2025-10-16 19:08:45,DraftKings,3.5,2.43,43.91,Ottawa Senators,2025-10-16 19:35:20
New York Rangers @ Toronto Maple Leafs,NHL,New York Rangers,2025-10-16 19:08:03,FanDuel,3.3,2.38,38.55,Toronto Maple Leafs,2025-10-16 19:35:20
Nashville Predators @ Montréal Canadiens,NHL,Nashville Predators,2025-10-16 19:08:17,Caesars,2.35,2.28,2.96,Montreal Canadiens,2025-10-16 19:35:20
Vancouver Canucks @ Dallas Stars,NHL,Vancouver Canucks,2025-10-16 20:08:20,DraftKings,7.0,3.67,90.64,Vancouver Canucks,2025-10-16 20:45:00
Winnipeg Jets @ Philadelphia Flyers,NHL,Philadelphia Flyers,2025-10-16 19:16:05,Fanatics,11.0,7.41,48.36,Winnipeg Jets,2025-10-16 20:45:00
Colorado Avalanche @ Columbus Blue Jackets,NHL,Columbus Blue Jackets,2025-10-16 19:12:49,DraftKings,4.5,4.06,10.97,Colorado Avalanche,2025-10-16 20:45:00
Toronto Blue Jays @ Seattle Mariners,MLB,Toronto Blue Jays,2025-10-16 20:34:00,FanDuel,2.62,2.39,9.83,Toronto Blue Jays,2025-10-16 20:45:00
Edmonton Oilers @ New York Islanders,NHL,New York Islanders,2025-10-16 19:38:08,FanDuel,4.3,2.36,82.09,New York Islanders,2025-10-16 20:56:25
Pittsburgh Steelers @ Cincinnati Bengals,NFL,Cincinnati Bengals,2025-10-16 20:16:01,DraftKings,6.2,4.17,48.57,Cincinnati Bengals,2025-10-16 20:56:25
Pittsburgh Penguins @ Los Angeles Kings,NHL,Pittsburgh Penguins,2025-10-16 22:08:46,FanDuel,4.2,2.82,48.87,Pittsburgh Penguins,2025-10-16 22:18:36
Carolina Hurricanes @ Anaheim Ducks,NHL,Anaheim Ducks,2025-10-16 22:08:13,FanDuel,4.9,4.46,9.98,Carolina Hurricanes,2025-10-16 23:47:32
Boston Bruins @ Vegas Golden Knights,NHL,Boston Bruins,2025-10-16 22:08:40,DraftKings,16.0,14.9,7.35,Vegas Golden Knights,2025-10-17 00:12:28
Hokkaido Nippon-Ham Fighters @ Fukuoka SoftBank Hawks,NPB,Fukuoka SoftBank Hawks,2025-10-17 05:00:00,BetMGM,2.6,2.07,25.33,Hokkaido Nippon-Ham Fighters,2025-10-17 05:11:46
Yokohama DeNA BayStars @ Hanshin Tigers,NPB,Yokohama DeNA BayStars,2025-10-17 05:00:00,FanDuel,2.32,2.17,6.8,Hanshin Tigers,2025-10-17 05:11:46
Toronto Blue Jays @ Seattle Mariners,MLB,Seattle Mariners,2025-10-17 18:09:00,DraftKings,1.81,1.59,13.73,Toronto Blue Jays,2025-10-17 19:08:52
Denver Nuggets @ Oklahoma City Thunder,NBA Preseason,Denver Nuggets,2025-10-17 20:00:00,Caesars,4.2,3.87,8.58,Oklahoma City Thunder,2025-10-17 19:34:51
Saskatchewan Roughriders @ Winnipeg Blue Bombers,CFL,Saskatchewan Roughriders,2025-10-17 20:00:00,DraftKings,4.7,4.43,6.05,Winnipeg Blue Bombers,2025-10-17 19:34:51
Nebraska Cornhuskers @ Minnesota Golden Gophers,NCAAF,Minnesota Golden Gophers,2025-10-17 20:05:53,Caesars,3.8,2.72,39.95,Minnesota Golden Gophers,2025-10-17 20:42:08
Minnesota Wild @ Washington Capitals,NHL,Washington Capitals,2025-10-17 19:11:02,Fanatics,1.83,1.43,28.26,Washington Capitals,2025-10-17 20:42:08
Tampa Bay Lightning @ Detroit Red Wings,NHL,Tampa Bay Lightning,2025-10-17 19:08:35,FanDuel,3.55,2.81,26.3,Detroit Red Wings,2025-10-17 20:42:08
Vancouver Canucks @ Chicago Blackhawks,NHL,Chicago Blackhawks,2025-10-17 20:39:05,BetMGM,2.25,1.31,71.81,Vancouver Canucks,2025-10-17 22:12:55
San Jose Sharks @ Utah Mammoth,NHL,Utah Mammoth,2025-10-17 21:08:49,BetMGM,1.53,1.13,34.93,Utah Mammoth,2025-10-17 22:12:55
Milwaukee Brewers @ Los Angeles Dodgers,MLB,Milwaukee Brewers,2025-10-17 20:38:51,Fanatics,16.0,13.85,15.56,Los Angeles Dodgers,2025-10-17 22:12:55
Edmonton Elks @ BC Lions,CFL,Edmonton Elks,2025-10-17 22:37:00,DraftKings,3.75,3.65,2.62,BC Lions,2025-10-17 22:12:55
North Carolina Tar Heels @ California Golden Bears,NCAAF,North Carolina Tar Heels,2025-10-17 22:40:22,FanDuel,6.6,4.5,46.53,California Golden Bears,2025-10-17 23:43:28
Hokkaido Nippon-Ham Fighters @ Fukuoka SoftBank Hawks,NPB,Hokkaido Nippon-Ham Fighters,2025-10-18 01:00:00,BetMGM,2.2,2.0,10.0,Hokkaido Nippon-Ham Fighters,2025-10-18 01:09:17
Samsung Lions @ Hanwha Eagles,KBO,Samsung Lions,2025-10-18 01:00:00,FanDuel,2.68,2.47,8.28,Hanwha Eagles,2025-10-18 01:09:17
Chelsea @ Nottingham Forest,EPL,Nottingham Forest,2025-10-18 07:31:00,Caesars,3.7,3.28,12.64,Chelsea,2025-10-18 08:16:53
Leeds United @ Burnley,EPL,Leeds United,2025-10-18 10:00:00,FanDuel,5.8,2.36,145.55,Burnley,2025-10-18 10:36:51
Newcastle United @ Brighton and Hove Albion,EPL,Newcastle United,2025-10-18 10:00:00,Caesars,3.0,2.5,19.95,Brighton and Hove Albion,2025-10-18 10:36:51
Bournemouth @ Crystal Palace,EPL,Bournemouth,2025-10-18 10:01:00,Caesars,2.0,1.95,2.61,Draw,2025-10-18 10:36:51
Arizona Wildcats @ Houston Cougars,NCAAF,Houston Cougars,2025-10-18 12:03:18,DraftKings,2.9,2.15,34.99,Houston Cougars,2025-10-18 12:10:43
Baylor Bears @ TCU Horned Frogs,NCAAF,Baylor Bears,2025-10-18 12:02:33,Caesars,2.95,2.52,17.27,TCU Horned Frogs,2025-10-18 12:10:43
Eastern Michigan Eagles @ Miami (OH) RedHawks,NCAAF,Eastern Michigan Eagles,2025-10-18 12:02:20,DraftKings,5.5,4.72,16.49,Miami (OH) RedHawks,2025-10-18 12:10:43
Central Michigan Chippewas @ Bowling Green Falcons,NCAAF,Central Michigan Chippewas,2025-10-18 12:03:09,Caesars,2.8,2.45,14.23,Central Michigan Chippewas,2025-10-18 12:10:43
UConn Huskies @ Boston College Eagles,NCAAF,UConn Huskies,2025-10-18 12:03:24,Fanatics,1.91,1.83,4.49,UConn Huskies,2025-10-18 12:10:43
LSU Tigers @ Vanderbilt Commodores,NCAAF,LSU Tigers,2025-10-18 12:07:41,Fanatics,2.65,2.5,5.87,Vanderbilt Commodores,2025-10-18 12:40:43
Washington Huskies @ Michigan Wolverines,NCAAF,Washington Huskies,2025-10-18 12:11:10,DraftKings,4.1,3.08,33.18,Michigan Wolverines,2025-10-18 13:07:33
Georgia Tech Yellow Jackets @ Duke Blue Devils,NCAAF,Duke Blue Devils,2025-10-18 12:10:28,FanDuel,2.58,2.0,29.0,Georgia Tech Yellow Jackets,2025-10-18 13:07:33
Arsenal @ Fulham,EPL,Fulham,2025-10-18 12:30:00,DraftKings,6.5,5.66,14.77,Arsenal,2025-10-18 13:07:33
West Virginia Mountaineers @ UCF Knights,NCAAF,West Virginia Mountaineers,2025-10-18 13:02:18,Fanatics,3.6,3.15,14.36,UCF Knights,2025-10-18 13:07:33
Kent State Golden Flashes @ Toledo Rockets,NCAAF,Kent State Golden Flashes,2025-10-18 14:00:00,DraftKings,17.0,15.49,9.75,Toledo Rockets,2025-10-18 13:07:33
Florida Panthers @ Buffalo Sabres,NHL,Florida Panthers,2025-10-18 13:08:28,BetMGM,2.45,1.75,40.36,Buffalo Sabres,2025-10-18 13:35:40
Army Black Knights @ Tulane Green Wave,NCAAF,Tulane Green Wave,2025-10-18 12:10:45,BetMGM,2.55,1.35,89.49,Tulane Green Wave,2025-10-18 14:12:22
Oklahoma Sooners @ South Carolina Gamecocks,NCAAF,South Carolina Gamecocks,2025-10-18 12:47:20,DraftKings,5.5,5.09,8.02,Oklahoma Sooners,2025-10-18 14:43:03
Troy Trojans @ UL Monroe Warhawks,NCAAF,UL Monroe Warhawks,2025-10-18 15:02:50,FanDuel,3.3,2.77,19.14,Troy Trojans,2025-10-18 15:07:10
Purdue Boilermakers @ Northwestern Wildcats,NCAAF,Purdue Boilermakers,2025-10-18 15:01:16,FanDuel,2.58,2.52,2.56,Northwestern Wildcats,2025-10-18 15:07:10
Michigan State Spartans @ Indiana Hoosiers,NCAAF,Michigan State Spartans,2025-10-18 15:30:00,Fanatics,19.0,18.26,4.04,Indiana Hoosiers,2025-10-18 15:23:05
Texas State Bobcats @ Marshall Thundering Herd,NCAAF,Marshall Thundering Herd,2025-10-18 15:33:02,FanDuel,3.35,2.37,41.41,Marshall Thundering Herd,2025-10-18 15:36:41
Northern Illinois Huskies @ Ohio Bobcats,NCAAF,Northern Illinois Huskies,2025-10-18 15:33:17,DraftKings,5.2,4.34,19.71,Ohio Bobcats,2025-10-18 15:36:41
Ohio State Buckeyes @ Wisconsin Badgers,NCAAF,Wisconsin Badgers,2025-10-18 15:37:00,FanDuel,21.0,18.25,15.05,Ohio State Buckeyes,2025-10-18 15:36:41
Akron Zips @ Ball State Cardinals,NCAAF,Ball State Cardinals,2025-10-18 15:32:25,Fanatics,2.45,2.14,14.33,Ball State Cardinals,2025-10-18 15:36:41
Coastal Carolina Chanticleers @ Appalachian State Mountaineers,NCAAF,Appalachian State Mountaineers,2025-10-18 15:32:43,Fanatics,1.37,1.29,6.56,Coastal Carolina Chanticleers,2025-10-18 15:36:41
New York Islanders @ Ottawa Senators,NHL,New York Islanders,2025-10-18 15:09:07,Fanatics,3.6,3.36,6.98,New York Islanders,2025-10-18 16:09:42
SMU Mustangs @ Clemson Tigers,NCAAF,SMU Mustangs,2025-10-18 15:35:51,DraftKings,1.91,1.6,19.02,SMU Mustangs,2025-10-18 16:36:34
Ole Miss Rebels @ Georgia Bulldogs,NCAAF,Georgia Bulldogs,2025-10-18 15:45:31,FanDuel,1.77,1.55,14.18,Georgia Bulldogs,2025-10-18 16:36:34
UNLV Rebels @ Boise State Broncos,NCAAF,UNLV Rebels,2025-10-18 15:35:45,Fanatics,15.0,9.7,54.62,Boise State Broncos,2025-10-18 17:07:44
Edmonton Oilers @ New Jersey Devils,NHL,Edmonton Oilers,2025-10-18 15:39:05,FanDuel,3.65,3.18,14.79,New Jersey Devils,2025-10-18 17:07:44
Tampa Bay Lightning @ Columbus Blue Jackets,NHL,Tampa Bay Lightning,2025-10-18 19:08:46,DraftKings,3.1,2.16,43.7,Columbus Blue Jackets,2025-10-18 19:34:55
Seattle Kraken @ Toronto Maple Leafs,NHL,Toronto Maple Leafs,2025-10-18 19:15:05,FanDuel,2.06,1.58,30.13,Seattle Kraken,2025-10-18 19:34:55
Utah Utes @ BYU Cougars,NCAAF,Utah Utes,2025-10-18 20:06:24,BetMGM,2.1,1.51,39.35,BYU Cougars,2025-10-18 20:51:51
Nashville Predators @ Winnipeg Jets,NHL,Nashville Predators,2025-10-18 19:21:18,FanDuel,12.0,8.94,34.16,Winnipeg Jets,2025-10-18 20:51:51
New York Rangers @ Montréal Canadiens,NHL,New York Rangers,2025-10-18 19:15:21,FanDuel,4.0,3.6,11.16,New York Rangers,2025-10-18 20:51:51
Carolina Hurricanes @ Los Angeles Kings,NHL,Carolina Hurricanes,2025-10-18 21:08:59,BetMGM,1.31,1.15,13.89,Carolina Hurricanes,2025-10-18 22:43:57
Boston Bruins @ Colorado Avalanche,NHL,Boston Bruins,2025-10-18 21:08:39,Fanatics,5.75,5.12,12.36,Colorado Avalanche,2025-10-18 22:43:57
Florida State Seminoles @ Stanford Cardinal,NCAAF,Florida State Seminoles,2025-10-18 22:35:21,FanDuel,1.23,1.15,7.01,Stanford Cardinal,2025-10-18 22:43:57
Pittsburgh Penguins @ San Jose Sharks,NHL,San Jose Sharks,2025-10-18 22:11:12,Caesars,4.5,3.81,17.99,Pittsburgh Penguins,2025-10-18 23:40:09
Hokkaido Nippon-Ham Fighters @ Fukuoka SoftBank Hawks,NPB,Hokkaido Nippon-Ham Fighters,2025-10-19 00:00:00,FanDuel,2.86,2.41,18.87,Hokkaido Nippon-Ham Fighters,2025-10-19 00:13:38
Aston Villa @ Tottenham Hotspur,EPL,Aston Villa,2025-10-19 09:00:00,DraftKings,8.0,6.45,24.03,Aston Villa,2025-10-19 09:29:31
Manchester United @ Liverpool,EPL,Liverpool,2025-10-19 11:30:00,FanDuel,2.5,1.73,44.14,Manchester United,2025-10-19 11:35:40
Vancouver Canucks @ Washington Capitals,NHL,Washington Capitals,2025-10-19 12:38:19,DraftKings,2.14,1.71,24.88,Vancouver Canucks,2025-10-19 12:41:04
Las Vegas Raiders @ Kansas City Chiefs,NFL,Las Vegas Raiders,2025-10-19 13:03:00,BetMGM,7.5,6.38,17.51,Kansas City Chiefs,2025-10-19 12:41:04
Carolina Panthers @ New York Jets,NFL,New York Jets,2025-10-19 13:03:11,BetMGM,2.15,1.99,8.05,Carolina Panthers,2025-10-19 13:08:03
Philadelphia Eagles @ Minnesota Vikings,NFL,Minnesota Vikings,2025-10-19 13:02:38,DraftKings,2.35,2.25,4.44,Philadelphia Eagles,2025-10-19 13:08:03
New Orleans Saints @ Chicago Bears,NFL,Chicago Bears,2025-10-19 13:02:33,Caesars,1.59,1.53,3.9,Chicago Bears,2025-10-19 13:08:03
Miami Dolphins @ Cleveland Browns,NFL,Miami Dolphins,2025-10-19 13:02:25,FanDuel,8.5,2.13,298.58,Cleveland Browns,2025-10-19 14:12:30
New England Patriots @ Tennessee Titans,NFL,Tennessee Titans,2025-10-19 13:03:23,Fanatics,3.1,2.68,15.49,New England Patriots,2025-10-19 14:12:30
Indianapolis Colts @ Los Angeles Chargers,NFL,Los Angeles Chargers,2025-10-19 16:05:38,DraftKings,1.95,1.78,9.53,Indianapolis Colts,2025-10-19 16:10:02
Edmonton Oilers @ Detroit Red Wings,NHL,Edmonton Oilers,2025-10-19 15:10:19,FanDuel,8.5,2.97,185.98,Detroit Red Wings,2025-10-19 16:37:36
Washington Commanders @ Dallas Cowboys,NFL,Washington Commanders,2025-10-19 16:25:20,BetMGM,3.25,2.12,52.94,Dallas Cowboys,2025-10-19 16:37:36
Green Bay Packers @ Arizona Cardinals,NFL,Green Bay Packers,2025-10-19 16:25:23,Fanatics,1.35,1.32,2.46,Green Bay Packers,2025-10-19 16:37:36
New York Giants @ Denver Broncos,NFL,Denver Broncos,2025-10-19 16:05:30,DraftKings,2.75,1.77,55.43,Denver Broncos,2025-10-19 17:08:02
Boston Bruins @ Utah Mammoth,NHL,Boston Bruins,2025-10-19 19:08:47,DraftKings,4.4,4.25,3.58,Utah Mammoth,2025-10-19 19:35:30
Atlanta Falcons @ San Francisco 49ers,NFL,San Francisco 49ers,2025-10-19 20:22:59,FanDuel,2.4,1.91,25.95,San Francisco 49ers,2025-10-19 20:50:18
Seattle Mariners @ Toronto Blue Jays,MLB,Toronto Blue Jays,2025-10-19 20:04:00,FanDuel,1.32,1.2,10.41,Toronto Blue Jays,2025-10-19 20:50:18
Hokkaido Nippon-Ham Fighters @ Fukuoka SoftBank Hawks,NPB,Hokkaido Nippon-Ham Fighters,2025-10-20 05:00:00,BetMGM,8.25,5.04,63.61,Fukuoka SoftBank Hawks,2025-10-20 07:08:54
Tampa Bay Buccaneers @ Detroit Lions,NFL,Tampa Bay Buccaneers,2025-10-20 19:02:52,BetMGM,4.4,3.45,27.44,Detroit Lions,2025-10-20 19:09:21
Seattle Mariners @ Toronto Blue Jays,MLB,Toronto Blue Jays,2025-10-20 20:10:38,FanDuel,2.0,1.93,3.66,Toronto Blue Jays,2025-10-20 20:46:19
Hanwha Eagles @ Samsung Lions,KBO,Hanwha Eagles,2025-10-21 05:30:59,BetMGM,2.8,2.36,18.85,Hanwha Eagles,2025-10-21 06:11:08
Edmonton Oilers @ Ottawa Senators,NHL,Ottawa Senators,2025-10-21 19:08:23,BetMGM,3.6,2.18,65.0,Edmonton Oilers,2025-10-21 19:36:52
Seattle Kraken @ Washington Capitals,NHL,Seattle Kraken,2025-10-21 19:08:39,FanDuel,5.5,5.31,3.67,Washington Capitals,2025-10-21 19:36:52
Florida Panthers @ Boston Bruins,NHL,Boston Bruins,2025-10-21 19:38:50,FanDuel,7.0,3.49,100.64,Florida Panthers,2025-10-21 20:47:40
Columbus Blue Jackets @ Dallas Stars,NHL,Dallas Stars,2025-10-21 20:08:37,DraftKings,3.6,2.12,69.69,Columbus Blue Jackets,2025-10-21 20:47:40
Houston Rockets @ Oklahoma City Thunder,NBA,Oklahoma City Thunder,2025-10-21 19:43:24,DraftKings,2.3,1.67,38.0,Oklahoma City Thunder,2025-10-21 20:47:40
New Jersey Devils @ Toronto Maple Leafs,NHL,Toronto Maple Leafs,2025-10-21 19:08:03,Fanatics,9.0,6.74,33.51,New Jersey Devils,2025-10-21 20:47:40
San Jose Sharks @ New York Islanders,NHL,San Jose Sharks,2025-10-21 19:08:18,DraftKings,13.0,11.01,18.08,New York Islanders,2025-10-21 20:47:40
Golden State Warriors @ Los Angeles Lakers,NBA,Los Angeles Lakers,2025-10-21 22:17:41,FanDuel,2.4,2.26,6.33,Golden State Warriors,2025-10-21 22:24:58
Colorado Avalanche @ Utah Mammoth,NHL,Utah Mammoth,2025-10-21 22:20:46,BetMGM,3.8,3.71,2.37,Utah Mammoth,2025-10-21 23:32:09
Hanwha Eagles @ Samsung Lions,KBO,Hanwha Eagles,2025-10-22 05:30:00,BetMGM,2.85,2.77,2.82,Samsung Lions,2025-10-22 01:10:54
Cleveland Cavaliers @ New York Knicks,NBA,Cleveland Cavaliers,2025-10-22 19:13:20,Caesars,2.6,2.1,23.84,New York Knicks,2025-10-22 19:35:16
Toronto Raptors @ Atlanta Hawks,NBA,Toronto Raptors,2025-10-22 19:40:00,DraftKings,3.4,2.85,19.16,Toronto Raptors,2025-10-22 19:35:16
Brooklyn Nets @ Charlotte Hornets,NBA,Brooklyn Nets,2025-10-22 19:10:40,FanDuel,2.76,2.52,9.58,Charlotte Hornets,2025-10-22 19:35:16
Miami Heat @ Orlando Magic,NBA,Orlando Magic,2025-10-22 19:14:53,FanDuel,1.62,1.53,5.8,Orlando Magic,2025-10-22 19:35:16
New Orleans Pelicans @ Memphis Grizzlies,NBA,Memphis Grizzlies,2025-10-22 20:12:46,Caesars,2.25,2.07,8.93,Memphis Grizzlies,2025-10-22 20:45:46
Detroit Pistons @ Chicago Bulls,NBA,Chicago Bulls,2025-10-22 20:13:55,Caesars,1.43,1.31,8.83,Chicago Bulls,2025-10-22 20:45:46
Los Angeles Clippers @ Utah Jazz,NBA,Utah Jazz,2025-10-22 21:10:00,DraftKings,4.7,4.42,6.24,Utah Jazz,2025-10-22 20:45:46
Missouri State Bears @ New Mexico State Aggies,NCAAF,New Mexico State Aggies,2025-10-22 21:00:00,BetMGM,2.3,2.25,2.42,Missouri State Bears,2025-10-22 20:45:46
San Antonio Spurs @ Dallas Mavericks,NBA,San Antonio Spurs,2025-10-22 21:50:00,Caesars,2.85,2.2,29.68,San Antonio Spurs,2025-10-22 22:20:37
Sacramento Kings @ Phoenix Suns,NBA,Sacramento Kings,2025-10-22 22:12:00,Fanatics,2.85,2.51,13.72,Phoenix Suns,2025-10-22 22:20:37
Minnesota Timberwolves @ Portland Trail Blazers,NBA,Portland Trail Blazers,2025-10-22 22:17:00,Caesars,2.2,2.11,4.36,Minnesota Timberwolves,2025-10-22 23:24:36
Chicago Blackhawks @ Tampa Bay Lightning,NHL,Tampa Bay Lightning,2025-10-23 18:51:15,BetMGM,1.74,1.4,23.97,Chicago Blackhawks,2025-10-23 19:09:16
San Jose Sharks @ New York Rangers,NHL,New York Rangers,2025-10-23 19:08:47,FanDuel,2.46,1.42,72.95,San Jose Sharks,2025-10-23 19:35:07
Philadelphia Flyers @ Ottawa Senators,NHL,Philadelphia Flyers,2025-10-23 19:08:48,BetMGM,2.4,1.76,36.08,Ottawa Senators,2025-10-23 19:35:07
Utah Mammoth @ St Louis Blues,NHL,St Louis Blues,2025-10-23 20:08:32,Fanatics,18.0,1.92,837.7,Utah Mammoth,2025-10-23 20:42:45
Anaheim Ducks @ Boston Bruins,NHL,Boston Bruins,2025-10-23 19:11:14,FanDuel,3.4,1.41,141.81,Anaheim Ducks,2025-10-23 20:42:45
Pittsburgh Penguins @ Florida Panthers,NHL,Florida Panthers,2025-10-23 19:13:11,BetMGM,5.5,2.47,122.22,Pittsburgh Penguins,2025-10-23 20:42:45
Minnesota Vikings @ Los Angeles Chargers,NFL,Minnesota Vikings,2025-10-23 20:16:00,Fanatics,4.3,3.79,13.34,Los Angeles Chargers,2025-10-23 20:42:45
Vancouver Canucks @ Nashville Predators,NHL,Vancouver Canucks,2025-10-23 20:08:39,BetMGM,6.75,2.09,223.51,Nashville Predators,2025-10-23 22:17:13
Oklahoma City Thunder @ Indiana Pacers,NBA,Indiana Pacers,2025-10-23 19:45:08,BetMGM,4.75,1.59,198.06,Oklahoma City Thunder,2025-10-23 22:17:13
Seattle Kraken @ Winnipeg Jets,NHL,Winnipeg Jets,2025-10-23 20:08:44,FanDuel,3.8,2.87,32.33,Seattle Kraken,2025-10-23 22:17:13
Carolina Hurricanes @ Colorado Avalanche,NHL,Colorado Avalanche,2025-10-23 21:15:33,FanDuel,9.0,8.0,12.5,Carolina Hurricanes,2025-10-23 22:17:13
Los Angeles Kings @ Dallas Stars,NHL,Dallas Stars,2025-10-23 21:15:41,Fanatics,2.85,2.64,8.01,Los Angeles Kings,2025-10-23 22:17:13
Montréal Canadiens @ Edmonton Oilers,NHL,Edmonton Oilers,2025-10-23 21:09:28,Fanatics,7.0,2.56,173.09,Edmonton Oilers,2025-10-23 23:13:01
Denver Nuggets @ Golden State Warriors,NBA,Golden State Warriors,2025-10-23 22:19:01,FanDuel,4.3,3.93,9.44,Golden State Warriors,2025-10-23 23:13:01
Samsung Lions @ Hanwha Eagles,KBO,Samsung Lions,2025-10-24 05:30:00,FanDuel,2.96,2.65,11.55,Hanwha Eagles,2025-10-24 05:38:20
West Ham United @ Leeds United,EPL,West Ham United,2025-10-24 15:01:00,BetMGM,31.0,27.6,12.33,Leeds United,2025-10-24 15:28:30
Milwaukee Bucks @ Toronto Raptors,NBA,Milwaukee Bucks,2025-10-24 18:45:00,Fanatics,2.4,2.18,10.24,Milwaukee Bucks,2025-10-24 18:55:06
Atlanta Hawks @ Orlando Magic,NBA,Atlanta Hawks,2025-10-24 19:11:03,FanDuel,3.4,2.93,15.94,Atlanta Hawks,2025-10-24 19:19:37
Cleveland Cavaliers @ Brooklyn Nets,NBA,Brooklyn Nets,2025-10-24 19:43:29,Caesars,7.4,6.24,18.52,Cleveland Cavaliers,2025-10-24 19:48:28
San Antonio Spurs @ New Orleans Pelicans,NBA,New Orleans Pelicans,2025-10-24 20:11:13,Fanatics,4.3,3.07,40.07,San Antonio Spurs,2025-10-24 21:41:11
Calgary Stampeders @ Edmonton Elks,CFL,Edmonton Elks,2025-10-24 21:35:00,DraftKings,3.2,2.85,12.45,Calgary Stampeders,2025-10-24 21:41:11
Los Angeles Dodgers @ Toronto Blue Jays,MLB,Toronto Blue Jays,2025-10-24 20:14:21,Fanatics,2.05,1.88,9.19,Toronto Blue Jays,2025-10-24 21:41:11
Washington Wizards @ Dallas Mavericks,NBA,Washington Wizards,2025-10-24 20:40:38,DraftKings,2.3,2.2,4.76,Washington Wizards,2025-10-24 21:41:11
Boise State Broncos @ Nevada Wolf Pack,NCAAF,Nevada Wolf Pack,2025-10-24 22:00:00,FanDuel,11.4,10.92,4.44,Boise State Broncos,2025-10-24 21:41:11
Detroit Pistons @ Houston Rockets,NBA,Houston Rockets,2025-10-24 20:12:46,Caesars,10.0,1.68,495.36,Detroit Pistons,2025-10-24 22:51:20
Golden State Warriors @ Portland Trail Blazers,NBA,Portland Trail Blazers,2025-10-24 22:12:47,DraftKings,2.14,1.98,7.85,Portland Trail Blazers,2025-10-24 22:51:20
Minnesota Timberwolves @ Los Angeles Lakers,NBA,Minnesota Timberwolves,2025-10-24 22:17:55,DraftKings,1.74,1.67,4.22,Los Angeles Lakers,2025-10-24 22:51:20
Utah Jazz @ Sacramento Kings,NBA,Utah Jazz,2025-10-24 22:11:37,FanDuel,3.1,2.98,4.05,Sacramento Kings,2025-10-24 22:51:20
Phoenix Suns @ Los Angeles Clippers,NBA,Phoenix Suns,2025-10-24 22:43:33,Fanatics,9.0,4.26,111.36,Los Angeles Clippers,2025-10-24 23:27:32
Fulham @ Newcastle United,EPL,Fulham,2025-10-25 10:00:00,BetMGM,12.5,5.43,130.38,Newcastle United,2025-10-25 10:32:23
UCLA Bruins @ Indiana Hoosiers,NCAAF,UCLA Bruins,2025-10-25 12:00:00,FanDuel,17.0,16.37,3.86,Indiana Hoosiers,2025-10-25 11:56:36
Brighton and Hove Albion @ Manchester United,EPL,Brighton and Hove Albion,2025-10-25 12:30:00,DraftKings,7.5,3.54,112.13,Manchester United,2025-10-25 12:58:13
Auburn Tigers @ Arkansas Razorbacks,NCAAF,Arkansas Razorbacks,2025-10-25 12:47:35,FanDuel,1.98,1.81,9.1,Auburn Tigers,2025-10-25 12:58:13
Florida Atlantic Owls @ Navy Midshipmen,NCAAF,Florida Atlantic Owls,2025-10-25 15:30:00,DraftKings,5.9,5.74,2.72,Navy Midshipmen,2025-10-25 15:16:04
New York Islanders @ Philadelphia Flyers,NHL,Philadelphia Flyers,2025-10-25 12:38:53,Fanatics,2.0,1.94,3.11,Philadelphia Flyers,2025-10-25 15:25:41
UMass Minutemen @ Central Michigan Chippewas,NCAAF,UMass Minutemen,2025-10-25 15:32:29,DraftKings,7.5,6.74,11.22,Central Michigan Chippewas,2025-10-25 15:35:01
Western Michigan Broncos @ Miami (OH) RedHawks,NCAAF,Western Michigan Broncos,2025-10-25 15:32:34,DraftKings,2.3,2.18,5.29,Miami (OH) RedHawks,2025-10-25 15:35:01
Liverpool @ Brentford,EPL,Liverpool,2025-10-25 14:59:00,FanDuel,2.95,2.84,3.97,Brentford,2025-10-25 15:35:01
NC State Wolfpack @ Pittsburgh Panthers,NCAAF,NC State Wolfpack,2025-10-25 15:35:12,DraftKings,5.7,2.89,97.1,Pittsburgh Panthers,2025-10-25 15:42:23
Ball State Cardinals @ Northern Illinois Huskies,NCAAF,Ball State Cardinals,2025-10-25 15:32:49,DraftKings,5.5,3.27,68.02,Northern Illinois Huskies,2025-10-25 15:42:23
BYU Cougars @ Iowa State Cyclones,NCAAF,BYU Cougars,2025-10-25 15:36:21,Caesars,3.0,2.33,28.79,BYU Cougars,2025-10-25 15:42:23
Temple Owls @ Tulsa Golden Hurricane,NCAAF,Temple Owls,2025-10-25 15:32:23,Caesars,1.71,1.56,9.81,Temple Owls,2025-10-25 15:42:23
UL Monroe Warhawks @ Southern Mississippi Golden Eagles,NCAAF,Southern Mississippi Golden Eagles,2025-10-25 15:32:20,FanDuel,1.3,1.22,6.47,Southern Mississippi Golden Eagles,2025-10-25 15:42:23
Illinois Fighting Illini @ Washington Huskies,NCAAF,Illinois Fighting Illini,2025-10-25 15:40:54,BetMGM,3.5,2.43,44.01,Washington Huskies,2025-10-25 15:50:11
Alabama Crimson Tide @ South Carolina Gamecocks,NCAAF,Alabama Crimson Tide,2025-10-25 15:50:23,DraftKings,1.32,1.24,6.08,Alabama Crimson Tide,2025-10-25 15:57:28
Chicago Bulls @ Orlando Magic,NBA,Chicago Bulls,2025-10-25 19:11:05,Caesars,3.3,3.19,3.44,Chicago Bulls,2025-10-25 19:18:28
Charlotte Hornets @ Philadelphia 76ers,NBA,Charlotte Hornets,2025-10-25 19:42:00,FanDuel,3.4,2.8,21.6,Philadelphia 76ers,2025-10-25 19:48:22
Oklahoma City Thunder @ Atlanta Hawks,NBA,Atlanta Hawks,2025-10-25 19:40:31,DraftKings,4.0,3.84,4.14,Oklahoma City Thunder,2025-10-25 19:48:22
Indiana Pacers @ Memphis Grizzlies,NBA,Indiana Pacers,2025-10-25 20:11:00,FanDuel,16.0,7.83,104.22,Memphis Grizzlies,2025-10-25 21:49:37
Phoenix Suns @ Denver Nuggets,NBA,Phoenix Suns,2025-10-25 21:13:37,FanDuel,9.0,6.98,28.9,Denver Nuggets,2025-10-25 21:49:37
Hanshin Tigers @ Fukuoka SoftBank Hawks,NPB,Fukuoka SoftBank Hawks,2025-10-26 05:30:00,FanDuel,2.82,2.16,30.54,Fukuoka SoftBank Hawks,2025-10-26 05:40:50
Manchester City @ Aston Villa,EPL,Draw,2025-10-26 10:00:00,Caesars,4.0,3.9,2.46,Aston Villa,2025-10-26 09:31:10
Burnley @ Wolverhampton Wanderers,EPL,Wolverhampton Wanderers,2025-10-26 10:00:00,DraftKings,3.7,2.29,61.49,Burnley,2025-10-26 10:18:41
Nottingham Forest @ Bournemouth,EPL,Nottingham Forest,2025-10-26 10:01:00,FanDuel,10.5,4.4,138.8,Bournemouth,2025-10-26 10:32:43
Buffalo Bills @ Carolina Panthers,NFL,Carolina Panthers,2025-10-26 13:00:00,FanDuel,4.3,3.93,9.39,Buffalo Bills,2025-10-26 12:42:15
Miami Dolphins @ Atlanta Falcons,NFL,Miami Dolphins,2025-10-26 13:00:00,BetMGM,4.0,3.79,5.6,Miami Dolphins,2025-10-26 12:42:15
New York Jets @ Cincinnati Bengals,NFL,New York Jets,2025-10-26 13:00:00,FanDuel,3.3,3.19,3.44,New York Jets,2025-10-26 12:42:15
Colorado Avalanche @ New Jersey Devils,NHL,Colorado Avalanche,2025-10-26 13:08:06,DraftKings,5.0,2.22,125.39,New Jersey Devils,2025-10-26 13:31:33
San Francisco 49ers @ Houston Texans,NFL,San Francisco 49ers,2025-10-26 13:03:11,DraftKings,3.5,2.75,27.12,Houston Texans,2025-10-26 13:31:33
Chicago Bears @ Baltimore Ravens,NFL,Baltimore Ravens,2025-10-26 13:02:19,BetMGM,2.3,2.16,6.61,Baltimore Ravens,2025-10-26 13:31:33
Cleveland Browns @ New England Patriots,NFL,New England Patriots,2025-10-26 13:02:47,Caesars,1.72,1.63,5.68,New England Patriots,2025-10-26 13:31:33
New York Giants @ Philadelphia Eagles,NFL,New York Giants,2025-10-26 13:02:47,BetMGM,4.33,3.8,13.9,Philadelphia Eagles,2025-10-26 13:41:20
Brooklyn Nets @ San Antonio Spurs,NBA,Brooklyn Nets,2025-10-26 14:12:00,FanDuel,5.5,3.48,57.99,San Antonio Spurs,2025-10-26 14:29:32
Boston Celtics @ Detroit Pistons,NBA,Detroit Pistons,2025-10-26 15:44:38,FanDuel,2.32,1.81,28.04,Detroit Pistons,2025-10-26 15:51:50
Dallas Cowboys @ Denver Broncos,NFL,Denver Broncos,2025-10-26 16:25:25,FanDuel,2.0,1.54,29.91,Denver Broncos,2025-10-26 16:36:45
Tampa Bay Buccaneers @ New Orleans Saints,NFL,New Orleans Saints,2025-10-26 16:05:40,BetMGM,3.2,2.5,28.16,Tampa Bay Buccaneers,2025-10-26 16:36:45
Tennessee Titans @ Indianapolis Colts,NFL,Tennessee Titans,2025-10-26 16:25:33,DraftKings,15.0,9.86,52.13,Indianapolis Colts,2025-10-26 16:55:34
Vegas Golden Knights @ Tampa Bay Lightning,NHL,Vegas Golden Knights,2025-10-26 17:09:08,BetMGM,3.25,2.26,43.62,Tampa Bay Lightning,2025-10-26 17:18:49
San Jose Sharks @ Minnesota Wild,NHL,Minnesota Wild,2025-10-26 18:08:46,DraftKings,2.1,1.54,36.4,San Jose Sharks,2025-10-26 18:20:14
Charlotte Hornets @ Washington Wizards,NBA,Charlotte Hornets,2025-10-26 18:16:00,Caesars,2.45,2.15,13.75,Charlotte Hornets,2025-10-26 18:20:14
Milwaukee Bucks @ Cleveland Cavaliers,NBA,Milwaukee Bucks,2025-10-26 18:12:09,FanDuel,3.4,3.14,8.29,Cleveland Cavaliers,2025-10-26 18:20:14
New York Knicks @ Miami Heat,NBA,Miami Heat,2025-10-26 18:14:21,FanDuel,2.58,2.49,3.46,Miami Heat,2025-10-26 18:44:39
Los Angeles Kings @ Chicago Blackhawks,NHL,Los Angeles Kings,2025-10-26 19:08:57,BetMGM,2.3,1.68,36.86,Los Angeles Kings,2025-10-26 19:19:30
Utah Mammoth @ Winnipeg Jets,NHL,Winnipeg Jets,2025-10-26 18:08:41,BetMGM,1.74,1.33,30.5,Utah Mammoth,2025-10-26 19:19:30
Indiana Pacers @ Minnesota Timberwolves,NBA,Indiana Pacers,2025-10-26 19:13:00,BetMGM,7.0,5.5,27.37,Minnesota Timberwolves,2025-10-26 19:19:30
Dallas Stars @ Nashville Predators,NHL,Dallas Stars,2025-10-26 19:08:55,Caesars,2.45,2.36,4.02,Dallas Stars,2025-10-26 19:30:58
Los Angeles Lakers @ Sacramento Kings,NBA,Los Angeles Lakers,2025-10-26 21:10:30,Fanatics,2.85,1.81,57.12,Los Angeles Lakers,2025-10-26 21:53:45
New York Rangers @ Calgary Flames,NHL,New York Rangers,2025-10-26 20:08:01,FanDuel,8.5,8.22,3.43,Calgary Flames,2025-10-26 21:53:45
Edmonton Oilers @ Vancouver Canucks,NHL,Edmonton Oilers,2025-10-26 22:08:10,FanDuel,5.2,4.24,22.64,Vancouver Canucks,2025-10-26 23:22:29
Hanwha Eagles @ LG Twins,KBO,LG Twins,2025-10-27 05:30:27,FanDuel,3.85,1.88,105.07,LG Twins,2025-10-27 05:43:41
Boston Celtics @ New Orleans Pelicans,NBA,New Orleans Pelicans,2025-10-27 20:00:00,Caesars,2.43,2.17,11.92,Boston Celtics,2025-10-27 18:20:15
Cleveland Cavaliers @ Detroit Pistons,NBA,Cleveland Cavaliers,2025-10-27 19:13:09,DraftKings,2.1,1.85,13.28,Cleveland Cavaliers,2025-10-27 19:19:52
Washington Commanders @ Kansas City Chiefs,NFL,Washington Commanders,2025-10-27 20:15:00,FanDuel,6.0,5.39,11.39,Kansas City Chiefs,2025-10-27 19:19:52
Orlando Magic @ Philadelphia 76ers,NBA,Orlando Magic,2025-10-27 19:10:39,FanDuel,1.76,1.68,4.97,Philadelphia 76ers,2025-10-27 19:19:52
Atlanta Hawks @ Chicago Bulls,NBA,Atlanta Hawks,2025-10-27 20:10:13,FanDuel,3.8,1.87,103.46,Chicago Bulls,2025-10-27 21:43:35
Toronto Raptors @ San Antonio Spurs,NBA,Toronto Raptors,2025-10-27 20:14:00,DraftKings,13.0,8.96,45.04,San Antonio Spurs,2025-10-27 21:43:35
Toronto Blue Jays @ Los Angeles Dodgers,MLB,Los Angeles Dodgers,2025-10-27 20:06:00,Caesars,2.95,2.75,7.4,Los Angeles Dodgers,2025-10-27 21:43:35
Phoenix Suns @ Utah Jazz,NBA,Utah Jazz,2025-10-27 21:11:37,BetMGM,1.33,1.28,3.85,Utah Jazz,2025-10-27 21:43:35
Oklahoma City Thunder @ Dallas Mavericks,NBA,Dallas Mavericks,2025-10-27 20:41:00,FanDuel,6.0,5.82,3.08,Oklahoma City Thunder,2025-10-27 21:43:35
Portland Trail Blazers @ Los Angeles Lakers,NBA,Portland Trail Blazers,2025-10-27 22:41:00,FanDuel,1.96,1.69,16.0,Portland Trail Blazers,2025-10-27 22:59:36
Memphis Grizzlies @ Golden State Warriors,NBA,Memphis Grizzlies,2025-10-27 22:11:13,Fanatics,4.1,4.0,2.5,Golden State Warriors,2025-10-27 22:59:36
Denver Nuggets @ Minnesota Timberwolves,NBA,Denver Nuggets,2025-10-27 21:42:00,FanDuel,1.25,1.18,6.13,Denver Nuggets,2025-10-27 23:42:09
Anadolu Efes @ Paris Basketball,Basketball Euroleague,Paris Basketball,2025-10-28 15:45:00,DraftKings,1.74,1.68,3.53,Anadolu Efes SK,2025-10-28 15:49:14
Charlotte Hornets @ Miami Heat,NBA,Miami Heat,2025-10-28 19:30:00,Fanatics,1.56,1.52,2.56,Miami Heat,2025-10-28 18:38:55
Philadelphia 76ers @ Washington Wizards,NBA,Washington Wizards,2025-10-28 19:11:00,Caesars,2.85,2.7,5.68,Philadelphia 76ers,2025-10-28 19:20:18
UTEP Miners @ Kennesaw State Owls,NCAAF,UTEP Miners,2025-10-28 20:00:00,FanDuel,4.85,4.66,4.11,Kennesaw State Owls,2025-10-28 19:42:31
Sacramento Kings @ Oklahoma City Thunder,NBA,Oklahoma City Thunder,2025-10-28 20:12:00,FanDuel,1.82,1.37,32.4,Oklahoma City Thunder,2025-10-28 21:50:26
New York Knicks @ Milwaukee Bucks,NBA,Milwaukee Bucks,2025-10-28 20:13:09,BetMGM,2.54,2.13,18.98,Milwaukee Bucks,2025-10-28 21:50:26
Los Angeles Clippers @ Golden State Warriors,NBA,Los Angeles Clippers,2025-10-28 23:13:31,Caesars,3.4,2.46,38.05,Golden State Warriors,2025-10-28 23:53:37
LG Twins @ Hanwha Eagles,KBO,LG Twins,2025-10-29 05:30:00,BetMGM,2.55,2.38,7.33,Hanwha Eagles,2025-10-29 04:31:32
Cleveland Cavaliers @ Boston Celtics,NBA,Boston Celtics,2025-10-29 19:10:00,DraftKings,2.45,2.18,12.21,Boston Celtics,2025-10-29 18:38:46
Houston Rockets @ Toronto Raptors,NBA,Houston Rockets,2025-10-29 18:42:00,DraftKings,1.6,1.49,7.63,Houston Rockets,2025-10-29 18:47:42
Orlando Magic @ Detroit Pistons,NBA,Orlando Magic,2025-10-29 19:10:00,Caesars,1.83,1.79,2.13,Detroit Pistons,2025-10-29 18:47:42
Atlanta Hawks @ Brooklyn Nets,NBA,Atlanta Hawks,2025-10-29 19:41:12,DraftKings,1.48,1.35,9.91,Atlanta Hawks,2025-10-29 19:44:09
New Orleans Pelicans @ Denver Nuggets,NBA,New Orleans Pelicans,2025-10-29 21:10:36,BetMGM,20.0,6.85,192.11,Denver Nuggets,2025-10-29 21:50:07
Sacramento Kings @ Chicago Bulls,NBA,Sacramento Kings,2025-10-29 20:11:00,Caesars,7.7,4.88,57.71,Chicago Bulls,2025-10-29 21:50:07
Los Angeles Lakers @ Minnesota Timberwolves,NBA,Los Angeles Lakers,2025-10-29 21:43:00,BetMGM,5.25,3.59,46.44,Los Angeles Lakers,2025-10-29 21:50:07
Indiana Pacers @ Dallas Mavericks,NBA,Indiana Pacers,2025-10-29 20:41:00,DraftKings,2.14,1.7,25.88,Dallas Mavericks,2025-10-29 21:50:07
Memphis Grizzlies @ Phoenix Suns,NBA,Memphis Grizzlies,2025-10-29 22:10:00,FanDuel,2.32,1.93,20.27,Memphis Grizzlies,2025-10-29 23:04:05
Fukuoka SoftBank Hawks @ Hanshin Tigers,NPB,Hanshin Tigers,2025-10-30 05:00:00,BetMGM,1.95,1.9,2.5,Fukuoka SoftBank Hawks,2025-10-30 03:43:09
LG Twins @ Hanwha Eagles,KBO,LG Twins,2025-10-30 05:30:00,BetMGM,2.05,1.94,5.72,LG Twins,2025-10-30 03:50:56
Dubai Basketball @ Valencia Basket,Basketball Euroleague,Valencia Basket,2025-10-30 15:30:00,BetMGM,1.4,1.37,2.13,Valencia Basket,2025-10-30 14:52:30
Orlando Magic @ Charlotte Hornets,NBA,Charlotte Hornets,2025-10-30 19:12:00,BetMGM,3.6,3.38,6.49,Orlando Magic,2025-10-30 19:31:08
Miami Heat @ San Antonio Spurs,NBA,Miami Heat,2025-10-30 20:40:36,FanDuel,2.9,1.93,49.9,San Antonio Spurs,2025-10-30 21:46:30
Baltimore Ravens @ Miami Dolphins,NFL,Miami Dolphins,2025-10-30 20:16:07,DraftKings,8.0,5.47,46.25,Baltimore Ravens,2025-10-30 21:46:30
Golden State Warriors @ Milwaukee Bucks,NBA,Milwaukee Bucks,2025-10-30 20:13:00,Caesars,3.8,2.95,29.01,Milwaukee Bucks,2025-10-30 21:46:30
Washington Wizards @ Oklahoma City Thunder,NBA,Oklahoma City Thunder,2025-10-30 20:10:00,Fanatics,1.16,1.06,9.15,Oklahoma City Thunder,2025-10-30 21:46:30
LG Twins @ Hanwha Eagles,KBO,Hanwha Eagles,2025-10-31 05:30:00,BetMGM,3.1,2.19,41.28,LG Twins,2025-10-31 05:39:37
Colorado Avalanche @ Vegas Golden Knights,NHL,Vegas Golden Knights,2025-10-31 16:10:00,DraftKings,2.14,2.1,2.09,Colorado Avalanche,2025-10-31 15:52:02
Atlanta Hawks @ Indiana Pacers,NBA,Atlanta Hawks,2025-10-31 19:10:40,BetMGM,2.9,1.8,61.28,Atlanta Hawks,2025-10-31 19:19:48
Boston Celtics @ Philadelphia 76ers,NBA,Philadelphia 76ers,2025-10-31 19:12:51,BetMGM,2.2,2.07,6.05,Boston Celtics,2025-10-31 19:19:48
Toronto Raptors @ Cleveland Cavaliers,NBA,Cleveland Cavaliers,2025-10-31 19:41:52,FanDuel,1.7,1.58,7.67,Toronto Raptors,2025-10-31 19:47:01
New York Islanders @ Washington Capitals,NHL,Washington Capitals,2025-10-31 19:08:36,Fanatics,1.57,1.53,2.68,New York Islanders,2025-10-31 19:47:01
New York Knicks @ Chicago Bulls,NBA,New York Knicks,2025-10-31 20:10:17,BetMGM,3.6,2.27,58.44,Chicago Bulls,2025-10-31 21:49:57
Los Angeles Lakers @ Memphis Grizzlies,NBA,Los Angeles Lakers,2025-10-31 21:42:49,DraftKings,2.1,1.89,10.89,Los Angeles Lakers,2025-10-31 21:49:57
New Orleans Pelicans @ Los Angeles Clippers,NBA,New Orleans Pelicans,2025-10-31 22:30:00,FanDuel,5.3,5.18,2.42,Los Angeles Clippers,2025-10-31 21:49:57
Denver Nuggets @ Portland Trail Blazers,NBA,Portland Trail Blazers,2025-10-31 22:10:00,DraftKings,2.95,2.89,2.22,Portland Trail Blazers,2025-10-31 21:49:57
Los Angeles Dodgers @ Toronto Blue Jays,MLB,Los Angeles Dodgers,2025-10-31 20:11:00,BetMGM,1.24,1.1,13.05,Los Angeles Dodgers,2025-10-31 23:03:36
Utah Jazz @ Phoenix Suns,NBA,Utah Jazz,2025-10-31 22:10:56,DraftKings,17.0,7.89,115.47,Phoenix Suns,2025-10-31 23:47:05
Detroit Red Wings @ Anaheim Ducks,NHL,Anaheim Ducks,2025-10-31 22:08:18,Caesars,1.33,1.17,13.75,Anaheim Ducks,2025-10-31 23:47:05
Arsenal @ Burnley,EPL,Burnley,2025-11-01 11:00:00,Caesars,15.0,13.91,7.84,Arsenal,2025-11-01 10:42:16
Wolverhampton Wanderers @ Fulham,EPL,Wolverhampton Wanderers,2025-11-01 11:01:00,FanDuel,11.0,10.35,6.26,Fulham,2025-11-01 11:18:56
Manchester United @ Nottingham Forest,EPL,Nottingham Forest,2025-11-01 11:00:00,FanDuel,3.6,3.33,8.06,Draw,2025-11-01 11:29:39
Brentford @ Crystal Palace,EPL,Brentford,2025-11-01 11:01:00,FanDuel,10.0,3.76,166.01,Crystal Palace,2025-11-01 11:40:02
Leeds United @ Brighton and Hove Albion,EPL,Leeds United,2025-11-01 11:01:00,DraftKings,11.0,10.56,4.14,Brighton and Hove Albion,2025-11-01 11:40:02
Buffalo Bulls @ Bowling Green Falcons,NCAAF,Bowling Green Falcons,2025-11-01 12:00:00,DraftKings,1.77,1.73,2.1,Buffalo Bulls,2025-11-01 11:47:56
Chelsea @ Tottenham Hotspur,EPL,Tottenham Hotspur,2025-11-01 13:30:00,DraftKings,10.0,8.98,11.35,Chelsea,2025-11-01 14:28:03
Carolina Hurricanes @ Boston Bruins,NHL,Carolina Hurricanes,2025-11-01 13:08:33,DraftKings,9.0,1.73,419.49,Boston Bruins,2025-11-01 14:58:51
Pittsburgh Penguins @ Winnipeg Jets,NHL,Pittsburgh Penguins,2025-11-01 15:08:42,BetMGM,6.25,2.47,153.09,Winnipeg Jets,2025-11-01 15:15:18
New Mexico State Aggies @ Western Kentucky Hilltoppers,NCAAF,New Mexico State Aggies,2025-11-01 15:32:21,FanDuel,4.4,3.65,20.66,Western Kentucky Hilltoppers,2025-11-01 15:40:23
Louisiana Ragin Cajuns @ South Alabama Jaguars,NCAAF,South Alabama Jaguars,2025-11-01 15:30:00,DraftKings,1.69,1.61,4.85,Louisiana Ragin Cajuns,2025-11-01 15:40:23
Delaware Blue Hens @ Liberty Flames,NCAAF,Liberty Flames,2025-11-01 15:30:00,FanDuel,1.71,1.65,3.61,Liberty Flames,2025-11-01 15:40:23
Virginia Cavaliers @ California Golden Bears,NCAAF,California Golden Bears,2025-11-01 15:50:00,FanDuel,3.8,3.13,21.26,Virginia Cavaliers,2025-11-01 15:55:13
Colorado Avalanche @ San Jose Sharks,NHL,San Jose Sharks,2025-11-01 16:08:27,FanDuel,4.5,3.18,41.69,San Jose Sharks,2025-11-01 16:21:22
Calgary Flames @ Nashville Predators,NHL,Calgary Flames,2025-11-01 15:38:40,FanDuel,11.0,10.19,7.98,Nashville Predators,2025-11-01 16:21:22
Aston Villa @ Liverpool,EPL,Aston Villa,2025-11-01 16:01:00,FanDuel,4.3,4.05,6.12,Liverpool,2025-11-01 16:33:51
Sacramento Kings @ Milwaukee Bucks,NBA,Sacramento Kings,2025-11-01 17:11:00,BetMGM,5.25,3.14,67.2,Sacramento Kings,2025-11-01 17:17:33
Calgary Stampeders @ BC Lions,CFL,Calgary Stampeders,2025-11-01 17:35:00,DraftKings,4.1,3.25,26.15,BC Lions,2025-11-01 17:43:51
Minnesota Timberwolves @ Charlotte Hornets,NBA,Charlotte Hornets,2025-11-01 18:11:00,FanDuel,3.3,2.69,22.46,Minnesota Timberwolves,2025-11-01 18:19:07
Washington Capitals @ Buffalo Sabres,NHL,Buffalo Sabres,2025-11-01 19:13:48,Fanatics,4.0,1.85,116.79,Buffalo Sabres,2025-11-01 19:19:18
Toronto Maple Leafs @ Philadelphia Flyers,NHL,Toronto Maple Leafs,2025-11-01 19:15:43,BetMGM,2.65,1.87,41.6,Toronto Maple Leafs,2025-11-01 19:19:18
Dallas Stars @ Florida Panthers,NHL,Dallas Stars,2025-11-01 18:08:53,BetMGM,7.75,7.1,9.17,Florida Panthers,2025-11-01 19:19:18
Orlando Magic @ Washington Wizards,NBA,Washington Wizards,2025-11-01 19:11:00,DraftKings,4.4,4.24,3.87,Orlando Magic,2025-11-01 19:19:18
Golden State Warriors @ Indiana Pacers,NBA,Golden State Warriors,2025-11-01 19:11:00,Caesars,1.29,1.26,2.64,Indiana Pacers,2025-11-01 19:19:18
Ottawa Senators @ Montréal Canadiens,NHL,Ottawa Senators,2025-11-01 19:16:23,DraftKings,4.7,2.81,67.21,Montreal Canadiens,2025-11-01 19:40:47
Vancouver Canucks @ Minnesota Wild,NHL,Vancouver Canucks,2025-11-01 19:15:46,BetMGM,3.9,2.54,53.46,Minnesota Wild,2025-11-01 19:48:32
Los Angeles Dodgers @ Toronto Blue Jays,MLB,Los Angeles Dodgers,2025-11-01 20:10:13,Fanatics,4.9,4.56,7.43,Los Angeles Dodgers,2025-11-01 21:52:11
Chicago Blackhawks @ Edmonton Oilers,NHL,Chicago Blackhawks,2025-11-01 22:11:40,BetMGM,5.0,3.16,58.07,Edmonton Oilers,2025-11-01 23:07:46
Dallas Mavericks @ Detroit Pistons,NBA,Detroit Pistons,2025-11-01 22:20:00,FanDuel,1.71,1.56,9.93,Dallas Mavericks,2025-11-01 23:07:46
New York Rangers @ Seattle Kraken,NHL,New York Rangers,2025-11-01 22:08:48,Caesars,1.91,1.83,4.18,New York Rangers,2025-11-01 23:51:38
Newcastle United @ West Ham United,EPL,West Ham United,2025-11-02 09:00:00,FanDuel,11.0,5.12,114.88,West Ham United,2025-11-02 09:18:32
Bournemouth @ Manchester City,EPL,Bournemouth,2025-11-02 11:30:00,FanDuel,19.0,6.65,185.83,Manchester City,2025-11-02 11:49:52
Carolina Panthers @ Green Bay Packers,NFL,Carolina Panthers,2025-11-02 13:00:00,DraftKings,7.5,6.45,16.24,Carolina Panthers,2025-11-02 12:17:38
Minnesota Vikings @ Detroit Lions,NFL,Minnesota Vikings,2025-11-02 13:00:00,Fanatics,5.25,4.92,6.75,Minnesota Vikings,2025-11-02 12:31:01
Indianapolis Colts @ Pittsburgh Steelers,NFL,Pittsburgh Steelers,2025-11-02 13:00:00,DraftKings,2.54,2.45,3.74,Pittsburgh Steelers,2025-11-02 12:31:01
Los Angeles Chargers @ Tennessee Titans,NFL,Tennessee Titans,2025-11-02 13:02:45,FanDuel,5.5,4.37,25.83,Los Angeles Chargers,2025-11-02 13:27:36
Denver Broncos @ Houston Texans,NFL,Denver Broncos,2025-11-02 13:02:56,FanDuel,2.82,2.28,23.56,Denver Broncos,2025-11-02 13:27:36
San Francisco 49ers @ New York Giants,NFL,New York Giants,2025-11-02 13:02:52,Fanatics,2.35,1.93,21.81,San Francisco 49ers,2025-11-02 13:27:36
Atlanta Falcons @ New England Patriots,NFL,Atlanta Falcons,2025-11-02 13:02:21,Caesars,6.0,5.79,3.69,New England Patriots,2025-11-02 13:27:36
Chicago Bears @ Cincinnati Bengals,NFL,Cincinnati Bengals,2025-11-02 13:02:36,DraftKings,3.0,2.22,34.96,Chicago Bears,2025-11-02 13:43:15
New Orleans Pelicans @ Oklahoma City Thunder,NBA,New Orleans Pelicans,2025-11-02 15:30:00,BetMGM,6.75,6.39,5.61,Oklahoma City Thunder,2025-11-02 15:21:41
Tampa Bay Lightning @ Utah Mammoth,NHL,Utah Mammoth,2025-11-02 15:38:50,Fanatics,2.1,1.94,8.49,Tampa Bay Lightning,2025-11-02 15:43:03
New Orleans Saints @ Los Angeles Rams,NFL,New Orleans Saints,2025-11-02 16:05:00,FanDuel,8.5,8.31,2.3,Los Angeles Rams,2025-11-02 15:58:29
Jacksonville Jaguars @ Las Vegas Raiders,NFL,Las Vegas Raiders,2025-11-02 16:05:30,DraftKings,2.2,1.95,12.6,Jacksonville Jaguars,2025-11-02 16:48:22
Kansas City Chiefs @ Buffalo Bills,NFL,Buffalo Bills,2025-11-02 16:25:35,FanDuel,1.96,1.76,11.13,Buffalo Bills,2025-11-02 16:48:22
Columbus Blue Jackets @ New York Islanders,NHL,Columbus Blue Jackets,2025-11-02 17:08:36,FanDuel,2.96,2.13,38.94,New York Islanders,2025-11-02 17:19:25
Atlanta Hawks @ Cleveland Cavaliers,NBA,Atlanta Hawks,2025-11-02 18:11:08,BetMGM,5.75,3.08,86.91,Cleveland Cavaliers,2025-11-02 18:19:29
Memphis Grizzlies @ Toronto Raptors,NBA,Memphis Grizzlies,2025-11-02 18:12:00,DraftKings,3.0,2.56,17.07,Toronto Raptors,2025-11-02 18:19:29
Philadelphia 76ers @ Brooklyn Nets,NBA,Philadelphia 76ers,2025-11-02 18:10:58,DraftKings,1.74,1.57,10.91,Philadelphia 76ers,2025-11-02 18:19:29
Utah Jazz @ Charlotte Hornets,NBA,Utah Jazz,2025-11-02 18:10:22,FanDuel,2.5,1.95,28.31,Charlotte Hornets,2025-11-02 18:30:09
San Antonio Spurs @ Phoenix Suns,NBA,San Antonio Spurs,2025-11-02 20:11:00,Fanatics,2.4,1.98,20.95,Phoenix Suns,2025-11-02 20:51:26
New Jersey Devils @ Anaheim Ducks,NHL,New Jersey Devils,2025-11-02 20:08:18,Caesars,4.5,4.22,6.53,Anaheim Ducks,2025-11-02 20:51:26
Detroit Red Wings @ San Jose Sharks,NHL,Detroit Red Wings,2025-11-02 20:11:12,BetMGM,1.67,1.26,32.23,Detroit Red Wings,2025-11-02 22:09:10
Seattle Seahawks @ Washington Commanders,NFL,Washington Commanders,2025-11-02 20:22:51,Caesars,20.0,18.75,6.68,Seattle Seahawks,2025-11-02 22:09:10
Miami Heat @ Los Angeles Lakers,NBA,Los Angeles Lakers,2025-11-02 21:40:41,BetMGM,1.29,1.13,13.82,Los Angeles Lakers,2025-11-02 23:31:13
Dallas Mavericks @ Houston Rockets,NBA,Dallas Mavericks,2025-11-03 20:11:00,DraftKings,7.5,4.63,62.05,Houston Rockets,2025-11-03 20:47:11
Arizona Cardinals @ Dallas Cowboys,NFL,Dallas Cowboys,2025-11-03 20:15:45,FanDuel,2.08,1.83,13.7,Arizona Cardinals,2025-11-03 20:47:11
Detroit Pistons @ Memphis Grizzlies,NBA,Memphis Grizzlies,2025-11-03 20:11:00,FanDuel,3.0,2.71,10.87,Detroit Pistons,2025-11-03 20:47:11
Sacramento Kings @ Denver Nuggets,NBA,Sacramento Kings,2025-11-03 21:10:29,DraftKings,10.0,7.53,32.78,Denver Nuggets,2025-11-03 22:02:54
Los Angeles Lakers @ Portland Trail Blazers,NBA,Los Angeles Lakers,2025-11-03 22:10:00,BetMGM,4.25,4.03,5.43,Los Angeles Lakers,2025-11-03 22:02:54
Miami Heat @ Los Angeles Clippers,NBA,Los Angeles Clippers,2025-11-03 22:41:00,FanDuel,1.7,1.39,22.48,Miami Heat,2025-11-03 22:46:05
Orlando Magic @ Atlanta Hawks,NBA,Orlando Magic,2025-11-04 20:12:00,BetMGM,3.1,2.45,26.64,Atlanta Hawks,2025-11-04 20:48:17
Philadelphia 76ers @ Chicago Bulls,NBA,Chicago Bulls,2025-11-04 20:11:00,DraftKings,6.75,5.42,24.48,Chicago Bulls,2025-11-04 20:48:17
Charlotte Hornets @ New Orleans Pelicans,NBA,Charlotte Hornets,2025-11-04 20:10:00,Caesars,2.45,2.2,11.6,New Orleans Pelicans,2025-11-04 20:48:17
Louisiana Tech Bulldogs @ Nevada Wolf Pack,NCAAB,Louisiana Tech Bulldogs,2025-11-04 22:00:00,FanDuel,4.85,4.72,2.73,Nevada Wolf Pack,2025-11-04 20:48:17
Portland St Vikings @ Stanford Cardinal,NCAAB,Stanford Cardinal,2025-11-04 22:00:00,Caesars,1.31,1.21,8.45,Stanford Cardinal,2025-11-04 22:04:15
Texas Longhorns @ Duke Blue Devils,NCAAB,Duke Blue Devils,2025-11-04 20:55:58,Caesars,1.36,1.28,5.89,Duke Blue Devils,2025-11-04 22:04:15
Oklahoma City Thunder @ Los Angeles Clippers,NBA,Los Angeles Clippers,2025-11-04 23:10:00,FanDuel,3.75,3.62,3.61,Oklahoma City Thunder,2025-11-04 22:04:15
Phoenix Suns @ Golden State Warriors,NBA,Phoenix Suns,2025-11-04 22:11:00,BetMGM,12.5,8.71,43.57,Golden State Warriors,2025-11-04 22:48:57
Edmonton Oilers @ Dallas Stars,NHL,Edmonton Oilers,2025-11-04 20:08:30,FanDuel,2.72,2.06,31.73,Dallas Stars,2025-11-04 22:48:57
Hawai'i Rainbow Warriors @ Oregon Ducks,NCAAB,Hawai'i Rainbow Warriors,2025-11-04 22:37:23,FanDuel,7.8,6.0,30.0,Oregon Ducks,2025-11-04 23:01:23
Panathinaikos @ KK Crvena zvezda,Basketball Euroleague,Panathinaikos,2025-11-05 14:00:00,BetMGM,2.15,2.07,4.09,KK Crvena zvezda,2025-11-05 09:42:21
New Orleans Pelicans @ Dallas Mavericks,NBA,Dallas Mavericks,2025-11-05 20:41:00,BetMGM,1.57,1.39,12.75,New Orleans Pelicans,2025-11-05 20:53:19
Oklahoma City Thunder @ Portland Trail Blazers,NBA,Portland Trail Blazers,2025-11-05 22:12:00,FanDuel,3.35,2.56,30.73,Portland Trail Blazers,2025-11-05 22:16:39
Golden State Warriors @ Sacramento Kings,NBA,Sacramento Kings,2025-11-05 22:10:31,FanDuel,2.14,1.78,19.97,Sacramento Kings,2025-11-05 22:16:39
Eastern Washington Eagles @ Loyola Marymount Lions,NCAAB,Eastern Washington Eagles,2025-11-05 22:30:00,Caesars,5.3,4.56,16.2,Loyola Marymount Lions,2025-11-05 22:16:39
Las Vegas Raiders @ Denver Broncos,NFL,Denver Broncos,2025-11-06 20:16:50,FanDuel,1.74,1.4,23.97,Denver Broncos,2025-11-06 20:47:24
Los Angeles Clippers @ Phoenix Suns,NBA,Phoenix Suns,2025-11-06 21:10:37,DraftKings,2.45,2.2,11.6,Phoenix Suns,2025-11-06 22:03:18
Arkansas-Pine Bluff Golden Lions @ Portland Pilots,NCAAB,Arkansas-Pine Bluff Golden Lions,2025-11-06 22:35:00,FanDuel,8.3,8.13,2.11,Portland Pilots,2025-11-06 22:03:18
Wright St Raiders @ California Golden Bears,NCAAB,Wright St Raiders,2025-11-06 22:01:44,DraftKings,16.0,10.1,58.37,California Golden Bears,2025-11-06 22:48:13
Real Madrid @ FC Barcelona Bàsquet,Basketball Euroleague,FC Barcelona Bàsquet,2025-11-07 14:31:00,DraftKings,2.24,2.0,12.0,Real Madrid Baloncesto,2025-11-07 14:40:30
Charlotte Hornets @ Miami Heat,NBA,Charlotte Hornets,2025-11-07 20:12:00,DraftKings,13.0,5.44,138.99,Miami Heat,2025-11-07 20:41:47
Chicago Bulls @ Milwaukee Bucks,NBA,Chicago Bulls,2025-11-07 20:11:00,DraftKings,2.7,2.21,22.16,Milwaukee Bucks,2025-11-07 20:41:47
Yale Bulldogs @ Navy Midshipmen,NCAAB,Navy Midshipmen,2025-11-07 21:04:54,BetMGM,12.0,3.2,274.83,Yale Bulldogs,2025-11-07 21:51:23
Houston Cougars @ UCF Knights,NCAAF,Houston Cougars,2025-11-07 20:15:30,DraftKings,2.8,2.64,5.87,Houston Cougars,2025-11-07 21:51:23
UIC Flames @ Oregon St Beavers,NCAAB,UIC Flames,2025-11-07 22:00:00,FanDuel,3.3,3.22,2.44,Oregon St Beavers,2025-11-07 21:51:23
Tulane Green Wave @ Memphis Tigers,NCAAF,Memphis Tigers,2025-11-07 21:10:53,FanDuel,5.0,2.72,83.7,Tulane Green Wave,2025-11-07 22:28:16
Northwestern Wildcats @ USC Trojans,NCAAF,Northwestern Wildcats,2025-11-07 21:05:56,BetMGM,7.25,4.22,71.64,USC Trojans,2025-11-07 22:28:16
Oklahoma City Thunder @ Sacramento Kings,NBA,Sacramento Kings,2025-11-07 22:11:00,FanDuel,6.0,5.76,4.23,Oklahoma City Thunder,2025-11-07 22:28:16
Rice Owls @ Oregon Ducks,NCAAB,Oregon Ducks,2025-11-07 22:05:00,BetMGM,1.22,1.14,7.15,Oregon Ducks,2025-11-07 22:49:27
Golden State Warriors @ Denver Nuggets,NBA,Golden State Warriors,2025-11-07 22:13:00,Caesars,12.0,4.02,198.83,Denver Nuggets,2025-11-07 22:57:22
Manchester United @ Tottenham Hotspur,EPL,Tottenham Hotspur,2025-11-08 07:31:00,FanDuel,7.0,3.0,133.35,Draw,2025-11-08 08:04:23
Burnley @ West Ham United,EPL,West Ham United,2025-11-08 10:00:00,FanDuel,2.35,2.01,17.01,West Ham United,2025-11-08 10:31:25
Princeton Tigers @ Akron Zips,NCAAB,Princeton Tigers,2025-11-08 12:00:00,FanDuel,6.7,6.09,10.07,Akron Zips,2025-11-08 10:31:25
BYU Cougars @ Texas Tech Red Raiders,NCAAF,BYU Cougars,2025-11-08 12:08:25,DraftKings,6.5,4.76,36.49,Texas Tech Red Raiders,2025-11-08 12:17:31
Indiana Hoosiers @ Penn State Nittany Lions,NCAAF,Penn State Nittany Lions,2025-11-08 12:10:46,Fanatics,5.5,4.56,20.56,Indiana Hoosiers,2025-11-08 12:31:01
Georgia Bulldogs @ Mississippi State Bulldogs,NCAAF,Mississippi State Bulldogs,2025-11-08 11:54:00,DraftKings,3.8,3.31,14.92,Georgia Bulldogs,2025-11-08 12:31:01
Alabama Crimson Tide @ St. John's Red Storm,NCAAB,St. John's Red Storm,2025-11-08 12:01:34,DraftKings,1.65,1.56,5.67,Alabama Crimson Tide,2025-11-08 12:31:01
Arsenal @ Sunderland,EPL,Sunderland,2025-11-08 12:30:00,FanDuel,8.5,7.48,13.62,Draw,2025-11-08 12:40:39
Temple Owls @ Army Black Knights,NCAAF,Temple Owls,2025-11-08 12:04:00,BetMGM,2.3,2.18,5.52,Army Black Knights,2025-11-08 13:47:55
South Florida Bulls @ GW Revolutionaries,NCAAB,South Florida Bulls,2025-11-08 13:32:59,Fanatics,1.69,1.52,11.07,GW Revolutionaries,2025-11-08 14:16:28
Bowling Green Falcons @ Eastern Michigan Eagles,NCAAF,Bowling Green Falcons,2025-11-08 13:02:55,BetMGM,2.75,1.88,46.38,Eastern Michigan Eagles,2025-11-08 15:21:39
Wolverhampton Wanderers @ Chelsea,EPL,Wolverhampton Wanderers,2025-11-08 15:01:00,FanDuel,9.5,8.14,16.76,Chelsea,2025-11-08 15:21:39
Pittsburgh Penguins @ New Jersey Devils,NHL,New Jersey Devils,2025-11-08 12:38:35,BetMGM,1.91,1.84,3.69,New Jersey Devils,2025-11-08 15:21:39
Duke Blue Devils @ UConn Huskies,NCAAF,UConn Huskies,2025-11-08 15:35:00,BetMGM,6.25,3.64,71.75,UConn Huskies,2025-11-08 15:42:52
Kansas Jayhawks @ Arizona Wildcats,NCAAF,Arizona Wildcats,2025-11-08 15:38:00,BetMGM,1.65,1.52,8.72,Arizona Wildcats,2025-11-08 15:42:52
Ottawa Senators @ Philadelphia Flyers,NHL,Philadelphia Flyers,2025-11-08 13:08:56,Fanatics,1.91,1.84,3.69,Ottawa Senators,2025-11-08 15:50:42
Texas A&M Aggies @ Missouri Tigers,NCAAF,Missouri Tigers,2025-11-08 11:41:00,DraftKings,4.5,2.99,50.35,Texas A&M Aggies,2025-11-08 16:17:56
Washington Huskies @ Wisconsin Badgers,NCAAF,Wisconsin Badgers,2025-11-08 16:30:00,FanDuel,4.5,4.34,3.59,Wisconsin Badgers,2025-11-08 16:17:56
Oregon Ducks @ Iowa Hawkeyes,NCAAF,Oregon Ducks,2025-11-08 11:50:00,BetMGM,1.48,1.45,2.31,Oregon Ducks,2025-11-08 16:17:56
Auburn Tigers @ Vanderbilt Commodores,NCAAF,Auburn Tigers,2025-11-08 11:52:00,BetMGM,1.74,1.4,24.02,Vanderbilt Commodores,2025-11-08 17:57:45
BC Lions @ Saskatchewan Roughriders,CFL,BC Lions,2025-11-08 18:35:00,Fanatics,2.5,2.44,2.5,Saskatchewan Roughriders,2025-11-08 18:30:33
New Orleans Pelicans @ San Antonio Spurs,NBA,New Orleans Pelicans,2025-11-08 20:10:25,DraftKings,12.0,7.28,64.79,San Antonio Spurs,2025-11-08 20:50:59
Los Angeles Lakers @ Atlanta Hawks,NBA,Los Angeles Lakers,2025-11-08 20:10:23,BetMGM,2.4,1.83,31.31,Atlanta Hawks,2025-11-08 20:50:59
Portland Trail Blazers @ Miami Heat,NBA,Portland Trail Blazers,2025-11-08 20:12:00,DraftKings,1.83,1.53,19.27,Miami Heat,2025-11-08 20:50:59
Chattanooga Mocs @ UNLV Rebels,NCAAB,Chattanooga Mocs,2025-11-08 21:00:00,FanDuel,3.85,3.7,4.14,UNLV Rebels,2025-11-08 20:50:59
Sam Houston State Bearkats @ Oregon State Beavers,NCAAF,Sam Houston State Bearkats,2025-11-08 22:05:00,FanDuel,12.0,9.71,23.55,Sam Houston State Bearkats,2025-11-08 22:05:54
Cal Poly Mustangs @ Seattle Redhawks,NCAAB,Cal Poly Mustangs,2025-11-08 22:03:07,FanDuel,5.8,5.08,14.29,Cal Poly Mustangs,2025-11-08 22:05:54
Chicago Bulls @ Cleveland Cavaliers,NBA,Chicago Bulls,2025-11-08 20:11:00,FanDuel,2.76,2.43,13.65,Cleveland Cavaliers,2025-11-08 22:05:54
Pacific Tigers @ Nevada Wolf Pack,NCAAB,Pacific Tigers,2025-11-08 22:05:00,FanDuel,8.4,7.68,9.44,Nevada Wolf Pack,2025-11-08 22:05:54
Oklahoma Sooners @ Gonzaga Bulldogs,NCAAB,Oklahoma Sooners,2025-11-08 22:30:00,Caesars,6.5,6.08,6.94,Gonzaga Bulldogs,2025-11-08 22:05:54
Indiana Pacers @ Denver Nuggets,NBA,Indiana Pacers,2025-11-08 21:11:00,FanDuel,10.0,7.64,30.84,Denver Nuggets,2025-11-08 22:49:47
Phoenix Suns @ Los Angeles Clippers,NBA,Los Angeles Clippers,2025-11-08 22:42:42,BetMGM,1.8,1.59,13.37,Phoenix Suns,2025-11-08 22:49:47
San Diego State Aztecs @ Hawaii Rainbow Warriors,NCAAF,San Diego State Aztecs,2025-11-08 23:07:52,FanDuel,2.62,1.71,53.33,Hawaii Rainbow Warriors,2025-11-08 23:44:48
Anaheim Ducks @ Vegas Golden Knights,NHL,Anaheim Ducks,2025-11-08 22:08:36,DraftKings,2.0,1.27,57.91,Anaheim Ducks,2025-11-09 00:55:08
Atlanta Falcons @ Indianapolis Colts,NFL,Atlanta Falcons,2025-11-09 09:30:00,DraftKings,3.5,3.39,3.21,Indianapolis Colts,2025-11-09 09:17:57
Bournemouth @ Aston Villa,EPL,Bournemouth,2025-11-09 09:00:00,DraftKings,8.0,3.29,143.51,Aston Villa,2025-11-09 09:31:44
Newcastle United @ Brentford,EPL,Brentford,2025-11-09 09:00:00,FanDuel,6.0,3.03,98.11,Brentford,2025-11-09 09:31:44
Leeds United @ Nottingham Forest,EPL,Leeds United,2025-11-09 09:01:00,DraftKings,4.5,3.8,18.54,Nottingham Forest,2025-11-09 09:31:44
Brighton and Hove Albion @ Crystal Palace,EPL,Crystal Palace,2025-11-09 09:00:00,DraftKings,2.7,2.59,4.08,Draw,2025-11-09 09:31:44
Liverpool @ Manchester City,EPL,Liverpool,2025-11-09 11:30:00,DraftKings,10.5,4.4,138.65,Manchester City,2025-11-09 12:17:21
Western Michigan Broncos @ Campbell Fighting Camels,NCAAB,Western Michigan Broncos,2025-11-09 12:30:00,FanDuel,4.9,4.48,9.28,Campbell Fighting Camels,2025-11-09 12:17:21
North Carolina Central Eagles @ Appalachian St Mountaineers,NCAAB,North Carolina Central Eagles,2025-11-09 13:00:00,FanDuel,5.7,5.25,8.66,Appalachian St Mountaineers,2025-11-09 12:17:21
Buffalo Bills @ Miami Dolphins,NFL,Miami Dolphins,2025-11-09 13:00:00,FanDuel,4.6,4.33,6.35,Miami Dolphins,2025-11-09 12:30:50
Chicago Blackhawks @ Detroit Red Wings,NHL,Chicago Blackhawks,2025-11-09 13:09:46,BetMGM,2.65,1.89,40.46,Chicago Blackhawks,2025-11-09 13:28:27
CSU Northridge Matadors @ North Dakota Fighting Hawks,NCAAB,North Dakota Fighting Hawks,2025-11-09 14:00:00,Caesars,3.28,3.14,4.4,CSU Northridge Matadors,2025-11-09 13:28:27
Jacksonville Jaguars @ Houston Texans,NFL,Houston Texans,2025-11-09 13:03:20,BetMGM,6.25,2.29,172.64,Houston Texans,2025-11-09 13:44:49
Baltimore Ravens @ Minnesota Vikings,NFL,Baltimore Ravens,2025-11-09 13:02:49,DraftKings,2.3,1.99,15.3,Baltimore Ravens,2025-11-09 13:44:49
Vermont Catamounts @ Brown Bears,NCAAB,Brown Bears,2025-11-09 14:00:00,FanDuel,3.1,3.01,2.85,Vermont Catamounts,2025-11-09 13:44:49
Indiana Hoosiers @ Marquette Golden Eagles,NCAAB,Marquette Golden Eagles,2025-11-09 13:00:00,DraftKings,7.5,4.3,74.62,Indiana Hoosiers,2025-11-09 13:55:20
New Orleans Saints @ Carolina Panthers,NFL,Carolina Panthers,2025-11-09 13:02:43,BetMGM,1.83,1.29,42.04,New Orleans Saints,2025-11-09 13:55:20
New York Giants @ Chicago Bears,NFL,Chicago Bears,2025-11-09 13:03:06,BetMGM,1.59,1.27,24.97,Chicago Bears,2025-11-09 13:55:20
Cleveland Browns @ New York Jets,NFL,New York Jets,2025-11-09 13:02:35,DraftKings,1.8,1.55,15.96,New York Jets,2025-11-09 14:25:21
New England Patriots @ Tampa Bay Buccaneers,NFL,Tampa Bay Buccaneers,2025-11-09 13:02:16,Caesars,2.65,2.01,31.81,New England Patriots,2025-11-09 14:34:08
Los Angeles Kings @ Pittsburgh Penguins,NHL,Pittsburgh Penguins,2025-11-09 14:08:18,BetMGM,2.5,2.43,2.79,Los Angeles Kings,2025-11-09 14:41:30
Texas A&M Aggies @ Oklahoma St Cowboys,NCAAB,Texas A&M Aggies,2025-11-09 14:00:00,DraftKings,4.4,2.39,84.0,Oklahoma St Cowboys,2025-11-09 14:49:13
Houston Rockets @ Milwaukee Bucks,NBA,Milwaukee Bucks,2025-11-09 15:40:57,BetMGM,3.1,2.56,21.27,Houston Rockets,2025-11-09 15:51:12
Detroit Lions @ Washington Commanders,NFL,Washington Commanders,2025-11-09 16:25:00,DraftKings,4.8,4.64,3.51,Detroit Lions,2025-11-09 15:58:56
Arizona Cardinals @ Seattle Seahawks,NFL,Arizona Cardinals,2025-11-09 16:06:09,DraftKings,11.0,4.16,164.66,Seattle Seahawks,2025-11-09 16:18:25
Brooklyn Nets @ New York Knicks,NBA,Brooklyn Nets,2025-11-09 18:11:45,DraftKings,16.0,9.2,73.88,New York Knicks,2025-11-09 18:19:46
Oklahoma City Thunder @ Memphis Grizzlies,NBA,Memphis Grizzlies,2025-11-09 18:11:00,DraftKings,7.0,5.07,37.95,Oklahoma City Thunder,2025-11-09 18:19:46
Boston Celtics @ Orlando Magic,NBA,Boston Celtics,2025-11-09 18:11:00,FanDuel,3.3,2.49,32.49,Boston Celtics,2025-11-09 18:19:46
Los Angeles Rams @ San Francisco 49ers,NFL,San Francisco 49ers,2025-11-09 16:25:00,Fanatics,12.0,8.03,49.49,Los Angeles Rams,2025-11-09 18:30:38
Indiana Pacers @ Golden State Warriors,NBA,Indiana Pacers,2025-11-09 20:43:00,FanDuel,8.5,5.89,44.34,Golden State Warriors,2025-11-09 20:52:49
Pittsburgh Steelers @ Los Angeles Chargers,NFL,Pittsburgh Steelers,2025-11-09 20:24:12,FanDuel,2.76,2.56,7.94,Los Angeles Chargers,2025-11-09 20:52:49
Calgary Flames @ Minnesota Wild,NHL,Calgary Flames,2025-11-09 20:08:41,FanDuel,6.6,4.15,59.05,Minnesota Wild,2025-11-09 22:21:50
Colorado Avalanche @ Vancouver Canucks,NHL,Vancouver Canucks,2025-11-09 22:08:07,FanDuel,4.3,2.89,48.65,Colorado Avalanche,2025-11-09 22:21:50
Minnesota Timberwolves @ Sacramento Kings,NBA,Sacramento Kings,2025-11-09 21:10:00,FanDuel,9.7,6.56,47.81,Minnesota Timberwolves,2025-11-09 22:21:50
Winnipeg Jets @ Anaheim Ducks,NHL,Winnipeg Jets,2025-11-09 22:10:38,Fanatics,4.5,2.44,84.56,Anaheim Ducks,2025-11-09 22:59:58
Milwaukee Bucks @ Dallas Mavericks,NBA,Dallas Mavericks,2025-11-10 20:40:21,FanDuel,3.1,2.4,29.1,Milwaukee Bucks,2025-11-10 20:49:26
San Antonio Spurs @ Chicago Bulls,NBA,San Antonio Spurs,2025-11-10 20:11:00,Fanatics,1.44,1.34,7.2,San Antonio Spurs,2025-11-10 20:49:26
Philadelphia Eagles @ Green Bay Packers,NFL,Green Bay Packers,2025-11-10 20:16:24,BetMGM,2.15,2.09,3.0,Philadelphia Eagles,2025-11-10 20:49:26
Minnesota Timberwolves @ Utah Jazz,NBA,Utah Jazz,2025-11-10 21:11:03,Caesars,3.4,2.94,15.49,Minnesota Timberwolves,2025-11-10 22:06:11
Atlanta Hawks @ Los Angeles Clippers,NBA,Atlanta Hawks,2025-11-10 22:41:27,Caesars,3.8,2.64,43.76,Atlanta Hawks,2025-11-10 22:51:39
Iona Gaels @ UMKC Kangaroos,NCAAB,UMKC Kangaroos,2025-11-11 13:00:00,Caesars,2.75,2.66,3.29,Iona Gaels,2025-11-11 10:59:09
Real Madrid @ Valencia Basket,Basketball Euroleague,Valencia Basket,2025-11-11 14:30:00,BetMGM,2.54,2.29,11.13,Valencia Basket,2025-11-11 14:40:57
Calgary Flames @ St Louis Blues,NHL,Calgary Flames,2025-11-11 20:10:04,DraftKings,6.5,2.37,174.3,St Louis Blues,2025-11-11 20:48:26
Golden State Warriors @ Oklahoma City Thunder,NBA,Golden State Warriors,2025-11-11 20:10:50,DraftKings,10.0,4.24,135.74,Oklahoma City Thunder,2025-11-11 20:48:26
Ohio Bobcats @ Western Michigan Broncos,NCAAF,Western Michigan Broncos,2025-11-11 20:06:00,BetMGM,2.25,1.83,22.73,Western Michigan Broncos,2025-11-11 20:48:26
Memphis Tigers @ Ole Miss Rebels,NCAAB,Memphis Tigers,2025-11-11 21:00:00,FanDuel,5.5,4.95,11.1,Ole Miss Rebels,2025-11-11 20:48:26
Boston Celtics @ Philadelphia 76ers,NBA,Philadelphia 76ers,2025-11-11 20:12:54,FanDuel,3.8,2.21,72.09,Philadelphia 76ers,2025-11-11 22:04:44
Indiana Pacers @ Utah Jazz,NBA,Indiana Pacers,2025-11-11 21:11:25,Fanatics,4.1,2.45,67.49,Utah Jazz,2025-11-11 22:04:44
San Jose Sharks @ Minnesota Wild,NHL,San Jose Sharks,2025-11-11 20:15:57,FanDuel,5.2,4.38,18.75,San Jose Sharks,2025-11-11 22:04:44
Montana Grizzlies @ UNLV Rebels,NCAAB,Montana Grizzlies,2025-11-11 22:05:00,FanDuel,5.8,5.42,6.94,Montana Grizzlies,2025-11-11 22:04:44
UC Santa Barbara Gauchos @ Sacramento St Hornets,NCAAB,UC Santa Barbara Gauchos,2025-11-11 22:03:17,DraftKings,1.38,1.35,2.05,UC Santa Barbara Gauchos,2025-11-11 22:04:44
Columbus Blue Jackets @ Seattle Kraken,NHL,Columbus Blue Jackets,2025-11-11 22:11:51,FanDuel,3.2,2.09,53.3,Columbus Blue Jackets,2025-11-11 22:50:20
Anaheim Ducks @ Colorado Avalanche,NHL,Colorado Avalanche,2025-11-11 21:53:41,Caesars,1.56,1.3,19.78,Colorado Avalanche,2025-11-11 22:50:20
Creighton Bluejays @ Gonzaga Bulldogs,NCAAB,Creighton Bluejays,2025-11-11 22:10:58,Caesars,6.0,5.25,14.19,Gonzaga Bulldogs,2025-11-11 22:50:20
Winnipeg Jets @ Vancouver Canucks,NHL,Vancouver Canucks,2025-11-11 22:09:08,Caesars,3.3,3.01,9.49,Winnipeg Jets,2025-11-11 22:50:20
Denver Nuggets @ Sacramento Kings,NBA,Sacramento Kings,2025-11-11 23:12:47,Caesars,5.0,4.49,11.31,Denver Nuggets,2025-11-11 23:33:21
Minnesota Golden Gophers @ Missouri Tigers,NCAAB,Minnesota Golden Gophers,2025-11-12 20:01:17,DraftKings,3.6,2.49,44.37,Missouri Tigers,2025-11-12 20:50:16
Phoenix Suns @ Dallas Mavericks,NBA,Dallas Mavericks,2025-11-12 20:41:00,Caesars,2.1,1.81,15.77,Phoenix Suns,2025-11-12 20:50:16
Tulsa Golden Hurricane @ Oral Roberts Golden Eagles,NCAAB,Oral Roberts Golden Eagles,2025-11-12 20:05:01,Caesars,2.45,1.41,73.45,Tulsa Golden Hurricane,2025-11-12 22:07:21
Golden State Warriors @ San Antonio Spurs,NBA,San Antonio Spurs,2025-11-12 20:11:00,FanDuel,3.3,2.55,29.31,Golden State Warriors,2025-11-12 22:07:21
Portland St Vikings @ San Francisco Dons,NCAAB,Portland St Vikings,2025-11-12 22:01:24,Fanatics,9.0,7.28,23.68,San Francisco Dons,2025-11-12 22:07:21
Montana St Bobcats @ Stanford Cardinal,NCAAB,Montana St Bobcats,2025-11-12 22:01:55,FanDuel,11.0,9.33,17.86,Stanford Cardinal,2025-11-12 22:07:21
North Texas Mean Green @ Oregon St Beavers,NCAAB,Oregon St Beavers,2025-11-12 21:32:49,FanDuel,2.32,2.07,12.28,Oregon St Beavers,2025-11-12 22:07:21
Los Angeles Lakers @ Oklahoma City Thunder,NBA,Los Angeles Lakers,2025-11-12 21:48:00,Caesars,5.5,4.91,12.07,Oklahoma City Thunder,2025-11-12 22:07:21
Southern Illinois Salukis @ Nevada Wolf Pack,NCAAB,Southern Illinois Salukis,2025-11-12 22:06:01,FanDuel,6.5,6.15,5.73,Nevada Wolf Pack,2025-11-12 22:07:21
Atlanta Hawks @ Sacramento Kings,NBA,Sacramento Kings,2025-11-12 22:10:00,DraftKings,4.8,3.4,41.05,Atlanta Hawks,2025-11-12 22:53:29
Denver Nuggets @ Los Angeles Clippers,NBA,Los Angeles Clippers,2025-11-12 22:40:00,Fanatics,2.9,2.23,29.82,Denver Nuggets,2025-11-12 22:53:29
Central Michigan Chippewas @ South Alabama Jaguars,NCAAB,Central Michigan Chippewas,2025-11-13 11:00:00,FanDuel,3.35,3.14,6.63,South Alabama Jaguars,2025-11-13 08:48:34
Valencia Basket @ Paris Basketball,Basketball Euroleague,Valencia Basket,2025-11-13 14:46:00,FanDuel,2.6,2.34,11.15,Paris Basketball,2025-11-13 14:55:00
Panathinaikos @ Real Madrid,Basketball Euroleague,Real Madrid,2025-11-13 14:45:00,FanDuel,1.69,1.52,10.82,Not Found,2025-11-13 14:55:00
Pittsburgh Panthers @ West Virginia Mountaineers,NCAAB,Pittsburgh Panthers,2025-11-13 18:00:00,FanDuel,3.2,3.12,2.57,Not Found,2025-11-13 17:47:08
UMass Lowell River Hawks @ Columbia Lions,NCAAB,UMass Lowell River Hawks,2025-11-13 19:00:00,FanDuel,8.6,8.16,5.44,Not Found,2025-11-13 18:21:44
Alcorn St Braves @ Howard Bison,NCAAB,Alcorn St Braves,2025-11-13 19:00:00,FanDuel,3.65,3.5,4.29,Not Found,2025-11-13 18:21:44
Washington Capitals @ Florida Panthers,NHL,Washington Capitals,2025-11-13 19:13:06,FanDuel,10.0,3.49,186.32,Not Found,2025-11-13 20:49:16
Purdue Boilermakers @ Alabama Crimson Tide,NCAAB,Alabama Crimson Tide,2025-11-13 19:02:43,Fanatics,5.05,1.97,155.88,Not Found,2025-11-13 20:49:16
Monmouth Hawks @ Seton Hall Pirates,NCAAB,Monmouth Hawks,2025-11-13 19:02:01,FanDuel,16.0,8.36,91.44,Not Found,2025-11-13 20:49:16
Anaheim Ducks @ Detroit Red Wings,NHL,Anaheim Ducks,2025-11-13 19:12:26,BetMGM,3.9,2.16,80.78,Not Found,2025-11-13 20:49:16
Toronto Raptors @ Cleveland Cavaliers,NBA,Cleveland Cavaliers,2025-11-13 19:13:00,Caesars,3.6,2.85,26.26,Not Found,2025-11-13 20:49:16
Los Angeles Kings @ Toronto Maple Leafs,NHL,Los Angeles Kings,2025-11-13 19:08:21,FanDuel,3.5,3.01,16.13,Not Found,2025-11-13 20:49:16
Boston Bruins @ Ottawa Senators,NHL,Boston Bruins,2025-11-13 19:12:23,FanDuel,4.4,4.02,9.35,Not Found,2025-11-13 20:49:16
Edmonton Oilers @ Columbus Blue Jackets,NHL,Edmonton Oilers,2025-11-13 19:40:30,FanDuel,3.5,3.25,7.63,Not Found,2025-11-13 20:49:16
Indiana Pacers @ Phoenix Suns,NBA,Indiana Pacers,2025-11-13 21:12:00,Caesars,4.2,3.46,21.43,Phoenix Suns,2025-11-13 22:05:44
Atlanta Hawks @ Utah Jazz,NBA,Atlanta Hawks,2025-11-13 21:17:00,BetMGM,1.36,1.31,4.06,Atlanta Hawks,2025-11-13 22:05:44
New York Islanders @ Vegas Golden Knights,NHL,Vegas Golden Knights,2025-11-13 22:08:36,FanDuel,3.4,1.58,115.09,New York Islanders,2025-11-13 22:51:29
Winnipeg Jets @ Seattle Kraken,NHL,Winnipeg Jets,2025-11-13 22:09:36,DraftKings,1.71,1.39,22.61,Seattle Kraken,2025-11-13 22:51:29
San Jose Sharks @ Calgary Flames,NHL,San Jose Sharks,2025-11-13 21:08:05,FanDuel,4.4,4.1,7.23,Calgary Flames,2025-11-13 22:51:29
Buffalo Sabres @ Colorado Avalanche,NHL,Buffalo Sabres,2025-11-13 21:08:36,Caesars,6.5,6.32,2.77,Colorado Avalanche,2025-11-13 22:51:29
Coppin St Eagles @ Central Michigan Chippewas,NCAAB,Coppin St Eagles,2025-11-14 11:00:00,BetMGM,5.5,5.26,4.51,Central Michigan Chippewas,2025-11-14 09:39:15
KK Partizan NIS @ ASVEL Lyon Villeurbanne,Basketball Euroleague,ASVEL Lyon Villeurbanne,2025-11-14 14:00:00,FanDuel,3.5,3.34,4.85,Not Found,2025-11-14 12:38:30
Virtus Segafredo Bologna @ FC Barcelona Bàsquet,Basketball Euroleague,Virtus Segafredo Bologna,2025-11-14 14:30:00,FanDuel,4.3,4.05,6.05,Not Found,2025-11-14 13:51:58
Charleston Southern Buccaneers @ Lindenwood Lions,NCAAB,Lindenwood Lions,2025-11-14 18:30:00,DraftKings,1.7,1.67,2.09,Not Found,2025-11-14 14:40:43
Hofstra Pride @ Bucknell Bison,NCAAB,Bucknell Bison,2025-11-14 19:00:00,BetMGM,2.5,2.39,4.59,Not Found,2025-11-14 16:21:05
Coastal Carolina Chanticleers @ Jacksonville St Gamecocks,NCAAB,Coastal Carolina Chanticleers,2025-11-14 19:00:00,FanDuel,4.0,3.91,2.18,Not Found,2025-11-14 18:20:37
IUPUI Jaguars @ Eastern Michigan Eagles,NCAAB,Eastern Michigan Eagles,2025-11-14 18:35:00,FanDuel,1.52,1.48,2.95,Not Found,2025-11-14 18:34:27
Fordham Rams @ Iona Gaels,NCAAB,Fordham Rams,2025-11-14 19:00:00,Caesars,3.05,2.9,5.0,Not Found,2025-11-14 18:58:42
Lehigh Mountain Hawks @ Rutgers Scarlet Knights,NCAAB,Lehigh Mountain Hawks,2025-11-14 18:35:00,Caesars,8.5,8.22,3.38,Not Found,2025-11-14 18:58:42
Philadelphia Flyers @ St Louis Blues,NHL,Philadelphia Flyers,2025-11-14 20:08:42,FanDuel,3.4,2.22,53.26,Philadelphia Flyers,2025-11-14 20:44:55
Xavier Musketeers @ Iowa Hawkeyes,NCAAB,Xavier Musketeers,2025-11-14 20:00:01,Fanatics,13.0,9.3,39.76,Iowa Hawkeyes,2025-11-14 20:44:55
Los Angeles Clippers @ Dallas Mavericks,NBA,Dallas Mavericks,2025-11-14 20:41:00,FanDuel,3.15,2.42,30.07,Los Angeles Clippers,2025-11-14 20:44:55
Brooklyn Nets @ Orlando Magic,NBA,Brooklyn Nets,2025-11-14 19:12:00,Caesars,5.0,4.02,24.28,Not Found,2025-11-14 20:44:55
Vancouver Canucks @ Carolina Hurricanes,NHL,Carolina Hurricanes,2025-11-14 19:11:03,FanDuel,2.46,1.99,23.64,Not Found,2025-11-14 20:44:55
UCF Knights @ Texas A&M Aggies,NCAAB,UCF Knights,2025-11-14 20:04:00,FanDuel,9.7,8.06,20.29,UCF Knights,2025-11-14 20:44:55
Philadelphia 76ers @ Detroit Pistons,NBA,Philadelphia 76ers,2025-11-14 19:43:00,FanDuel,3.5,3.03,15.57,Not Found,2025-11-14 20:44:55
Charlotte Hornets @ Milwaukee Bucks,NBA,Milwaukee Bucks,2025-11-14 20:11:00,DraftKings,1.6,1.39,15.4,Milwaukee Bucks,2025-11-14 20:44:55
Portland Trail Blazers @ Houston Rockets,NBA,Portland Trail Blazers,2025-11-14 20:11:00,DraftKings,4.8,4.23,13.37,Houston Rockets,2025-11-14 20:44:55
Northwestern Wildcats @ DePaul Blue Demons,NCAAB,Northwestern Wildcats,2025-11-14 20:30:00,Fanatics,1.53,1.4,9.29,Northwestern Wildcats,2025-11-14 20:44:55
Los Angeles Lakers @ New Orleans Pelicans,NBA,Los Angeles Lakers,2025-11-14 20:12:00,FanDuel,1.19,1.11,7.09,Los Angeles Lakers,2025-11-14 20:44:55
Sacramento Kings @ Minnesota Timberwolves,NBA,Minnesota Timberwolves,2025-11-14 20:11:00,FanDuel,1.2,1.16,3.6,Minnesota Timberwolves,2025-11-14 20:44:55
New York Islanders @ Utah Mammoth,NHL,New York Islanders,2025-11-14 21:08:53,DraftKings,4.6,2.63,74.91,New York Islanders,2025-11-14 21:59:24
Clemson Tigers @ Louisville Cardinals,NCAAF,Clemson Tigers,2025-11-14 19:37:00,Caesars,3.4,2.86,19.0,Not Found,2025-11-14 21:59:24
North Texas Mean Green @ Saint Mary's Gaels,NCAAB,North Texas Mean Green,2025-11-14 22:00:00,FanDuel,10.8,9.65,11.87,Saint Mary's Gaels,2025-11-14 21:59:24
Golden State Warriors @ San Antonio Spurs,NBA,Golden State Warriors,2025-11-14 21:45:00,DraftKings,2.3,2.11,8.95,Golden State Warriors,2025-11-14 21:59:24
Michigan Wolverines @ TCU Horned Frogs,NCAAB,Michigan Wolverines,2025-11-14 21:04:00,Caesars,1.5,1.43,5.17,Michigan Wolverines,2025-11-14 21:59:24
Gonzaga Bulldogs @ Arizona St Sun Devils,NCAAB,Arizona St Sun Devils,2025-11-14 23:00:00,FanDuel,9.1,8.38,8.64,Gonzaga Bulldogs,2025-11-14 22:40:49
Arizona Wildcats @ UCLA Bruins,NCAAB,Arizona Wildcats,2025-11-14 20:00:00,FanDuel,2.24,2.08,7.81,Arizona Wildcats,2025-11-14 22:40:49
South Florida Bulls @ Navy Midshipmen,NCAAF,South Florida Bulls,2025-11-15 12:05:00,FanDuel,1.63,1.33,22.17,Navy Midshipmen,2025-11-15 12:17:08
Notre Dame Fighting Irish @ Pittsburgh Panthers,NCAAF,Pittsburgh Panthers,2025-11-15 11:49:00,Caesars,6.0,4.96,21.0,Notre Dame Fighting Irish,2025-11-15 12:17:08
Michigan Wolverines @ Northwestern Wildcats,NCAAF,Northwestern Wildcats,2025-11-15 11:52:00,FanDuel,5.6,4.67,20.0,Michigan Wolverines,2025-11-15 12:17:08
Arizona Wildcats @ Cincinnati Bearcats,NCAAF,Cincinnati Bearcats,2025-11-15 11:55:00,DraftKings,1.6,1.54,4.17,Arizona Wildcats,2025-11-15 12:17:08
Tennessee Tech Golden Eagles @ Kentucky Wildcats,NCAAF,Tennessee Tech Golden Eagles,2025-11-15 13:30:00,FanDuel,15.0,12.9,16.24,Kentucky Wildcats,2025-11-15 13:28:55
Butler Bulldogs @ SMU Mustangs,NCAAB,Butler Bulldogs,2025-11-15 14:00:00,FanDuel,4.1,4.01,2.3,SMU Mustangs,2025-11-15 13:28:55
South Carolina Gamecocks @ Texas A&M Aggies,NCAAF,Texas A&M Aggies,2025-11-15 11:51:00,BetMGM,10.0,5.91,69.14,Texas A&M Aggies,2025-11-15 13:47:31
Maryland Terrapins @ Marquette Golden Eagles,NCAAB,Marquette Golden Eagles,2025-11-15 14:00:00,FanDuel,1.65,1.34,22.91,Maryland Terrapins,2025-11-15 14:16:04
Colorado State Rams @ New Mexico Lobos,NCAAF,Colorado State Rams,2025-11-15 15:00:00,FanDuel,6.7,6.4,4.63,Not Found,2025-11-15 14:48:43
Arkansas Razorbacks @ LSU Tigers,NCAAF,LSU Tigers,2025-11-15 11:53:00,FanDuel,1.54,1.48,4.19,LSU Tigers,2025-11-15 14:48:43
Appalachian State Mountaineers @ James Madison Dukes,NCAAF,Appalachian State Mountaineers,2025-11-15 15:30:00,DraftKings,11.0,10.33,6.52,Not Found,2025-11-15 15:22:33
Virginia Cavaliers @ Duke Blue Devils,NCAAF,Virginia Cavaliers,2025-11-15 15:30:00,FanDuel,2.94,2.83,4.01,Virginia Cavaliers,2025-11-15 15:22:33
Georgia Tech Yellow Jackets @ Boston College Eagles,NCAAF,Boston College Eagles,2025-11-15 15:30:00,FanDuel,7.1,6.87,3.39,Georgia Tech Yellow Jackets,2025-11-15 15:22:33
Maryland Terrapins @ Illinois Fighting Illini,NCAAF,Maryland Terrapins,2025-11-15 15:30:00,FanDuel,6.6,6.39,3.21,Illinois Fighting Illini,2025-11-15 15:22:33
South Alabama Jaguars @ UL Monroe Warhawks,NCAAF,South Alabama Jaguars,2025-11-15 15:33:00,Fanatics,1.69,1.61,5.16,Not Found,2025-11-15 15:35:34
Texas State Bobcats @ Southern Mississippi Golden Eagles,NCAAF,Southern Mississippi Golden Eagles,2025-11-15 15:33:00,BetMGM,1.8,1.71,5.0,Not Found,2025-11-15 15:35:34
San Jose State Spartans @ Nevada Wolf Pack,NCAAF,Nevada Wolf Pack,2025-11-15 15:33:00,FanDuel,4.0,3.88,2.97,Not Found,2025-11-15 15:35:34
Middle Tennessee Blue Raiders @ Western Kentucky Hilltoppers,NCAAF,Middle Tennessee Blue Raiders,2025-11-15 15:33:00,Caesars,5.25,5.12,2.61,Not Found,2025-11-15 15:35:34
NC State Wolfpack @ Miami Hurricanes,NCAAF,NC State Wolfpack,2025-11-15 15:39:00,FanDuel,6.3,6.15,2.48,Miami Hurricanes,2025-11-15 15:35:34
UCF Knights @ Texas Tech Red Raiders,NCAAF,UCF Knights,2025-11-15 15:41:00,Fanatics,46.0,13.87,231.53,Texas Tech Red Raiders,2025-11-15 15:43:53
Drexel Dragons @ Syracuse Orange,NCAAB,Syracuse Orange,2025-11-15 15:30:56,Caesars,1.2,1.17,2.9,Not Found,2025-11-15 15:43:53
Penn State Nittany Lions @ Michigan State Spartans,NCAAF,Penn State Nittany Lions,2025-11-15 15:42:00,Caesars,1.83,1.44,27.34,Penn State Nittany Lions,2025-11-15 15:51:49
Oklahoma Sooners @ Alabama Crimson Tide,NCAAF,Alabama Crimson Tide,2025-11-15 12:49:00,FanDuel,1.87,1.68,11.44,Oklahoma Sooners,2025-11-15 15:59:21
Iowa Hawkeyes @ USC Trojans,NCAAF,USC Trojans,2025-11-15 13:00:00,FanDuel,2.8,2.02,38.89,USC Trojans,2025-11-15 16:18:34
Memphis Grizzlies @ Cleveland Cavaliers,NBA,Memphis Grizzlies,2025-11-15 17:10:00,Caesars,5.3,5.15,2.91,Cleveland Cavaliers,2025-11-15 16:40:27
Memphis Tigers @ East Carolina Pirates,NCAAF,Memphis Tigers,2025-11-15 13:10:00,BetMGM,1.59,1.39,14.15,East Carolina Pirates,2025-11-15 17:57:17
Matheus Camilo @ Viacheslav Borshchev,MMA,Matheus Camilo,2025-11-15 18:10:00,BetMGM,2.5,1.68,49.13,Not Found,2025-11-15 18:20:00
Oklahoma Sooners @ Nebraska Cornhuskers,NCAAB,Oklahoma Sooners,2025-11-15 19:10:00,FanDuel,12.0,2.76,335.56,Not Found,2025-11-15 20:54:07
Los Angeles Lakers @ Milwaukee Bucks,NBA,Milwaukee Bucks,2025-11-15 20:10:00,BetMGM,3.9,2.45,59.18,Los Angeles Lakers,2025-11-15 20:54:07
Erin Blanchfield @ Tracy Cortez,MMA,Erin Blanchfield,2025-11-15 20:45:00,FanDuel,2.08,1.37,52.11,Not Found,2025-11-15 20:54:07
Utah State Aggies @ UNLV Rebels,NCAAF,UNLV Rebels,2025-11-15 19:00:00,BetMGM,2.25,1.84,22.04,API Error,2025-11-15 20:54:07
Toronto Raptors @ Indiana Pacers,NBA,Indiana Pacers,2025-11-15 19:13:00,DraftKings,10.5,8.74,20.13,API Error,2025-11-15 20:54:07
Florida Gators @ Ole Miss Rebels,NCAAF,Ole Miss Rebels,2025-11-15 15:50:00,DraftKings,1.51,1.31,15.45,API Error,2025-11-15 20:54:07
Denver Nuggets @ Minnesota Timberwolves,NBA,Minnesota Timberwolves,2025-11-15 20:11:00,FanDuel,2.26,2.12,6.74,Denver Nuggets,2025-11-15 20:54:07
Duquesne Dukes @ Villanova Wildcats,NCAAB,Villanova Wildcats,2025-11-15 20:10:00,Caesars,1.36,1.29,5.47,Villanova Wildcats,2025-11-15 20:54:07
Texas Longhorns @ Georgia Bulldogs,NCAAF,Georgia Bulldogs,2025-11-15 15:49:00,BetMGM,1.25,1.22,2.34,API Error,2025-11-15 20:54:07
Benoit Saint-Denis @ Beneil Dariush,MMA,Beneil Dariush,2025-11-15 22:21:00,Caesars,2.85,2.74,4.07,API Error,2025-11-15 22:20:58
Green Bay Phoenix @ Minnesota Golden Gophers,NCAAB,Green Bay Phoenix,2025-11-15 21:15:00,Fanatics,13.0,5.92,119.58,Minnesota Golden Gophers,2025-11-15 22:58:39
TCU Horned Frogs @ BYU Cougars,NCAAF,TCU Horned Frogs,2025-11-15 22:20:00,DraftKings,17.0,10.49,62.05,BYU Cougars,2025-11-15 23:28:27
Winnipeg Jets @ Calgary Flames,NHL,Winnipeg Jets,2025-11-15 22:10:55,BetMGM,2.2,1.2,83.49,Winnipeg Jets,2025-11-16 00:55:34
Washington Commanders @ Miami Dolphins,NFL,Washington Commanders,2025-11-16 09:34:50,Caesars,2.35,2.26,4.11,Not Found,2025-11-16 09:42:54
Wright St Raiders @ Kent State Golden Flashes,NCAAB,Wright St Raiders,2025-11-16 12:00:00,FanDuel,2.76,2.64,4.6,Not Found,2025-11-16 10:20:29
Bryant Bulldogs @ Valparaiso Beacons,NCAAB,Bryant Bulldogs,2025-11-16 13:00:00,Caesars,3.4,3.31,2.83,Not Found,2025-11-16 12:18:37
Green Bay Packers @ New York Giants,NFL,New York Giants,2025-11-16 13:00:00,FanDuel,4.5,4.33,4.04,Not Found,2025-11-16 12:32:15
Notre Dame Fighting Irish @ Ohio State Buckeyes,NCAAB,Ohio State Buckeyes,2025-11-16 12:30:00,Fanatics,1.44,1.25,15.25,Not Found,2025-11-16 12:42:05
South Florida Bulls @ Kennesaw St Owls,NCAAB,Kennesaw St Owls,2025-11-16 14:00:00,FanDuel,3.7,3.55,4.16,Not Found,2025-11-16 13:29:46
Houston Cougars @ Auburn Tigers,NCAAB,Houston Cougars,2025-11-16 15:05:00,DraftKings,1.38,1.31,5.33,Not Found,2025-11-16 15:23:49
Los Angeles Clippers @ Boston Celtics,NBA,Los Angeles Clippers,2025-11-16 15:40:41,FanDuel,3.85,2.88,33.72,Not Found,2025-11-16 15:47:34
Charlotte 49ers @ Virginia Tech Hokies,NCAAB,Virginia Tech Hokies,2025-11-16 14:00:00,Caesars,1.25,1.07,16.87,Not Found,2025-11-16 15:47:34
San Francisco 49ers @ Arizona Cardinals,NFL,Arizona Cardinals,2025-11-16 16:05:27,FanDuel,5.3,2.67,98.27,Not Found,2025-11-16 16:19:35
Sacramento Kings @ San Antonio Spurs,NBA,Sacramento Kings,2025-11-16 16:10:34,Fanatics,4.0,3.26,22.54,Not Found,2025-11-16 16:19:35
Seattle Seahawks @ Los Angeles Rams,NFL,Seattle Seahawks,2025-11-16 16:05:30,Fanatics,2.9,2.65,9.28,Not Found,2025-11-16 16:19:35
UNLV Rebels @ Memphis Tigers,NCAAB,UNLV Rebels,2025-11-16 17:00:00,FanDuel,5.5,5.36,2.69,Not Found,2025-11-16 16:19:35
Kansas City Chiefs @ Denver Broncos,NFL,Kansas City Chiefs,2025-11-16 16:25:21,DraftKings,1.62,1.54,5.49,Not Found,2025-11-16 16:30:33
Baltimore Ravens @ Cleveland Browns,NFL,Baltimore Ravens,2025-11-16 16:25:20,DraftKings,2.0,1.26,58.9,Not Found,2025-11-16 17:20:39
Montreal Alouettes @ Saskatchewan Roughriders,CFL,Saskatchewan Roughriders,2025-11-16 18:15:00,DraftKings,1.74,1.7,2.22,Not Found,2025-11-16 17:44:55
Vancouver Canucks @ Tampa Bay Lightning,NHL,Vancouver Canucks,2025-11-16 17:12:39,BetMGM,3.5,2.28,53.35,Not Found,2025-11-16 17:54:59
