Match,League,Team,Start Time,Avg Edge Book,Avg Edge Odds,Avg Edge Pct,Result,Scrape Time
Pittsburgh Panthers @ Florida State Seminoles,NCAAF,Pittsburgh Panthers,2025-10-11 12:00:00,FanDuel,4.5,3.4,Pittsburgh Panthers,2025-10-11 10:59:02
Toledo Rockets @ Bowling Green Falcons,NCAAF,Bowling Green Falcons,2025-10-11 12:00:00,FanDuel,4.4,4.51,Bowling Green Falcons,2025-10-11 11:25:05
Arkansas Razorbacks @ Tennessee Volunteers,NCAAF,Arkansas Razorbacks,2025-10-11 11:52:00,DraftKings,3.6,3.9,Tennessee Volunteers,2025-10-11 16:59:06
TCU Horned Frogs @ Kansas State Wildcats,NCAAF,TCU Horned Frogs,2025-10-11 12:32:00,DraftKings,2.6,12.67,Kansas State Wildcats,2025-10-11 17:23:31
Iowa State Cyclones @ Colorado Buffaloes,NCAAF,Colorado Buffaloes,2025-10-11 12:36:00,DraftKings,2.95,10.09,Colorado Buffaloes,2025-10-11 17:23:31
Indiana Hoosiers @ Oregon Ducks,NCAAF,Oregon Ducks,2025-10-11 11:49:00,FanDuel,2.0,4.56,Indiana Hoosiers,2025-10-11 17:23:31
Oklahoma Sooners @ Texas Longhorns,NCAAF,Oklahoma Sooners,2025-10-11 11:50:00,FanDuel,3.35,9.58,Texas Longhorns,2025-10-11 17:59:14
Northwestern Wildcats @ Penn State Nittany Lions,NCAAF,Penn State Nittany Lions,2025-10-11 15:34:00,Fanatics,2.7,29.15,Northwestern Wildcats,2025-10-11 18:27:53
Florida Gators @ Texas A&M Aggies,NCAAF,Florida Gators,2025-10-11 15:31:00,BetMGM,5.75,33.53,Texas A&M Aggies,2025-10-11 19:58:59
South Carolina Gamecocks @ LSU Tigers,NCAAF,South Carolina Gamecocks,2025-10-11 15:33:00,DraftKings,3.6,3.13,LSU Tigers,2025-10-11 22:04:31
BYU Cougars @ Arizona Wildcats,NCAAF,Arizona Wildcats,2025-10-11 15:37:00,FanDuel,4.5,2.18,BYU Cougars,2025-10-11 22:04:31
Georgia Bulldogs @ Auburn Tigers,NCAAF,Auburn Tigers,2025-10-11 15:30:00,FanDuel,9.0,24.64,Georgia Bulldogs,2025-10-11 23:09:22
Arizona State Sun Devils @ Utah Utes,NCAAF,Arizona State Sun Devils,2025-10-11 15:31:00,BetMGM,4.75,3.0,Utah Utes,2025-10-11 23:09:22
Denver Broncos @ New York Jets,NFL,New York Jets,2025-10-12 09:30:00,DraftKings,4.3,2.86,Denver Broncos,2025-10-12 01:59:03
Arizona Cardinals @ Indianapolis Colts,NFL,Arizona Cardinals,2025-10-12 13:01:00,BetMGM,4.75,3.41,Indianapolis Colts,2025-10-12 12:59:26
Cleveland Browns @ Pittsburgh Steelers,NFL,Cleveland Browns,2025-10-12 13:02:00,BetMGM,6.25,18.36,Pittsburgh Steelers,2025-10-12 13:59:13
Los Angeles Rams @ Baltimore Ravens,NFL,Baltimore Ravens,2025-10-12 13:02:00,Caesars,3.3,5.88,Los Angeles Rams,2025-10-12 13:59:13
Dallas Cowboys @ Carolina Panthers,NFL,Carolina Panthers,2025-10-12 13:01:00,Caesars,2.35,3.86,Carolina Panthers,2025-10-12 13:59:13
Seattle Seahawks @ Jacksonville Jaguars,NFL,Jacksonville Jaguars,2025-10-12 13:02:48,Caesars,2.75,3.38,Seattle Seahawks,2025-10-12 13:59:13
Los Angeles Chargers @ Miami Dolphins,NFL,Los Angeles Chargers,2025-10-12 13:01:00,FanDuel,2.02,2.13,Los Angeles Chargers,2025-10-12 14:35:15
New England Patriots @ New Orleans Saints,NFL,New Orleans Saints,2025-10-12 13:02:50,FanDuel,5.3,24.04,New England Patriots,2025-10-12 14:58:56
Tennessee Titans @ Las Vegas Raiders,NFL,Tennessee Titans,2025-10-12 16:06:00,Caesars,6.5,19.92,Las Vegas Raiders,2025-10-12 16:59:22
Cincinnati Bengals @ Green Bay Packers,NFL,Cincinnati Bengals,2025-10-12 16:28:00,DraftKings,17.0,35.45,Green Bay Packers,2025-10-12 17:24:23
San Francisco 49ers @ Tampa Bay Buccaneers,NFL,San Francisco 49ers,2025-10-12 16:26:00,FanDuel,3.35,3.24,Tampa Bay Buccaneers,2025-10-12 17:58:54
Detroit Lions @ Kansas City Chiefs,NFL,Detroit Lions,2025-10-12 20:22:43,FanDuel,6.4,46.07,Kansas City Chiefs,2025-10-12 22:08:25
Seattle Mariners @ Toronto Blue Jays,MLB,Toronto Blue Jays,2025-10-12 20:04:45,Caesars,3.6,28.48,Seattle Mariners,2025-10-12 22:08:25
Ottawa Redblacks @ Montreal Alouettes,CFL,Ottawa Redblacks,2025-10-13 13:05:00,DraftKings,7.5,2.31,Montreal Alouettes,2025-10-13 01:31:48
Miami Heat @ Atlanta Hawks,NBA Preseason,Miami Heat,2025-10-13 18:00:00,BetMGM,3.2,2.36,Atlanta Hawks,2025-10-13 15:22:47
Washington Wizards @ New York Knicks,NBA Preseason,New York Knicks,2025-10-13 19:30:00,FanDuel,1.58,6.99,Washington Wizards,2025-10-13 17:59:19
Seattle Mariners @ Toronto Blue Jays,MLB,Seattle Mariners,2025-10-13 17:04:00,Caesars,2.1,2.75,Seattle Mariners,2025-10-13 17:59:19
Buffalo Bills @ Atlanta Falcons,NFL,Buffalo Bills,2025-10-13 19:15:52,FanDuel,1.8,3.0,Atlanta Falcons,2025-10-13 19:25:12
Chicago Bears @ Washington Commanders,NFL,Washington Commanders,2025-10-13 20:16:00,FanDuel,2.02,2.55,Chicago Bears,2025-10-13 22:00:47
Los Angeles Dodgers @ Milwaukee Brewers,MLB,Los Angeles Dodgers,2025-10-13 20:08:00,Caesars,1.36,4.4,Los Angeles Dodgers,2025-10-13 23:08:11
SSG Landers @ Samsung Lions,KBO,SSG Landers,2025-10-14 05:30:00,BetMGM,2.6,2.05,Samsung Lions,2025-10-14 05:31:27
Nashville Predators @ Toronto Maple Leafs,NHL,Nashville Predators,2025-10-14 19:07:58,DraftKings,6.5,5.21,Toronto Maple Leafs,2025-10-14 19:59:03
Seattle Kraken @ Montréal Canadiens,NHL,Seattle Kraken,2025-10-14 19:20:03,Caesars,2.05,9.68,Montreal Canadiens,2025-10-14 22:03:58
Minnesota Wild @ Dallas Stars,NHL,Minnesota Wild,2025-10-14 21:51:11,BetMGM,4.1,9.42,Dallas Stars,2025-10-14 22:03:58
Los Angeles Dodgers @ Milwaukee Brewers,MLB,Milwaukee Brewers,2025-10-14 20:09:00,Caesars,7.4,4.8,Los Angeles Dodgers,2025-10-14 22:03:58
Vegas Golden Knights @ Calgary Flames,NHL,Calgary Flames,2025-10-14 21:08:12,BetMGM,6.25,84.73,Vegas Golden Knights,2025-10-14 23:12:08
Carolina Hurricanes @ San Jose Sharks,NHL,San Jose Sharks,2025-10-14 22:08:59,DraftKings,16.0,90.0,Carolina Hurricanes,2025-10-14 23:43:50
Pittsburgh Penguins @ Anaheim Ducks,NHL,Pittsburgh Penguins,2025-10-14 22:44:38,DraftKings,3.8,44.16,Anaheim Ducks,2025-10-14 23:58:53
Yokohama DeNA BayStars @ Hanshin Tigers,NPB,Yokohama DeNA BayStars,2025-10-15 05:01:00,FanDuel,2.72,4.52,Hanshin Tigers,2025-10-15 06:59:05
Hapoel Tel Aviv @ Valencia Basket,Basketball Euroleague,Valencia Basket,2025-10-15 14:30:00,BetMGM,2.35,7.73,Hapoel Tel Aviv BC,2025-10-15 14:41:33
Yokohama DeNA BayStars @ Hanshin Tigers,NPB,Yokohama DeNA BayStars,2025-10-16 05:00:00,BetMGM,3.2,6.8,Hanshin Tigers,2025-10-16 05:11:51
Hokkaido Nippon-Ham Fighters @ Fukuoka SoftBank Hawks,NPB,Fukuoka SoftBank Hawks,2025-10-16 05:00:00,Caesars,2.0,4.81,Fukuoka SoftBank Hawks,2025-10-16 05:11:51
Florida Panthers @ New Jersey Devils,NHL,New Jersey Devils,2025-10-16 19:11:50,Caesars,2.45,11.84,New Jersey Devils,2025-10-16 19:35:18
Seattle Kraken @ Ottawa Senators,NHL,Seattle Kraken,2025-10-16 19:08:45,DraftKings,3.5,6.13,Ottawa Senators,2025-10-16 19:35:18
Nashville Predators @ Montréal Canadiens,NHL,Nashville Predators,2025-10-16 19:08:17,Caesars,2.35,3.02,Montreal Canadiens,2025-10-16 19:35:18
New York Rangers @ Toronto Maple Leafs,NHL,New York Rangers,2025-10-16 19:08:03,FanDuel,3.3,2.27,Toronto Maple Leafs,2025-10-16 19:35:18
Milwaukee Brewers @ Los Angeles Dodgers,MLB,Milwaukee Brewers,2025-10-16 18:07:42,FanDuel,2.52,2.18,Los Angeles Dodgers,2025-10-16 19:35:18
Winnipeg Jets @ Philadelphia Flyers,NHL,Philadelphia Flyers,2025-10-16 19:16:05,Fanatics,11.0,38.74,Winnipeg Jets,2025-10-16 20:44:57
Vancouver Canucks @ Dallas Stars,NHL,Vancouver Canucks,2025-10-16 20:08:20,DraftKings,7.0,16.08,Vancouver Canucks,2025-10-16 20:44:57
Toronto Blue Jays @ Seattle Mariners,MLB,Toronto Blue Jays,2025-10-16 20:34:00,FanDuel,2.62,8.36,Toronto Blue Jays,2025-10-16 20:44:57
Colorado Avalanche @ Columbus Blue Jackets,NHL,Columbus Blue Jackets,2025-10-16 19:12:49,FanDuel,11.0,28.79,Colorado Avalanche,2025-10-16 20:56:23
Edmonton Oilers @ New York Islanders,NHL,New York Islanders,2025-10-16 19:38:08,FanDuel,4.3,11.6,New York Islanders,2025-10-16 20:56:23
Pittsburgh Steelers @ Cincinnati Bengals,NFL,Cincinnati Bengals,2025-10-16 20:16:01,DraftKings,6.2,10.56,Cincinnati Bengals,2025-10-16 20:56:23
Pittsburgh Penguins @ Los Angeles Kings,NHL,Pittsburgh Penguins,2025-10-16 22:08:46,FanDuel,4.2,11.79,Pittsburgh Penguins,2025-10-16 22:18:34
Carolina Hurricanes @ Anaheim Ducks,NHL,Anaheim Ducks,2025-10-16 22:08:13,DraftKings,19.0,90.93,Carolina Hurricanes,2025-10-17 00:12:25
Boston Bruins @ Vegas Golden Knights,NHL,Boston Bruins,2025-10-16 22:08:40,DraftKings,16.0,15.67,Vegas Golden Knights,2025-10-17 00:12:25
Hokkaido Nippon-Ham Fighters @ Fukuoka SoftBank Hawks,NPB,Fukuoka SoftBank Hawks,2025-10-17 05:00:00,BetMGM,2.6,6.38,Hokkaido Nippon-Ham Fighters,2025-10-17 05:11:43
Yokohama DeNA BayStars @ Hanshin Tigers,NPB,Yokohama DeNA BayStars,2025-10-17 05:01:00,FanDuel,9.7,11.5,Hanshin Tigers,2025-10-17 05:38:45
Toronto Blue Jays @ Seattle Mariners,MLB,Seattle Mariners,2025-10-17 18:09:00,DraftKings,1.81,8.48,Toronto Blue Jays,2025-10-17 19:08:49
Saskatchewan Roughriders @ Winnipeg Blue Bombers,CFL,Saskatchewan Roughriders,2025-10-17 20:00:00,DraftKings,4.7,8.53,Winnipeg Blue Bombers,2025-10-17 19:34:49
Denver Nuggets @ Oklahoma City Thunder,NBA Preseason,Denver Nuggets,2025-10-17 20:00:00,Caesars,4.2,3.75,Oklahoma City Thunder,2025-10-17 19:34:49
Minnesota Wild @ Washington Capitals,NHL,Washington Capitals,2025-10-17 19:11:02,Fanatics,1.83,27.7,Washington Capitals,2025-10-17 20:42:06
Nebraska Cornhuskers @ Minnesota Golden Gophers,NCAAF,Minnesota Golden Gophers,2025-10-17 20:05:53,Caesars,3.8,10.46,Minnesota Golden Gophers,2025-10-17 20:42:06
Tampa Bay Lightning @ Detroit Red Wings,NHL,Tampa Bay Lightning,2025-10-17 19:08:35,FanDuel,3.55,8.07,Detroit Red Wings,2025-10-17 20:42:06
San Jose Sharks @ Utah Mammoth,NHL,San Jose Sharks,2025-10-17 21:08:49,Caesars,4.5,33.91,Utah Mammoth,2025-10-17 22:12:52
Milwaukee Brewers @ Los Angeles Dodgers,MLB,Milwaukee Brewers,2025-10-17 20:38:51,Fanatics,16.0,15.7,Los Angeles Dodgers,2025-10-17 22:12:52
Vancouver Canucks @ Chicago Blackhawks,NHL,Chicago Blackhawks,2025-10-17 20:39:05,BetMGM,2.25,13.59,Vancouver Canucks,2025-10-17 22:12:52
Edmonton Elks @ BC Lions,CFL,Edmonton Elks,2025-10-17 22:37:00,DraftKings,3.75,4.1,BC Lions,2025-10-17 22:12:52
North Carolina Tar Heels @ California Golden Bears,NCAAF,North Carolina Tar Heels,2025-10-17 22:40:22,FanDuel,6.6,9.18,California Golden Bears,2025-10-17 23:43:26
Hokkaido Nippon-Ham Fighters @ Fukuoka SoftBank Hawks,NPB,Fukuoka SoftBank Hawks,2025-10-18 01:00:00,FanDuel,13.0,23.8,Hokkaido Nippon-Ham Fighters,2025-10-18 02:44:10
Samsung Lions @ Hanwha Eagles,KBO,Samsung Lions,2025-10-18 01:01:26,FanDuel,2.42,23.24,Hanwha Eagles,2025-10-18 02:44:10
Chelsea @ Nottingham Forest,EPL,Nottingham Forest,2025-10-18 07:31:00,Caesars,3.7,3.12,Chelsea,2025-10-18 08:16:51
Leeds United @ Burnley,EPL,Leeds United,2025-10-18 10:00:00,FanDuel,5.8,28.7,Burnley,2025-10-18 10:36:48
Bournemouth @ Crystal Palace,EPL,Crystal Palace,2025-10-18 10:01:00,BetMGM,14.5,2.56,Draw,2025-10-18 11:08:06
Newcastle United @ Brighton and Hove Albion,EPL,Newcastle United,2025-10-18 10:00:00,DraftKings,15.0,14.3,Brighton and Hove Albion,2025-10-18 11:35:24
Baylor Bears @ TCU Horned Frogs,NCAAF,Baylor Bears,2025-10-18 12:02:33,Caesars,2.95,17.32,TCU Horned Frogs,2025-10-18 12:10:40
Central Michigan Chippewas @ Bowling Green Falcons,NCAAF,Central Michigan Chippewas,2025-10-18 12:03:09,Caesars,2.8,8.07,Central Michigan Chippewas,2025-10-18 12:10:40
Arizona Wildcats @ Houston Cougars,NCAAF,Houston Cougars,2025-10-18 12:03:18,DraftKings,2.9,7.73,Houston Cougars,2025-10-18 12:10:40
Eastern Michigan Eagles @ Miami (OH) RedHawks,NCAAF,Eastern Michigan Eagles,2025-10-18 12:02:20,DraftKings,5.5,7.72,Miami (OH) RedHawks,2025-10-18 12:10:40
Kent State Golden Flashes @ Toledo Rockets,NCAAF,Kent State Golden Flashes,2025-10-18 14:00:00,DraftKings,17.0,9.62,Toledo Rockets,2025-10-18 13:07:30
Georgia Tech Yellow Jackets @ Duke Blue Devils,NCAAF,Duke Blue Devils,2025-10-18 12:10:28,FanDuel,2.58,9.04,Georgia Tech Yellow Jackets,2025-10-18 13:07:30
Washington Huskies @ Michigan Wolverines,NCAAF,Washington Huskies,2025-10-18 12:11:10,DraftKings,4.1,7.39,Michigan Wolverines,2025-10-18 13:07:30
West Virginia Mountaineers @ UCF Knights,NCAAF,West Virginia Mountaineers,2025-10-18 13:02:18,Fanatics,3.6,6.89,UCF Knights,2025-10-18 13:07:30
Arsenal @ Fulham,EPL,Fulham,2025-10-18 12:30:00,DraftKings,6.5,4.65,Arsenal,2025-10-18 13:07:30
Florida Panthers @ Buffalo Sabres,NHL,Florida Panthers,2025-10-18 13:08:28,BetMGM,2.45,7.17,Buffalo Sabres,2025-10-18 13:35:37
LSU Tigers @ Vanderbilt Commodores,NCAAF,LSU Tigers,2025-10-18 12:07:41,FanDuel,5.2,16.83,Vanderbilt Commodores,2025-10-18 14:12:19
Army Black Knights @ Tulane Green Wave,NCAAF,Tulane Green Wave,2025-10-18 12:10:45,BetMGM,2.55,12.84,Tulane Green Wave,2025-10-18 14:12:19
Oklahoma Sooners @ South Carolina Gamecocks,NCAAF,South Carolina Gamecocks,2025-10-18 12:47:20,DraftKings,5.5,7.74,Oklahoma Sooners,2025-10-18 14:43:01
Troy Trojans @ UL Monroe Warhawks,NCAAF,UL Monroe Warhawks,2025-10-18 15:02:50,FanDuel,3.3,8.31,Troy Trojans,2025-10-18 15:07:07
Michigan State Spartans @ Indiana Hoosiers,NCAAF,Michigan State Spartans,2025-10-18 15:30:00,Fanatics,19.0,7.08,Indiana Hoosiers,2025-10-18 15:23:02
Ohio State Buckeyes @ Wisconsin Badgers,NCAAF,Wisconsin Badgers,2025-10-18 15:37:00,FanDuel,21.0,19.58,Ohio State Buckeyes,2025-10-18 15:36:39
Texas State Bobcats @ Marshall Thundering Herd,NCAAF,Marshall Thundering Herd,2025-10-18 15:33:02,FanDuel,3.35,16.3,Marshall Thundering Herd,2025-10-18 15:36:39
Coastal Carolina Chanticleers @ Appalachian State Mountaineers,NCAAF,Coastal Carolina Chanticleers,2025-10-18 15:32:43,BetMGM,4.75,11.12,Coastal Carolina Chanticleers,2025-10-18 15:36:39
Northern Illinois Huskies @ Ohio Bobcats,NCAAF,Northern Illinois Huskies,2025-10-18 15:33:17,DraftKings,5.2,7.27,Ohio Bobcats,2025-10-18 15:36:39
Akron Zips @ Ball State Cardinals,NCAAF,Ball State Cardinals,2025-10-18 15:32:25,Fanatics,2.45,4.31,Ball State Cardinals,2025-10-18 15:36:39
New York Islanders @ Ottawa Senators,NHL,New York Islanders,2025-10-18 15:09:07,Fanatics,3.6,2.54,New York Islanders,2025-10-18 16:09:40
SMU Mustangs @ Clemson Tigers,NCAAF,Clemson Tigers,2025-10-18 15:35:51,Caesars,2.2,3.9,SMU Mustangs,2025-10-18 16:36:31
UNLV Rebels @ Boise State Broncos,NCAAF,UNLV Rebels,2025-10-18 15:35:45,Fanatics,15.0,20.85,Boise State Broncos,2025-10-18 17:07:42
Tampa Bay Lightning @ Columbus Blue Jackets,NHL,Tampa Bay Lightning,2025-10-18 19:08:46,DraftKings,3.1,5.01,Columbus Blue Jackets,2025-10-18 19:34:53
Seattle Kraken @ Toronto Maple Leafs,NHL,Toronto Maple Leafs,2025-10-18 19:15:05,FanDuel,2.06,2.07,Seattle Kraken,2025-10-18 19:34:53
Nashville Predators @ Winnipeg Jets,NHL,Nashville Predators,2025-10-18 19:21:18,FanDuel,12.0,5.23,Winnipeg Jets,2025-10-18 20:51:48
Utah Utes @ BYU Cougars,NCAAF,Utah Utes,2025-10-18 20:06:24,BetMGM,2.1,4.91,BYU Cougars,2025-10-18 20:51:48
New York Rangers @ Montréal Canadiens,NHL,New York Rangers,2025-10-18 19:15:21,FanDuel,4.0,4.89,New York Rangers,2025-10-18 20:51:48
Florida State Seminoles @ Stanford Cardinal,NCAAF,Stanford Cardinal,2025-10-18 22:35:21,Caesars,6.5,18.11,Stanford Cardinal,2025-10-18 22:43:54
Boston Bruins @ Colorado Avalanche,NHL,Boston Bruins,2025-10-18 21:08:39,Fanatics,5.75,5.13,Colorado Avalanche,2025-10-18 22:43:54
Carolina Hurricanes @ Los Angeles Kings,NHL,Carolina Hurricanes,2025-10-18 21:08:59,BetMGM,1.83,3.33,Carolina Hurricanes,2025-10-18 23:40:06
Pittsburgh Penguins @ San Jose Sharks,NHL,San Jose Sharks,2025-10-18 22:11:12,Caesars,4.5,2.76,Pittsburgh Penguins,2025-10-18 23:40:06
Hokkaido Nippon-Ham Fighters @ Fukuoka SoftBank Hawks,NPB,Hokkaido Nippon-Ham Fighters,2025-10-19 00:00:00,FanDuel,2.86,7.77,Hokkaido Nippon-Ham Fighters,2025-10-19 00:13:36
Aston Villa @ Tottenham Hotspur,EPL,Aston Villa,2025-10-19 09:00:00,DraftKings,8.0,7.75,Aston Villa,2025-10-19 09:29:28
Manchester United @ Liverpool,EPL,Liverpool,2025-10-19 11:30:00,FanDuel,2.5,10.46,Manchester United,2025-10-19 11:35:37
Vancouver Canucks @ Washington Capitals,NHL,Vancouver Canucks,2025-10-19 12:38:19,BetMGM,2.35,16.06,Vancouver Canucks,2025-10-19 12:41:01
Las Vegas Raiders @ Kansas City Chiefs,NFL,Las Vegas Raiders,2025-10-19 13:03:00,BetMGM,7.5,2.33,Kansas City Chiefs,2025-10-19 12:41:01
Carolina Panthers @ New York Jets,NFL,New York Jets,2025-10-19 13:03:11,BetMGM,2.15,3.84,Carolina Panthers,2025-10-19 13:08:01
New Orleans Saints @ Chicago Bears,NFL,New Orleans Saints,2025-10-19 13:02:33,FanDuel,3.8,8.4,Chicago Bears,2025-10-19 13:36:14
Miami Dolphins @ Cleveland Browns,NFL,Miami Dolphins,2025-10-19 13:02:25,FanDuel,8.5,51.11,Cleveland Browns,2025-10-19 14:12:27
New England Patriots @ Tennessee Titans,NFL,Tennessee Titans,2025-10-19 13:03:23,Fanatics,3.1,3.67,New England Patriots,2025-10-19 14:12:27
Philadelphia Eagles @ Minnesota Vikings,NFL,Philadelphia Eagles,2025-10-19 13:02:38,BetMGM,1.8,7.06,Philadelphia Eagles,2025-10-19 15:23:21
Edmonton Oilers @ Detroit Red Wings,NHL,Edmonton Oilers,2025-10-19 15:10:19,FanDuel,8.5,37.81,Detroit Red Wings,2025-10-19 16:37:33
Washington Commanders @ Dallas Cowboys,NFL,Washington Commanders,2025-10-19 16:25:20,BetMGM,3.25,15.6,Dallas Cowboys,2025-10-19 16:37:33
Indianapolis Colts @ Los Angeles Chargers,NFL,Los Angeles Chargers,2025-10-19 16:05:38,FanDuel,2.42,4.92,Indianapolis Colts,2025-10-19 16:37:33
New York Giants @ Denver Broncos,NFL,Denver Broncos,2025-10-19 16:05:30,DraftKings,2.75,5.09,Denver Broncos,2025-10-19 17:07:59
Green Bay Packers @ Arizona Cardinals,NFL,Arizona Cardinals,2025-10-19 16:25:23,BetMGM,3.5,2.3,Green Bay Packers,2025-10-19 17:07:59
Atlanta Falcons @ San Francisco 49ers,NFL,San Francisco 49ers,2025-10-19 20:22:59,FanDuel,2.4,3.11,San Francisco 49ers,2025-10-19 20:50:16
Seattle Mariners @ Toronto Blue Jays,MLB,Seattle Mariners,2025-10-19 20:04:00,FanDuel,16.0,9.9,Toronto Blue Jays,2025-10-19 22:18:29
Hokkaido Nippon-Ham Fighters @ Fukuoka SoftBank Hawks,NPB,Hokkaido Nippon-Ham Fighters,2025-10-20 05:00:00,BetMGM,8.25,33.36,Fukuoka SoftBank Hawks,2025-10-20 07:08:51
Tampa Bay Buccaneers @ Detroit Lions,NFL,Tampa Bay Buccaneers,2025-10-20 19:02:52,BetMGM,4.4,10.72,Detroit Lions,2025-10-20 19:09:19
Seattle Mariners @ Toronto Blue Jays,MLB,Seattle Mariners,2025-10-20 20:10:38,DraftKings,2.07,2.73,Toronto Blue Jays,2025-10-20 20:46:17
Houston Texans @ Seattle Seahawks,NFL,Houston Texans,2025-10-20 22:05:25,DraftKings,8.5,3.04,Seattle Seahawks,2025-10-20 23:27:06
Hanwha Eagles @ Samsung Lions,KBO,Hanwha Eagles,2025-10-21 05:30:59,BetMGM,2.8,5.69,Hanwha Eagles,2025-10-21 06:11:06
Edmonton Oilers @ Ottawa Senators,NHL,Ottawa Senators,2025-10-21 19:08:23,BetMGM,3.6,18.67,Edmonton Oilers,2025-10-21 19:36:50
Vancouver Canucks @ Pittsburgh Penguins,NHL,Pittsburgh Penguins,2025-10-21 19:08:05,Fanatics,2.0,2.34,Pittsburgh Penguins,2025-10-21 19:36:50
San Jose Sharks @ New York Islanders,NHL,San Jose Sharks,2025-10-21 19:08:18,DraftKings,13.0,16.5,New York Islanders,2025-10-21 20:47:37
Florida Panthers @ Boston Bruins,NHL,Boston Bruins,2025-10-21 19:38:50,FanDuel,7.0,16.09,Florida Panthers,2025-10-21 20:47:37
New Jersey Devils @ Toronto Maple Leafs,NHL,Toronto Maple Leafs,2025-10-21 19:08:03,Fanatics,9.0,12.68,New Jersey Devils,2025-10-21 20:47:37
Columbus Blue Jackets @ Dallas Stars,NHL,Dallas Stars,2025-10-21 20:08:37,DraftKings,3.6,10.47,Columbus Blue Jackets,2025-10-21 20:47:37
Houston Rockets @ Oklahoma City Thunder,NBA,Oklahoma City Thunder,2025-10-21 19:43:24,DraftKings,2.3,9.51,Oklahoma City Thunder,2025-10-21 20:47:37
Colorado Avalanche @ Utah Mammoth,NHL,Colorado Avalanche,2025-10-21 22:20:46,BetMGM,6.25,17.81,Utah Mammoth,2025-10-22 00:43:00
Hanwha Eagles @ Samsung Lions,KBO,Samsung Lions,2025-10-22 05:31:00,FanDuel,6.6,44.57,Samsung Lions,2025-10-22 07:09:01
Toronto Raptors @ Atlanta Hawks,NBA,Toronto Raptors,2025-10-22 19:40:00,DraftKings,3.4,14.15,Toronto Raptors,2025-10-22 19:35:13
Miami Heat @ Orlando Magic,NBA,Miami Heat,2025-10-22 19:14:53,Caesars,3.0,7.77,Orlando Magic,2025-10-22 19:35:13
Cleveland Cavaliers @ New York Knicks,NBA,Cleveland Cavaliers,2025-10-22 19:13:20,Caesars,2.6,2.91,New York Knicks,2025-10-22 19:35:13
Detroit Pistons @ Chicago Bulls,NBA,Detroit Pistons,2025-10-22 20:13:55,BetMGM,4.5,13.9,Chicago Bulls,2025-10-22 20:45:43
New Orleans Pelicans @ Memphis Grizzlies,NBA,Memphis Grizzlies,2025-10-22 20:12:46,Caesars,2.25,9.35,Memphis Grizzlies,2025-10-22 20:45:43
Los Angeles Clippers @ Utah Jazz,NBA,Utah Jazz,2025-10-22 21:10:00,DraftKings,4.7,3.16,Utah Jazz,2025-10-22 20:45:43
San Antonio Spurs @ Dallas Mavericks,NBA,San Antonio Spurs,2025-10-22 21:50:00,Caesars,2.85,8.41,San Antonio Spurs,2025-10-22 22:20:34
Sacramento Kings @ Phoenix Suns,NBA,Sacramento Kings,2025-10-22 22:12:00,Fanatics,2.85,3.5,Phoenix Suns,2025-10-22 22:20:34
Missouri State Bears @ New Mexico State Aggies,NCAAF,New Mexico State Aggies,2025-10-22 21:02:55,Fanatics,7.8,23.78,Missouri State Bears,2025-10-22 23:24:33
Minnesota Timberwolves @ Portland Trail Blazers,NBA,Portland Trail Blazers,2025-10-22 22:17:00,Caesars,2.2,3.11,Minnesota Timberwolves,2025-10-22 23:24:33
Chicago Blackhawks @ Tampa Bay Lightning,NHL,Chicago Blackhawks,2025-10-23 18:51:15,FanDuel,3.3,15.95,Chicago Blackhawks,2025-10-23 19:09:13
San Jose Sharks @ New York Rangers,NHL,San Jose Sharks,2025-10-23 19:08:47,DraftKings,2.3,19.05,San Jose Sharks,2025-10-23 19:35:04
Philadelphia Flyers @ Ottawa Senators,NHL,Philadelphia Flyers,2025-10-23 19:08:48,BetMGM,2.4,6.15,Ottawa Senators,2025-10-23 19:35:04
Utah Mammoth @ St Louis Blues,NHL,St Louis Blues,2025-10-23 20:08:32,Fanatics,18.0,153.21,Utah Mammoth,2025-10-23 20:42:42
Anaheim Ducks @ Boston Bruins,NHL,Boston Bruins,2025-10-23 19:11:14,FanDuel,3.4,24.26,Anaheim Ducks,2025-10-23 20:42:42
Pittsburgh Penguins @ Florida Panthers,NHL,Florida Panthers,2025-10-23 19:13:11,BetMGM,5.5,19.87,Pittsburgh Penguins,2025-10-23 20:42:42
Minnesota Vikings @ Los Angeles Chargers,NFL,Minnesota Vikings,2025-10-23 20:16:00,Fanatics,4.3,6.61,Los Angeles Chargers,2025-10-23 20:42:42
Vancouver Canucks @ Nashville Predators,NHL,Vancouver Canucks,2025-10-23 20:08:39,BetMGM,6.75,43.26,Nashville Predators,2025-10-23 22:17:10
Oklahoma City Thunder @ Indiana Pacers,NBA,Indiana Pacers,2025-10-23 19:45:08,BetMGM,4.75,39.57,Oklahoma City Thunder,2025-10-23 22:17:10
Seattle Kraken @ Winnipeg Jets,NHL,Winnipeg Jets,2025-10-23 20:08:44,FanDuel,3.8,7.74,Seattle Kraken,2025-10-23 22:17:10
Carolina Hurricanes @ Colorado Avalanche,NHL,Colorado Avalanche,2025-10-23 21:15:33,FanDuel,9.0,3.61,Carolina Hurricanes,2025-10-23 22:17:10
Los Angeles Kings @ Dallas Stars,NHL,Dallas Stars,2025-10-23 21:15:41,Fanatics,2.85,2.62,Los Angeles Kings,2025-10-23 22:17:10
Montréal Canadiens @ Edmonton Oilers,NHL,Edmonton Oilers,2025-10-23 21:09:28,Fanatics,7.0,34.97,Edmonton Oilers,2025-10-23 23:12:58
Denver Nuggets @ Golden State Warriors,NBA,Golden State Warriors,2025-10-23 22:19:01,FanDuel,4.3,2.41,Golden State Warriors,2025-10-23 23:12:58
Samsung Lions @ Hanwha Eagles,KBO,Samsung Lions,2025-10-24 05:31:21,Caesars,3.8,3.7,Hanwha Eagles,2025-10-24 05:55:06
West Ham United @ Leeds United,EPL,West Ham United,2025-10-24 15:01:00,BetMGM,31.0,5.63,Leeds United,2025-10-24 15:28:26
Milwaukee Bucks @ Toronto Raptors,NBA,Milwaukee Bucks,2025-10-24 18:45:00,Fanatics,2.4,3.94,Milwaukee Bucks,2025-10-24 18:55:03
Atlanta Hawks @ Orlando Magic,NBA,Atlanta Hawks,2025-10-24 19:11:03,FanDuel,3.4,9.47,Atlanta Hawks,2025-10-24 19:19:34
Cleveland Cavaliers @ Brooklyn Nets,NBA,Brooklyn Nets,2025-10-24 19:43:29,Caesars,7.4,10.32,Cleveland Cavaliers,2025-10-24 19:48:25
Boston Celtics @ New York Knicks,NBA,Boston Celtics,2025-10-24 19:43:11,BetMGM,12.0,10.49,New York Knicks,2025-10-24 21:41:07
San Antonio Spurs @ New Orleans Pelicans,NBA,New Orleans Pelicans,2025-10-24 20:11:13,Fanatics,4.3,9.49,San Antonio Spurs,2025-10-24 21:41:07
Calgary Stampeders @ Edmonton Elks,CFL,Edmonton Elks,2025-10-24 21:35:00,DraftKings,3.2,6.42,Calgary Stampeders,2025-10-24 21:41:07
Boise State Broncos @ Nevada Wolf Pack,NCAAF,Nevada Wolf Pack,2025-10-24 22:00:00,FanDuel,11.4,6.19,Boise State Broncos,2025-10-24 21:41:07
Detroit Pistons @ Houston Rockets,NBA,Houston Rockets,2025-10-24 20:12:46,Caesars,10.0,151.7,Detroit Pistons,2025-10-24 22:51:17
Minnesota Timberwolves @ Los Angeles Lakers,NBA,Minnesota Timberwolves,2025-10-24 22:17:55,DraftKings,1.74,2.63,Los Angeles Lakers,2025-10-24 22:51:17
Phoenix Suns @ Los Angeles Clippers,NBA,Phoenix Suns,2025-10-24 22:43:33,Fanatics,9.0,33.48,Los Angeles Clippers,2025-10-24 23:27:30
Golden State Warriors @ Portland Trail Blazers,NBA,Golden State Warriors,2025-10-24 22:12:47,Caesars,3.3,12.98,Portland Trail Blazers,2025-10-24 23:27:30
Utah Jazz @ Sacramento Kings,NBA,Sacramento Kings,2025-10-24 22:11:37,DraftKings,1.91,2.63,Sacramento Kings,2025-10-24 23:27:30
Fulham @ Newcastle United,EPL,Fulham,2025-10-25 10:00:00,BetMGM,12.5,24.55,Newcastle United,2025-10-25 10:32:19
UCLA Bruins @ Indiana Hoosiers,NCAAF,UCLA Bruins,2025-10-25 12:00:00,FanDuel,17.0,7.73,Indiana Hoosiers,2025-10-25 11:56:32
Brighton and Hove Albion @ Manchester United,EPL,Brighton and Hove Albion,2025-10-25 12:30:00,DraftKings,7.5,34.6,Manchester United,2025-10-25 12:58:09
Auburn Tigers @ Arkansas Razorbacks,NCAAF,Arkansas Razorbacks,2025-10-25 12:47:35,FanDuel,1.98,3.83,Auburn Tigers,2025-10-25 12:58:09
Florida Atlantic Owls @ Navy Midshipmen,NCAAF,Florida Atlantic Owls,2025-10-25 15:30:00,DraftKings,5.9,4.6,Navy Midshipmen,2025-10-25 15:16:00
UMass Minutemen @ Central Michigan Chippewas,NCAAF,UMass Minutemen,2025-10-25 15:32:29,DraftKings,7.5,6.78,Central Michigan Chippewas,2025-10-25 15:34:57
NC State Wolfpack @ Pittsburgh Panthers,NCAAF,NC State Wolfpack,2025-10-25 15:35:12,DraftKings,5.7,54.9,Pittsburgh Panthers,2025-10-25 15:42:19
Ball State Cardinals @ Northern Illinois Huskies,NCAAF,Ball State Cardinals,2025-10-25 15:32:49,DraftKings,5.5,31.47,Northern Illinois Huskies,2025-10-25 15:42:19
BYU Cougars @ Iowa State Cyclones,NCAAF,BYU Cougars,2025-10-25 15:36:21,Caesars,3.0,10.0,BYU Cougars,2025-10-25 15:42:19
Temple Owls @ Tulsa Golden Hurricane,NCAAF,Temple Owls,2025-10-25 15:32:23,Caesars,1.71,2.68,Temple Owls,2025-10-25 15:42:19
Illinois Fighting Illini @ Washington Huskies,NCAAF,Illinois Fighting Illini,2025-10-25 15:40:54,BetMGM,3.5,19.17,Washington Huskies,2025-10-25 15:50:08
Liverpool @ Brentford,EPL,Liverpool,2025-10-25 14:59:00,FanDuel,4.1,2.85,Brentford,2025-10-25 16:22:30
Chicago Bulls @ Orlando Magic,NBA,Chicago Bulls,2025-10-25 19:11:05,Caesars,3.3,3.28,Chicago Bulls,2025-10-25 19:18:25
Charlotte Hornets @ Philadelphia 76ers,NBA,Charlotte Hornets,2025-10-25 19:42:00,FanDuel,3.4,6.02,Philadelphia 76ers,2025-10-25 19:48:18
Oklahoma City Thunder @ Atlanta Hawks,NBA,Atlanta Hawks,2025-10-25 19:40:31,DraftKings,4.0,2.46,Oklahoma City Thunder,2025-10-25 19:48:18
Indiana Pacers @ Memphis Grizzlies,NBA,Indiana Pacers,2025-10-25 20:11:00,FanDuel,16.0,27.01,Memphis Grizzlies,2025-10-25 21:49:33
Phoenix Suns @ Denver Nuggets,NBA,Phoenix Suns,2025-10-25 21:13:37,FanDuel,9.0,12.3,Denver Nuggets,2025-10-25 21:49:33
Hanshin Tigers @ Fukuoka SoftBank Hawks,NPB,Fukuoka SoftBank Hawks,2025-10-26 05:30:00,FanDuel,2.82,20.26,Fukuoka SoftBank Hawks,2025-10-26 05:40:46
Crystal Palace @ Arsenal,EPL,Crystal Palace,2025-10-26 10:00:00,DraftKings,9.0,2.27,Arsenal,2025-10-26 09:41:47
Burnley @ Wolverhampton Wanderers,EPL,Burnley,2025-10-26 10:00:00,Caesars,3.7,45.72,Burnley,2025-10-26 10:18:37
Nottingham Forest @ Bournemouth,EPL,Nottingham Forest,2025-10-26 10:01:00,FanDuel,10.5,27.63,Bournemouth,2025-10-26 10:32:39
Manchester City @ Aston Villa,EPL,Manchester City,2025-10-26 10:00:00,DraftKings,7.5,9.53,Aston Villa,2025-10-26 11:31:26
Cleveland Browns @ New England Patriots,NFL,Cleveland Browns,2025-10-26 13:02:47,Caesars,4.2,7.2,New England Patriots,2025-10-26 13:17:49
Colorado Avalanche @ New Jersey Devils,NHL,Colorado Avalanche,2025-10-26 13:08:06,DraftKings,5.0,22.08,New Jersey Devils,2025-10-26 13:31:29
San Francisco 49ers @ Houston Texans,NFL,San Francisco 49ers,2025-10-26 13:03:11,DraftKings,3.5,9.41,Houston Texans,2025-10-26 13:31:29
New York Jets @ Cincinnati Bengals,NFL,New York Jets,2025-10-26 13:02:51,Caesars,6.5,3.23,New York Jets,2025-10-26 13:31:29
Miami Dolphins @ Atlanta Falcons,NFL,Atlanta Falcons,2025-10-26 13:02:37,Fanatics,1.71,2.02,Miami Dolphins,2025-10-26 13:31:29
Buffalo Bills @ Carolina Panthers,NFL,Carolina Panthers,2025-10-26 13:02:57,Caesars,7.5,23.82,Buffalo Bills,2025-10-26 13:41:16
New York Giants @ Philadelphia Eagles,NFL,New York Giants,2025-10-26 13:02:47,BetMGM,4.33,3.79,Philadelphia Eagles,2025-10-26 13:41:16
Chicago Bears @ Baltimore Ravens,NFL,Chicago Bears,2025-10-26 13:02:19,FanDuel,2.4,7.1,Baltimore Ravens,2025-10-26 13:48:49
Brooklyn Nets @ San Antonio Spurs,NBA,Brooklyn Nets,2025-10-26 14:12:00,FanDuel,5.5,16.04,San Antonio Spurs,2025-10-26 14:29:28
Boston Celtics @ Detroit Pistons,NBA,Detroit Pistons,2025-10-26 15:44:38,FanDuel,2.32,9.49,Detroit Pistons,2025-10-26 15:51:46
Tennessee Titans @ Indianapolis Colts,NFL,Tennessee Titans,2025-10-26 16:25:00,DraftKings,10.5,2.49,Indianapolis Colts,2025-10-26 15:59:01
Dallas Cowboys @ Denver Broncos,NFL,Denver Broncos,2025-10-26 16:25:25,FanDuel,2.0,5.46,Denver Broncos,2025-10-26 16:36:41
Tampa Bay Buccaneers @ New Orleans Saints,NFL,New Orleans Saints,2025-10-26 16:05:40,BetMGM,3.2,3.53,Tampa Bay Buccaneers,2025-10-26 16:36:41
Vegas Golden Knights @ Tampa Bay Lightning,NHL,Vegas Golden Knights,2025-10-26 17:09:08,BetMGM,3.25,26.36,Tampa Bay Lightning,2025-10-26 17:18:45
San Jose Sharks @ Minnesota Wild,NHL,Minnesota Wild,2025-10-26 18:08:46,DraftKings,2.1,7.7,San Jose Sharks,2025-10-26 18:20:09
Charlotte Hornets @ Washington Wizards,NBA,Charlotte Hornets,2025-10-26 18:16:00,Caesars,2.45,4.54,Charlotte Hornets,2025-10-26 18:20:09
Los Angeles Kings @ Chicago Blackhawks,NHL,Los Angeles Kings,2025-10-26 19:08:57,BetMGM,2.3,28.11,Los Angeles Kings,2025-10-26 19:19:26
Utah Mammoth @ Winnipeg Jets,NHL,Winnipeg Jets,2025-10-26 18:08:41,BetMGM,1.74,21.99,Utah Mammoth,2025-10-26 19:19:26
Milwaukee Bucks @ Cleveland Cavaliers,NBA,Milwaukee Bucks,2025-10-26 18:12:09,BetMGM,6.25,13.77,Cleveland Cavaliers,2025-10-26 19:19:26
Indiana Pacers @ Minnesota Timberwolves,NBA,Indiana Pacers,2025-10-26 19:13:00,BetMGM,7.0,9.04,Minnesota Timberwolves,2025-10-26 19:19:26
New York Knicks @ Miami Heat,NBA,Miami Heat,2025-10-26 18:14:21,Fanatics,2.4,3.04,Miami Heat,2025-10-26 19:41:34
Toronto Raptors @ Dallas Mavericks,NBA,Toronto Raptors,2025-10-26 19:43:00,DraftKings,2.05,2.01,Dallas Mavericks,2025-10-26 19:49:40
Los Angeles Lakers @ Sacramento Kings,NBA,Los Angeles Lakers,2025-10-26 21:10:30,Fanatics,2.85,13.99,Los Angeles Lakers,2025-10-26 21:53:42
Edmonton Oilers @ Vancouver Canucks,NHL,Edmonton Oilers,2025-10-26 22:08:10,FanDuel,5.2,6.43,Vancouver Canucks,2025-10-26 23:22:26
Hanwha Eagles @ LG Twins,KBO,LG Twins,2025-10-27 05:30:27,FanDuel,3.85,32.1,LG Twins,2025-10-27 05:43:37
Orlando Magic @ Philadelphia 76ers,NBA,Orlando Magic,2025-10-27 19:10:39,FanDuel,1.76,4.26,Philadelphia 76ers,2025-10-27 19:19:48
Cleveland Cavaliers @ Detroit Pistons,NBA,Detroit Pistons,2025-10-27 19:13:09,FanDuel,2.4,15.66,Cleveland Cavaliers,2025-10-27 19:30:47
Toronto Raptors @ San Antonio Spurs,NBA,Toronto Raptors,2025-10-27 20:14:00,DraftKings,13.0,27.56,San Antonio Spurs,2025-10-27 21:43:32
Atlanta Hawks @ Chicago Bulls,NBA,Atlanta Hawks,2025-10-27 20:10:13,FanDuel,3.8,18.38,Chicago Bulls,2025-10-27 21:43:32
Oklahoma City Thunder @ Dallas Mavericks,NBA,Dallas Mavericks,2025-10-27 20:41:00,FanDuel,6.0,7.95,Oklahoma City Thunder,2025-10-27 21:43:32
Boston Celtics @ New Orleans Pelicans,NBA,New Orleans Pelicans,2025-10-27 20:10:51,BetMGM,7.25,5.13,Boston Celtics,2025-10-27 21:43:32
Phoenix Suns @ Utah Jazz,NBA,Phoenix Suns,2025-10-27 21:11:37,Fanatics,8.0,37.86,Utah Jazz,2025-10-27 22:59:32
Portland Trail Blazers @ Los Angeles Lakers,NBA,Portland Trail Blazers,2025-10-27 22:41:00,FanDuel,1.96,2.82,Portland Trail Blazers,2025-10-27 22:59:32
Toronto Blue Jays @ Los Angeles Dodgers,MLB,Toronto Blue Jays,2025-10-27 20:06:00,Caesars,2.35,2.22,Los Angeles Dodgers,2025-10-27 22:59:32
Denver Nuggets @ Minnesota Timberwolves,NBA,Minnesota Timberwolves,2025-10-27 21:42:00,BetMGM,6.5,20.14,Denver Nuggets,2025-10-27 23:42:06
Memphis Grizzlies @ Golden State Warriors,NBA,Memphis Grizzlies,2025-10-27 22:11:13,DraftKings,6.0,3.97,Golden State Warriors,2025-10-27 23:42:06
Anadolu Efes @ Paris Basketball,Basketball Euroleague,Paris Basketball,2025-10-28 15:45:00,DraftKings,2.24,10.33,Anadolu Efes SK,2025-10-28 15:56:25
Philadelphia 76ers @ Washington Wizards,NBA,Washington Wizards,2025-10-28 19:11:00,Caesars,2.85,4.2,Philadelphia 76ers,2025-10-28 19:20:15
UTEP Miners @ Kennesaw State Owls,NCAAF,UTEP Miners,2025-10-28 20:00:00,FanDuel,4.85,3.42,Kennesaw State Owls,2025-10-28 19:42:27
Sacramento Kings @ Oklahoma City Thunder,NBA,Oklahoma City Thunder,2025-10-28 20:12:00,FanDuel,1.82,12.13,Oklahoma City Thunder,2025-10-28 21:50:23
Tampa Bay Lightning @ Nashville Predators,NHL,Nashville Predators,2025-10-28 19:53:59,Fanatics,14.0,6.05,Tampa Bay Lightning,2025-10-28 21:50:23
New York Knicks @ Milwaukee Bucks,NBA,Milwaukee Bucks,2025-10-28 20:13:09,BetMGM,2.54,4.97,Milwaukee Bucks,2025-10-28 21:50:23
Los Angeles Clippers @ Golden State Warriors,NBA,Los Angeles Clippers,2025-10-28 23:13:31,Caesars,3.4,9.85,Golden State Warriors,2025-10-28 23:53:33
LG Twins @ Hanwha Eagles,KBO,LG Twins,2025-10-29 05:30:00,BetMGM,2.55,4.64,Hanwha Eagles,2025-10-29 04:31:28
Houston Rockets @ Toronto Raptors,NBA,Houston Rockets,2025-10-29 18:42:00,DraftKings,1.6,6.36,Houston Rockets,2025-10-29 18:47:38
Orlando Magic @ Detroit Pistons,NBA,Detroit Pistons,2025-10-29 19:10:00,FanDuel,2.9,18.59,Detroit Pistons,2025-10-29 19:20:41
Atlanta Hawks @ Brooklyn Nets,NBA,Brooklyn Nets,2025-10-29 19:41:12,Caesars,3.7,15.95,Atlanta Hawks,2025-10-29 19:44:05
Cleveland Cavaliers @ Boston Celtics,NBA,Cleveland Cavaliers,2025-10-29 19:13:00,FanDuel,2.0,4.29,Boston Celtics,2025-10-29 19:59:19
New Orleans Pelicans @ Denver Nuggets,NBA,New Orleans Pelicans,2025-10-29 21:10:36,BetMGM,20.0,55.62,Denver Nuggets,2025-10-29 21:50:03
Los Angeles Lakers @ Minnesota Timberwolves,NBA,Los Angeles Lakers,2025-10-29 21:43:00,BetMGM,5.25,12.3,Los Angeles Lakers,2025-10-29 21:50:03
Sacramento Kings @ Chicago Bulls,NBA,Sacramento Kings,2025-10-29 20:11:00,Caesars,7.7,10.55,Chicago Bulls,2025-10-29 21:50:03
Indiana Pacers @ Dallas Mavericks,NBA,Indiana Pacers,2025-10-29 20:41:00,DraftKings,2.14,3.31,Dallas Mavericks,2025-10-29 21:50:03
Memphis Grizzlies @ Phoenix Suns,NBA,Memphis Grizzlies,2025-10-29 22:10:00,FanDuel,2.32,2.0,Memphis Grizzlies,2025-10-29 23:04:01
LG Twins @ Hanwha Eagles,KBO,LG Twins,2025-10-30 05:30:00,BetMGM,2.05,3.83,LG Twins,2025-10-30 03:50:52
Fukuoka SoftBank Hawks @ Hanshin Tigers,NPB,Hanshin Tigers,2025-10-30 05:00:00,BetMGM,1.95,2.52,Fukuoka SoftBank Hawks,2025-10-30 04:49:57
Dubai Basketball @ Valencia Basket,Basketball Euroleague,Valencia Basket,2025-10-30 15:30:00,BetMGM,1.71,11.47,Valencia Basket,2025-10-30 15:41:30
Orlando Magic @ Charlotte Hornets,NBA,Charlotte Hornets,2025-10-30 19:12:00,DraftKings,5.0,14.11,Orlando Magic,2025-10-30 19:56:14
Washington Wizards @ Oklahoma City Thunder,NBA,Washington Wizards,2025-10-30 20:10:00,Caesars,12.0,44.77,Oklahoma City Thunder,2025-10-30 21:46:26
Golden State Warriors @ Milwaukee Bucks,NBA,Milwaukee Bucks,2025-10-30 20:13:00,Caesars,3.8,37.06,Milwaukee Bucks,2025-10-30 21:46:26
Baltimore Ravens @ Miami Dolphins,NFL,Miami Dolphins,2025-10-30 20:16:07,DraftKings,8.0,11.49,Baltimore Ravens,2025-10-30 21:46:26
Miami Heat @ San Antonio Spurs,NBA,Miami Heat,2025-10-30 20:40:36,FanDuel,2.9,5.33,San Antonio Spurs,2025-10-30 21:46:26
LG Twins @ Hanwha Eagles,KBO,Hanwha Eagles,2025-10-31 05:30:00,BetMGM,3.1,11.43,LG Twins,2025-10-31 05:39:33
Colorado Avalanche @ Vegas Golden Knights,NHL,Vegas Golden Knights,2025-10-31 16:08:31,FanDuel,6.6,20.26,Colorado Avalanche,2025-10-31 17:18:11
Atlanta Hawks @ Indiana Pacers,NBA,Atlanta Hawks,2025-10-31 19:10:40,BetMGM,2.9,14.93,Atlanta Hawks,2025-10-31 19:19:44
Boston Celtics @ Philadelphia 76ers,NBA,Philadelphia 76ers,2025-10-31 19:12:51,FanDuel,4.0,15.76,Boston Celtics,2025-10-31 19:39:24
Toronto Raptors @ Cleveland Cavaliers,NBA,Cleveland Cavaliers,2025-10-31 19:41:52,Fanatics,4.75,45.51,Toronto Raptors,2025-10-31 21:49:53
New York Knicks @ Chicago Bulls,NBA,New York Knicks,2025-10-31 20:10:17,BetMGM,3.6,22.99,Chicago Bulls,2025-10-31 21:49:53
Los Angeles Dodgers @ Toronto Blue Jays,MLB,Toronto Blue Jays,2025-10-31 20:11:00,Caesars,5.0,10.99,Los Angeles Dodgers,2025-10-31 21:49:53
Los Angeles Lakers @ Memphis Grizzlies,NBA,Los Angeles Lakers,2025-10-31 21:42:49,DraftKings,2.1,5.33,Los Angeles Lakers,2025-10-31 21:49:53
Denver Nuggets @ Portland Trail Blazers,NBA,Portland Trail Blazers,2025-10-31 22:12:20,DraftKings,4.6,5.36,Portland Trail Blazers,2025-10-31 23:03:32
Utah Jazz @ Phoenix Suns,NBA,Utah Jazz,2025-10-31 22:10:56,DraftKings,17.0,37.54,Phoenix Suns,2025-10-31 23:47:01
New Orleans Pelicans @ Los Angeles Clippers,NBA,New Orleans Pelicans,2025-10-31 22:40:17,Caesars,8.0,45.71,Los Angeles Clippers,2025-10-31 23:59:11
Detroit Red Wings @ Anaheim Ducks,NHL,Detroit Red Wings,2025-10-31 22:08:18,FanDuel,3.9,2.96,Anaheim Ducks,2025-10-31 23:59:11
Arsenal @ Burnley,EPL,Burnley,2025-11-01 11:00:00,FanDuel,14.0,5.27,Arsenal,2025-11-01 10:32:35
Wolverhampton Wanderers @ Fulham,EPL,Wolverhampton Wanderers,2025-11-01 11:01:00,FanDuel,11.0,6.76,Fulham,2025-11-01 11:18:51
Brentford @ Crystal Palace,EPL,Brentford,2025-11-01 11:01:00,FanDuel,10.0,31.17,Crystal Palace,2025-11-01 11:39:57
Manchester United @ Nottingham Forest,EPL,Nottingham Forest,2025-11-01 11:00:00,FanDuel,9.0,23.56,Draw,2025-11-01 11:39:57
Leeds United @ Brighton and Hove Albion,EPL,Leeds United,2025-11-01 11:01:00,DraftKings,11.0,4.07,Brighton and Hove Albion,2025-11-01 11:39:57
Chelsea @ Tottenham Hotspur,EPL,Tottenham Hotspur,2025-11-01 13:30:00,DraftKings,10.0,8.37,Chelsea,2025-11-01 14:27:58
Carolina Hurricanes @ Boston Bruins,NHL,Carolina Hurricanes,2025-11-01 13:08:33,DraftKings,9.0,181.77,Boston Bruins,2025-11-01 14:58:47
Pittsburgh Penguins @ Winnipeg Jets,NHL,Pittsburgh Penguins,2025-11-01 15:08:42,BetMGM,6.25,70.27,Winnipeg Jets,2025-11-01 15:15:13
New Mexico State Aggies @ Western Kentucky Hilltoppers,NCAAF,New Mexico State Aggies,2025-11-01 15:32:21,FanDuel,4.4,16.6,Western Kentucky Hilltoppers,2025-11-01 15:40:19
Old Dominion Monarchs @ UL Monroe Warhawks,NCAAF,UL Monroe Warhawks,2025-11-01 15:30:00,Caesars,6.5,7.04,Old Dominion Monarchs,2025-11-01 15:40:19
Fresno State Bulldogs @ Boise State Broncos,NCAAF,Fresno State Bulldogs,2025-11-01 15:30:00,Caesars,7.5,6.72,Fresno State Bulldogs,2025-11-01 15:40:19
Louisiana Ragin Cajuns @ South Alabama Jaguars,NCAAF,Louisiana Ragin Cajuns,2025-11-01 15:30:00,Caesars,2.5,2.64,Louisiana Ragin Cajuns,2025-11-01 15:40:19
Virginia Cavaliers @ California Golden Bears,NCAAF,California Golden Bears,2025-11-01 15:50:00,FanDuel,3.8,19.34,Virginia Cavaliers,2025-11-01 15:55:08
Colorado Avalanche @ San Jose Sharks,NHL,San Jose Sharks,2025-11-01 16:08:27,FanDuel,4.5,14.77,San Jose Sharks,2025-11-01 16:21:17
Calgary Flames @ Nashville Predators,NHL,Calgary Flames,2025-11-01 15:38:40,FanDuel,11.0,10.7,Nashville Predators,2025-11-01 16:21:17
Aston Villa @ Liverpool,EPL,Aston Villa,2025-11-01 16:01:00,FanDuel,13.0,65.14,Liverpool,2025-11-01 16:49:51
Sacramento Kings @ Milwaukee Bucks,NBA,Sacramento Kings,2025-11-01 17:11:00,BetMGM,5.25,25.84,Sacramento Kings,2025-11-01 17:17:29
Calgary Stampeders @ BC Lions,CFL,Calgary Stampeders,2025-11-01 17:35:00,DraftKings,4.1,11.66,BC Lions,2025-11-01 17:43:47
Minnesota Timberwolves @ Charlotte Hornets,NBA,Charlotte Hornets,2025-11-01 18:11:00,FanDuel,3.3,4.3,Minnesota Timberwolves,2025-11-01 18:19:02
Washington Capitals @ Buffalo Sabres,NHL,Buffalo Sabres,2025-11-01 19:13:48,Fanatics,4.0,40.94,Buffalo Sabres,2025-11-01 19:19:14
Toronto Maple Leafs @ Philadelphia Flyers,NHL,Toronto Maple Leafs,2025-11-01 19:15:43,BetMGM,2.65,15.56,Toronto Maple Leafs,2025-11-01 19:19:14
Orlando Magic @ Washington Wizards,NBA,Washington Wizards,2025-11-01 19:11:00,DraftKings,4.4,3.32,Orlando Magic,2025-11-01 19:19:14
Dallas Stars @ Florida Panthers,NHL,Dallas Stars,2025-11-01 18:08:53,BetMGM,7.75,3.27,Florida Panthers,2025-11-01 19:19:14
Golden State Warriors @ Indiana Pacers,NBA,Indiana Pacers,2025-11-01 19:11:00,BetMGM,5.75,9.13,Indiana Pacers,2025-11-01 19:29:57
Ottawa Senators @ Montréal Canadiens,NHL,Ottawa Senators,2025-11-01 19:16:23,DraftKings,4.7,10.51,Montreal Canadiens,2025-11-01 19:40:42
Vancouver Canucks @ Minnesota Wild,NHL,Vancouver Canucks,2025-11-01 19:15:46,BetMGM,3.9,11.81,Minnesota Wild,2025-11-01 19:48:27
Los Angeles Dodgers @ Toronto Blue Jays,MLB,Los Angeles Dodgers,2025-11-01 20:10:13,Fanatics,4.9,10.14,Los Angeles Dodgers,2025-11-01 21:52:07
Chicago Blackhawks @ Edmonton Oilers,NHL,Chicago Blackhawks,2025-11-01 22:11:40,BetMGM,5.0,36.55,Edmonton Oilers,2025-11-01 23:07:41
Dallas Mavericks @ Detroit Pistons,NBA,Dallas Mavericks,2025-11-01 22:20:00,Fanatics,2.75,9.59,Dallas Mavericks,2025-11-01 23:07:41
Newcastle United @ West Ham United,EPL,West Ham United,2025-11-02 09:00:00,FanDuel,11.0,22.01,West Ham United,2025-11-02 09:18:27
Bournemouth @ Manchester City,EPL,Bournemouth,2025-11-02 11:30:00,FanDuel,19.0,41.74,Manchester City,2025-11-02 11:49:47
Carolina Panthers @ Green Bay Packers,NFL,Carolina Panthers,2025-11-02 13:00:00,DraftKings,7.5,3.8,Carolina Panthers,2025-11-02 12:17:33
Minnesota Vikings @ Detroit Lions,NFL,Minnesota Vikings,2025-11-02 13:00:00,Fanatics,5.25,2.06,Minnesota Vikings,2025-11-02 12:40:25
Atlanta Falcons @ New England Patriots,NFL,Atlanta Falcons,2025-11-02 13:02:21,Caesars,6.0,11.05,New England Patriots,2025-11-02 13:27:30
Los Angeles Chargers @ Tennessee Titans,NFL,Tennessee Titans,2025-11-02 13:02:45,FanDuel,5.5,10.85,Los Angeles Chargers,2025-11-02 13:27:30
Indianapolis Colts @ Pittsburgh Steelers,NFL,Pittsburgh Steelers,2025-11-02 13:02:29,FanDuel,4.6,7.3,Pittsburgh Steelers,2025-11-02 13:27:30
Denver Broncos @ Houston Texans,NFL,Denver Broncos,2025-11-02 13:02:56,FanDuel,2.82,6.64,Denver Broncos,2025-11-02 13:27:30
San Francisco 49ers @ New York Giants,NFL,New York Giants,2025-11-02 13:02:52,Fanatics,2.35,2.88,San Francisco 49ers,2025-11-02 13:27:30
Chicago Bears @ Cincinnati Bengals,NFL,Cincinnati Bengals,2025-11-02 13:02:36,DraftKings,3.0,6.98,Chicago Bears,2025-11-02 13:43:10
New Orleans Pelicans @ Oklahoma City Thunder,NBA,New Orleans Pelicans,2025-11-02 15:30:00,BetMGM,6.75,5.05,Oklahoma City Thunder,2025-11-02 15:21:36
Tampa Bay Lightning @ Utah Mammoth,NHL,Utah Mammoth,2025-11-02 15:38:50,Fanatics,2.1,7.38,Tampa Bay Lightning,2025-11-02 15:42:58
New Orleans Saints @ Los Angeles Rams,NFL,New Orleans Saints,2025-11-02 16:05:18,DraftKings,16.0,34.67,Los Angeles Rams,2025-11-02 16:17:54
Kansas City Chiefs @ Buffalo Bills,NFL,Kansas City Chiefs,2025-11-02 16:25:35,BetMGM,2.65,6.37,Buffalo Bills,2025-11-02 16:40:23
Columbus Blue Jackets @ New York Islanders,NHL,Columbus Blue Jackets,2025-11-02 17:08:36,FanDuel,2.96,15.69,New York Islanders,2025-11-02 17:19:20
Jacksonville Jaguars @ Las Vegas Raiders,NFL,Jacksonville Jaguars,2025-11-02 16:05:30,FanDuel,3.3,8.83,Jacksonville Jaguars,2025-11-02 17:19:20
Atlanta Hawks @ Cleveland Cavaliers,NBA,Atlanta Hawks,2025-11-02 18:11:08,BetMGM,5.75,26.05,Cleveland Cavaliers,2025-11-02 18:19:24
Memphis Grizzlies @ Toronto Raptors,NBA,Memphis Grizzlies,2025-11-02 18:12:00,DraftKings,3.0,3.22,Toronto Raptors,2025-11-02 18:19:24
Philadelphia 76ers @ Brooklyn Nets,NBA,Philadelphia 76ers,2025-11-02 18:10:58,DraftKings,1.74,2.9,Philadelphia 76ers,2025-11-02 18:19:24
Utah Jazz @ Charlotte Hornets,NBA,Utah Jazz,2025-11-02 18:10:22,FanDuel,2.5,2.99,Charlotte Hornets,2025-11-02 18:30:04
San Antonio Spurs @ Phoenix Suns,NBA,San Antonio Spurs,2025-11-02 20:11:00,Fanatics,2.4,4.55,Phoenix Suns,2025-11-02 20:51:22
Detroit Red Wings @ San Jose Sharks,NHL,Detroit Red Wings,2025-11-02 20:11:12,BetMGM,1.67,2.96,Detroit Red Wings,2025-11-02 22:09:05
Seattle Seahawks @ Washington Commanders,NFL,Washington Commanders,2025-11-02 20:22:51,Caesars,20.0,2.15,Seattle Seahawks,2025-11-02 22:09:05
Miami Heat @ Los Angeles Lakers,NBA,Miami Heat,2025-11-02 21:40:41,FanDuel,7.0,9.3,Los Angeles Lakers,2025-11-02 22:56:16
Dallas Mavericks @ Houston Rockets,NBA,Dallas Mavericks,2025-11-03 20:11:00,DraftKings,7.5,30.48,Houston Rockets,2025-11-03 20:47:06
Arizona Cardinals @ Dallas Cowboys,NFL,Arizona Cardinals,2025-11-03 20:15:45,Caesars,2.2,9.75,Arizona Cardinals,2025-11-03 20:47:06
Detroit Pistons @ Memphis Grizzlies,NBA,Memphis Grizzlies,2025-11-03 20:11:00,FanDuel,3.0,6.9,Detroit Pistons,2025-11-03 20:47:06
Sacramento Kings @ Denver Nuggets,NBA,Sacramento Kings,2025-11-03 21:10:29,DraftKings,10.0,11.19,Denver Nuggets,2025-11-03 22:02:49
Los Angeles Lakers @ Portland Trail Blazers,NBA,Los Angeles Lakers,2025-11-03 22:12:00,FanDuel,9.3,24.18,Los Angeles Lakers,2025-11-03 22:45:59
Miami Heat @ Los Angeles Clippers,NBA,Miami Heat,2025-11-03 22:41:00,Caesars,2.95,8.52,Miami Heat,2025-11-03 22:45:59
Philadelphia 76ers @ Chicago Bulls,NBA,Chicago Bulls,2025-11-04 20:11:00,DraftKings,6.75,14.44,Chicago Bulls,2025-11-04 20:48:11
Orlando Magic @ Atlanta Hawks,NBA,Orlando Magic,2025-11-04 20:12:00,BetMGM,3.1,7.73,Atlanta Hawks,2025-11-04 20:48:11
Southern Utah Thunderbirds @ Arizona St Sun Devils,NCAAB,Southern Utah Thunderbirds,2025-11-04 21:00:00,FanDuel,13.0,4.03,Arizona St Sun Devils,2025-11-04 20:48:11
Louisiana Tech Bulldogs @ Nevada Wolf Pack,NCAAB,Louisiana Tech Bulldogs,2025-11-04 22:00:00,FanDuel,4.85,2.4,Nevada Wolf Pack,2025-11-04 20:48:11
Charlotte Hornets @ New Orleans Pelicans,NBA,New Orleans Pelicans,2025-11-04 20:10:00,BetMGM,2.7,5.11,New Orleans Pelicans,2025-11-04 22:04:09
Portland St Vikings @ Stanford Cardinal,NCAAB,Stanford Cardinal,2025-11-04 22:00:00,Caesars,1.31,3.22,Stanford Cardinal,2025-11-04 22:04:09
Texas Longhorns @ Duke Blue Devils,NCAAB,Texas Longhorns,2025-11-04 20:55:58,BetMGM,3.8,2.55,Duke Blue Devils,2025-11-04 22:04:09
Edmonton Oilers @ Dallas Stars,NHL,Edmonton Oilers,2025-11-04 20:08:30,FanDuel,2.72,28.31,Dallas Stars,2025-11-04 22:48:52
Phoenix Suns @ Golden State Warriors,NBA,Phoenix Suns,2025-11-04 22:11:00,BetMGM,12.5,7.15,Golden State Warriors,2025-11-04 22:48:52
Hawai'i Rainbow Warriors @ Oregon Ducks,NCAAB,Hawai'i Rainbow Warriors,2025-11-04 22:37:23,FanDuel,7.8,8.54,Oregon Ducks,2025-11-04 23:01:17
Oklahoma City Thunder @ Los Angeles Clippers,NBA,Los Angeles Clippers,2025-11-04 23:14:00,BetMGM,2.75,4.55,Oklahoma City Thunder,2025-11-04 23:31:23
New Orleans Pelicans @ Dallas Mavericks,NBA,New Orleans Pelicans,2025-11-05 20:41:00,Caesars,3.15,7.58,New Orleans Pelicans,2025-11-05 20:53:14
South Carolina Upstate Spartans @ Fresno St Bulldogs,NCAAB,South Carolina Upstate Spartans,2025-11-05 21:00:00,FanDuel,5.4,2.99,South Carolina Upstate Spartans,2025-11-05 20:53:14
Eastern Washington Eagles @ Loyola Marymount Lions,NCAAB,Eastern Washington Eagles,2025-11-05 22:30:00,Caesars,5.3,12.0,Loyola Marymount Lions,2025-11-05 22:16:34
Oklahoma City Thunder @ Portland Trail Blazers,NBA,Portland Trail Blazers,2025-11-05 22:12:00,FanDuel,3.35,8.79,Portland Trail Blazers,2025-11-05 22:16:34
Golden State Warriors @ Sacramento Kings,NBA,Sacramento Kings,2025-11-05 22:10:31,FanDuel,2.14,6.81,Sacramento Kings,2025-11-05 22:16:34
Las Vegas Raiders @ Denver Broncos,NFL,Las Vegas Raiders,2025-11-06 20:16:50,Caesars,3.6,8.73,Denver Broncos,2025-11-06 22:03:12
Los Angeles Clippers @ Phoenix Suns,NBA,Phoenix Suns,2025-11-06 21:10:37,DraftKings,2.45,7.76,Phoenix Suns,2025-11-06 22:03:12
Wright St Raiders @ California Golden Bears,NCAAB,Wright St Raiders,2025-11-06 22:01:44,FanDuel,10.0,7.15,California Golden Bears,2025-11-06 22:03:12
Arkansas-Pine Bluff Golden Lions @ Portland Pilots,NCAAB,Arkansas-Pine Bluff Golden Lions,2025-11-06 22:35:00,FanDuel,8.3,2.25,Portland Pilots,2025-11-06 22:03:12
Real Madrid @ FC Barcelona Bàsquet,Basketball Euroleague,FC Barcelona Bàsquet,2025-11-07 14:31:00,DraftKings,2.24,3.41,Real Madrid Baloncesto,2025-11-07 14:40:25
Charlotte Hornets @ Miami Heat,NBA,Charlotte Hornets,2025-11-07 20:12:00,DraftKings,13.0,37.65,Miami Heat,2025-11-07 20:41:42
Chicago Bulls @ Milwaukee Bucks,NBA,Chicago Bulls,2025-11-07 20:11:00,DraftKings,2.7,5.49,Milwaukee Bucks,2025-11-07 20:41:42
Yale Bulldogs @ Navy Midshipmen,NCAAB,Navy Midshipmen,2025-11-07 21:04:54,BetMGM,12.0,45.86,Yale Bulldogs,2025-11-07 21:51:18
Northwestern Wildcats @ USC Trojans,NCAAF,Northwestern Wildcats,2025-11-07 21:05:56,BetMGM,8.25,10.3,USC Trojans,2025-11-07 21:51:18
Houston Cougars @ UCF Knights,NCAAF,Houston Cougars,2025-11-07 20:15:30,DraftKings,2.8,9.41,Houston Cougars,2025-11-07 21:51:18
Rice Owls @ Oregon Ducks,NCAAB,Rice Owls,2025-11-07 22:00:00,FanDuel,10.8,5.19,Oregon Ducks,2025-11-07 21:51:18
Tulane Green Wave @ Memphis Tigers,NCAAF,Memphis Tigers,2025-11-07 21:10:53,FanDuel,5.0,19.85,Tulane Green Wave,2025-11-07 22:28:11
Oklahoma City Thunder @ Sacramento Kings,NBA,Sacramento Kings,2025-11-07 22:11:00,FanDuel,6.0,11.22,Oklahoma City Thunder,2025-11-07 22:28:11
Golden State Warriors @ Denver Nuggets,NBA,Golden State Warriors,2025-11-07 22:13:00,Caesars,12.0,38.55,Denver Nuggets,2025-11-07 22:57:17
Manchester United @ Tottenham Hotspur,EPL,Tottenham Hotspur,2025-11-08 07:31:00,FanDuel,7.0,41.99,Draw,2025-11-08 08:04:17
Burnley @ West Ham United,EPL,Burnley,2025-11-08 10:00:00,Caesars,4.2,2.13,West Ham United,2025-11-08 10:31:19
SMU Mustangs @ Boston College Eagles,NCAAF,Boston College Eagles,2025-11-08 11:58:00,Fanatics,10.5,89.94,SMU Mustangs,2025-11-08 12:17:26
Southern Mississippi Golden Eagles @ Arkansas State Red Wolves,NCAAF,Arkansas State Red Wolves,2025-11-08 12:05:34,Caesars,4.2,53.16,Southern Mississippi Golden Eagles,2025-11-08 12:17:26
BYU Cougars @ Texas Tech Red Raiders,NCAAF,BYU Cougars,2025-11-08 12:08:25,DraftKings,6.5,24.61,Texas Tech Red Raiders,2025-11-08 12:17:26
Indiana Hoosiers @ Penn State Nittany Lions,NCAAF,Penn State Nittany Lions,2025-11-08 12:10:46,Caesars,5.3,12.11,Indiana Hoosiers,2025-11-08 12:17:26
Princeton Tigers @ Akron Zips,NCAAB,Princeton Tigers,2025-11-08 12:02:58,BetMGM,8.25,10.82,Akron Zips,2025-11-08 12:17:26
Alabama Crimson Tide @ St. John's Red Storm,NCAAB,Alabama Crimson Tide,2025-11-08 12:01:34,DraftKings,2.8,2.97,Alabama Crimson Tide,2025-11-08 12:17:26
Georgia Bulldogs @ Mississippi State Bulldogs,NCAAF,Mississippi State Bulldogs,2025-11-08 11:54:00,DraftKings,3.8,12.92,Georgia Bulldogs,2025-11-08 12:30:55
Arsenal @ Sunderland,EPL,Sunderland,2025-11-08 12:30:00,FanDuel,8.5,6.23,Draw,2025-11-08 12:40:34
Temple Owls @ Army Black Knights,NCAAF,Temple Owls,2025-11-08 12:04:00,BetMGM,2.3,3.14,Army Black Knights,2025-11-08 13:47:50
Milwaukee Panthers @ Wofford Terriers,NCAAB,Milwaukee Panthers,2025-11-08 14:01:39,DraftKings,4.1,34.72,Wofford Terriers,2025-11-08 14:16:22
Marshall Thundering Herd @ Toledo Rockets,NCAAB,Marshall Thundering Herd,2025-11-08 14:02:01,Caesars,3.6,32.35,Marshall Thundering Herd,2025-11-08 14:16:22
Texas State Bobcats @ Tulane Green Wave,NCAAB,Texas State Bobcats,2025-11-08 14:02:51,Caesars,5.0,16.41,Tulane Green Wave,2025-11-08 14:16:22
South Florida Bulls @ GW Revolutionaries,NCAAB,South Florida Bulls,2025-11-08 13:32:59,Fanatics,1.69,3.09,GW Revolutionaries,2025-11-08 14:16:22
Bowling Green Falcons @ Eastern Michigan Eagles,NCAAF,Bowling Green Falcons,2025-11-08 13:02:55,BetMGM,2.75,10.69,Eastern Michigan Eagles,2025-11-08 15:21:33
Wolverhampton Wanderers @ Chelsea,EPL,Wolverhampton Wanderers,2025-11-08 15:01:00,FanDuel,9.5,5.65,Chelsea,2025-11-08 15:21:33
Duke Blue Devils @ UConn Huskies,NCAAF,UConn Huskies,2025-11-08 15:35:00,BetMGM,6.25,34.78,UConn Huskies,2025-11-08 15:42:46
Kansas Jayhawks @ Arizona Wildcats,NCAAF,Kansas Jayhawks,2025-11-08 15:38:00,Caesars,2.85,7.56,Arizona Wildcats,2025-11-08 15:42:46
Texas A&M Aggies @ Missouri Tigers,NCAAF,Missouri Tigers,2025-11-08 11:41:00,DraftKings,4.5,9.7,Texas A&M Aggies,2025-11-08 16:17:50
Oregon Ducks @ Iowa Hawkeyes,NCAAF,Iowa Hawkeyes,2025-11-08 11:50:00,Caesars,4.5,9.07,Oregon Ducks,2025-11-08 16:28:34
Washington Huskies @ Wisconsin Badgers,NCAAF,Wisconsin Badgers,2025-11-08 12:59:00,FanDuel,4.9,7.63,Wisconsin Badgers,2025-11-08 16:47:51
Stanford Cardinal @ North Carolina Tar Heels,NCAAF,Stanford Cardinal,2025-11-08 12:59:00,FanDuel,3.9,2.85,North Carolina Tar Heels,2025-11-08 16:47:51
Auburn Tigers @ Vanderbilt Commodores,NCAAF,Auburn Tigers,2025-11-08 11:52:00,BetMGM,1.74,3.85,Vanderbilt Commodores,2025-11-08 17:57:39
BC Lions @ Saskatchewan Roughriders,CFL,BC Lions,2025-11-08 18:30:00,DraftKings,2.85,7.22,Saskatchewan Roughriders,2025-11-08 18:40:47
New Orleans Pelicans @ San Antonio Spurs,NBA,New Orleans Pelicans,2025-11-08 20:10:25,DraftKings,12.0,27.59,San Antonio Spurs,2025-11-08 20:50:54
Los Angeles Lakers @ Atlanta Hawks,NBA,Los Angeles Lakers,2025-11-08 20:10:23,BetMGM,2.4,5.02,Atlanta Hawks,2025-11-08 20:50:54
Sam Houston State Bearkats @ Oregon State Beavers,NCAAF,Sam Houston State Bearkats,2025-11-08 22:05:00,FanDuel,12.0,20.34,Sam Houston State Bearkats,2025-11-08 22:05:48
Cal Poly Mustangs @ Seattle Redhawks,NCAAB,Cal Poly Mustangs,2025-11-08 22:03:07,FanDuel,5.8,12.3,Cal Poly Mustangs,2025-11-08 22:05:48
Chicago Bulls @ Cleveland Cavaliers,NBA,Chicago Bulls,2025-11-08 20:11:00,FanDuel,2.76,8.51,Cleveland Cavaliers,2025-11-08 22:05:48
Pacific Tigers @ Nevada Wolf Pack,NCAAB,Pacific Tigers,2025-11-08 22:05:00,FanDuel,8.4,5.73,Nevada Wolf Pack,2025-11-08 22:05:48
Portland Trail Blazers @ Miami Heat,NBA,Portland Trail Blazers,2025-11-08 20:12:00,FanDuel,2.18,5.08,Miami Heat,2025-11-08 22:05:48
Oklahoma Sooners @ Gonzaga Bulldogs,NCAAB,Oklahoma Sooners,2025-11-08 22:30:00,Caesars,6.5,3.93,Gonzaga Bulldogs,2025-11-08 22:05:48
Indiana Pacers @ Denver Nuggets,NBA,Indiana Pacers,2025-11-08 21:11:00,FanDuel,10.0,21.98,Denver Nuggets,2025-11-08 22:49:41
Phoenix Suns @ Los Angeles Clippers,NBA,Los Angeles Clippers,2025-11-08 22:42:42,Fanatics,3.6,16.02,Phoenix Suns,2025-11-08 23:44:43
San Diego State Aztecs @ Hawaii Rainbow Warriors,NCAAF,San Diego State Aztecs,2025-11-08 23:07:52,FanDuel,2.62,9.7,Hawaii Rainbow Warriors,2025-11-08 23:44:43
Anaheim Ducks @ Vegas Golden Knights,NHL,Anaheim Ducks,2025-11-08 22:08:36,DraftKings,2.0,6.16,Anaheim Ducks,2025-11-09 00:55:02
Bournemouth @ Aston Villa,EPL,Bournemouth,2025-11-09 09:00:00,DraftKings,8.0,45.77,Aston Villa,2025-11-09 09:31:38
Newcastle United @ Brentford,EPL,Newcastle United,2025-11-09 09:00:00,Caesars,2.8,41.78,Brentford,2025-11-09 09:31:38
Leeds United @ Nottingham Forest,EPL,Leeds United,2025-11-09 09:01:00,DraftKings,4.5,3.1,Nottingham Forest,2025-11-09 09:31:38
Atlanta Falcons @ Indianapolis Colts,NFL,Atlanta Falcons,2025-11-09 09:35:08,Caesars,3.8,8.22,Indianapolis Colts,2025-11-09 09:41:01
Brighton and Hove Albion @ Crystal Palace,EPL,Draw,2025-11-09 09:00:00,Caesars,3.0,7.39,Draw,2025-11-09 09:48:44
Liverpool @ Manchester City,EPL,Liverpool,2025-11-09 11:30:00,DraftKings,10.5,24.83,Manchester City,2025-11-09 12:17:15
Western Michigan Broncos @ Campbell Fighting Camels,NCAAB,Western Michigan Broncos,2025-11-09 12:30:00,FanDuel,4.9,4.7,Campbell Fighting Camels,2025-11-09 12:17:15
North Carolina Central Eagles @ Appalachian St Mountaineers,NCAAB,North Carolina Central Eagles,2025-11-09 13:00:00,FanDuel,5.7,4.56,Appalachian St Mountaineers,2025-11-09 12:17:15
Chicago Blackhawks @ Detroit Red Wings,NHL,Chicago Blackhawks,2025-11-09 13:09:46,BetMGM,2.65,5.17,Chicago Blackhawks,2025-11-09 13:28:21
Jacksonville Jaguars @ Houston Texans,NFL,Houston Texans,2025-11-09 13:03:20,BetMGM,6.25,32.01,Houston Texans,2025-11-09 13:44:43
Buffalo Bills @ Miami Dolphins,NFL,Buffalo Bills,2025-11-09 13:03:02,FanDuel,1.93,6.99,Miami Dolphins,2025-11-09 13:44:43
Baltimore Ravens @ Minnesota Vikings,NFL,Baltimore Ravens,2025-11-09 13:02:49,DraftKings,2.3,4.42,Baltimore Ravens,2025-11-09 13:44:43
Indiana Hoosiers @ Marquette Golden Eagles,NCAAB,Marquette Golden Eagles,2025-11-09 13:00:00,DraftKings,7.5,31.53,Indiana Hoosiers,2025-11-09 13:55:14
New Orleans Saints @ Carolina Panthers,NFL,Carolina Panthers,2025-11-09 13:02:43,BetMGM,1.83,5.27,New Orleans Saints,2025-11-09 13:55:14
South Dakota St Jackrabbits @ Northern Iowa Panthers,NCAAB,South Dakota St Jackrabbits,2025-11-09 14:02:07,DraftKings,12.0,47.13,Northern Iowa Panthers,2025-11-09 14:16:18
Marist Red Foxes @ Dartmouth Big Green,NCAAB,Dartmouth Big Green,2025-11-09 14:04:22,DraftKings,3.6,39.45,Marist Red Foxes,2025-11-09 14:16:18
Cornell Big Red @ Illinois St Redbirds,NCAAB,Illinois St Redbirds,2025-11-09 14:02:48,BetMGM,1.95,2.72,Illinois St Redbirds,2025-11-09 14:16:18
New York Giants @ Chicago Bears,NFL,Chicago Bears,2025-11-09 13:03:06,Caesars,2.05,3.56,Chicago Bears,2025-11-09 14:25:15
New England Patriots @ Tampa Bay Buccaneers,NFL,Tampa Bay Buccaneers,2025-11-09 13:02:16,Caesars,2.65,2.91,New England Patriots,2025-11-09 14:34:01
Los Angeles Kings @ Pittsburgh Penguins,NHL,Pittsburgh Penguins,2025-11-09 14:08:18,BetMGM,2.5,4.01,Los Angeles Kings,2025-11-09 14:41:23
Texas A&M Aggies @ Oklahoma St Cowboys,NCAAB,Texas A&M Aggies,2025-11-09 14:00:00,DraftKings,4.4,31.02,Oklahoma St Cowboys,2025-11-09 14:49:07
Cleveland Browns @ New York Jets,NFL,New York Jets,2025-11-09 13:02:35,DraftKings,2.3,3.33,New York Jets,2025-11-09 14:56:22
Houston Rockets @ Milwaukee Bucks,NBA,Milwaukee Bucks,2025-11-09 15:40:57,BetMGM,3.1,7.44,Houston Rockets,2025-11-09 15:51:06
Detroit Lions @ Washington Commanders,NFL,Washington Commanders,2025-11-09 16:25:00,DraftKings,4.8,3.12,Detroit Lions,2025-11-09 15:58:50
Arizona Cardinals @ Seattle Seahawks,NFL,Arizona Cardinals,2025-11-09 16:06:09,DraftKings,11.0,96.31,Seattle Seahawks,2025-11-09 16:18:20
Los Angeles Rams @ San Francisco 49ers,NFL,San Francisco 49ers,2025-11-09 16:25:29,BetMGM,5.5,14.61,Los Angeles Rams,2025-11-09 16:40:11
Brooklyn Nets @ New York Knicks,NBA,Brooklyn Nets,2025-11-09 18:11:45,DraftKings,16.0,41.86,New York Knicks,2025-11-09 18:19:40
Oklahoma City Thunder @ Memphis Grizzlies,NBA,Memphis Grizzlies,2025-11-09 18:11:00,DraftKings,7.0,23.86,Oklahoma City Thunder,2025-11-09 18:19:40
Boston Celtics @ Orlando Magic,NBA,Boston Celtics,2025-11-09 18:11:00,FanDuel,3.3,8.63,Boston Celtics,2025-11-09 18:19:40
Indiana Pacers @ Golden State Warriors,NBA,Indiana Pacers,2025-11-09 20:43:00,FanDuel,8.5,14.09,Golden State Warriors,2025-11-09 20:52:44
Colorado Avalanche @ Vancouver Canucks,NHL,Vancouver Canucks,2025-11-09 22:08:07,FanDuel,4.3,22.39,Colorado Avalanche,2025-11-09 22:21:44
Calgary Flames @ Minnesota Wild,NHL,Calgary Flames,2025-11-09 20:08:41,FanDuel,6.6,15.76,Minnesota Wild,2025-11-09 22:21:44
Minnesota Timberwolves @ Sacramento Kings,NBA,Sacramento Kings,2025-11-09 21:10:00,FanDuel,9.7,12.36,Minnesota Timberwolves,2025-11-09 22:21:44
Pittsburgh Steelers @ Los Angeles Chargers,NFL,Pittsburgh Steelers,2025-11-09 20:24:12,FanDuel,7.0,8.97,Los Angeles Chargers,2025-11-09 22:21:44
Winnipeg Jets @ Anaheim Ducks,NHL,Winnipeg Jets,2025-11-09 22:10:38,Fanatics,4.5,15.55,Anaheim Ducks,2025-11-09 22:59:52
San Antonio Spurs @ Chicago Bulls,NBA,Chicago Bulls,2025-11-10 20:11:00,Caesars,3.6,11.64,San Antonio Spurs,2025-11-10 20:49:19
Milwaukee Bucks @ Dallas Mavericks,NBA,Dallas Mavericks,2025-11-10 20:40:21,FanDuel,3.1,8.94,Milwaukee Bucks,2025-11-10 20:49:19
Minnesota Timberwolves @ Utah Jazz,NBA,Utah Jazz,2025-11-10 21:11:03,Caesars,3.4,14.67,Minnesota Timberwolves,2025-11-10 22:06:05
Philadelphia Eagles @ Green Bay Packers,NFL,Philadelphia Eagles,2025-11-10 20:16:24,BetMGM,1.85,2.17,Philadelphia Eagles,2025-11-10 22:06:05
Atlanta Hawks @ Los Angeles Clippers,NBA,Atlanta Hawks,2025-11-10 22:41:27,Caesars,3.8,15.15,Atlanta Hawks,2025-11-10 22:51:32
Iona Gaels @ UMKC Kangaroos,NCAAB,UMKC Kangaroos,2025-11-11 13:00:00,Caesars,2.96,2.1,Iona Gaels,2025-11-11 11:29:34
Real Madrid @ Valencia Basket,Basketball Euroleague,Valencia Basket,2025-11-11 14:30:00,BetMGM,2.54,9.04,Valencia Basket,2025-11-11 14:40:51
Golden State Warriors @ Oklahoma City Thunder,NBA,Golden State Warriors,2025-11-11 20:10:50,DraftKings,10.0,41.52,Oklahoma City Thunder,2025-11-11 20:48:20
Calgary Flames @ St Louis Blues,NHL,Calgary Flames,2025-11-11 20:10:04,DraftKings,6.5,34.78,St Louis Blues,2025-11-11 20:48:20
Memphis Tigers @ Ole Miss Rebels,NCAAB,Memphis Tigers,2025-11-11 21:00:00,FanDuel,5.5,8.55,Ole Miss Rebels,2025-11-11 20:48:20
Boston Celtics @ Philadelphia 76ers,NBA,Philadelphia 76ers,2025-11-11 20:12:54,FanDuel,3.8,34.73,Philadelphia 76ers,2025-11-11 22:04:38
Anaheim Ducks @ Colorado Avalanche,NHL,Anaheim Ducks,2025-11-11 21:53:41,FanDuel,4.9,15.89,Colorado Avalanche,2025-11-11 22:04:38
Indiana Pacers @ Utah Jazz,NBA,Indiana Pacers,2025-11-11 21:11:25,Fanatics,4.1,12.67,Utah Jazz,2025-11-11 22:04:38
San Jose Sharks @ Minnesota Wild,NHL,San Jose Sharks,2025-11-11 20:15:57,FanDuel,5.2,7.8,San Jose Sharks,2025-11-11 22:04:38
Montana Grizzlies @ UNLV Rebels,NCAAB,Montana Grizzlies,2025-11-11 22:05:00,FanDuel,5.8,4.62,Montana Grizzlies,2025-11-11 22:04:38
Ohio Bobcats @ Western Michigan Broncos,NCAAF,Ohio Bobcats,2025-11-11 20:06:00,Caesars,8.5,100.86,Western Michigan Broncos,2025-11-11 22:50:14
Columbus Blue Jackets @ Seattle Kraken,NHL,Columbus Blue Jackets,2025-11-11 22:11:51,FanDuel,3.2,8.27,Columbus Blue Jackets,2025-11-11 22:50:14
Creighton Bluejays @ Gonzaga Bulldogs,NCAAB,Creighton Bluejays,2025-11-11 22:10:58,Caesars,6.0,6.01,Gonzaga Bulldogs,2025-11-11 22:50:14
Denver Nuggets @ Sacramento Kings,NBA,Sacramento Kings,2025-11-11 23:12:47,Caesars,5.0,7.54,Denver Nuggets,2025-11-11 23:33:15
Winnipeg Jets @ Vancouver Canucks,NHL,Vancouver Canucks,2025-11-11 22:09:08,FanDuel,4.2,3.92,Winnipeg Jets,2025-11-11 23:48:07
Chicago Bulls @ Detroit Pistons,NBA,Chicago Bulls,2025-11-12 19:12:00,DraftKings,13.0,22.53,Not Found,2025-11-12 20:50:09
Minnesota Golden Gophers @ Missouri Tigers,NCAAB,Minnesota Golden Gophers,2025-11-12 20:01:17,DraftKings,3.6,12.13,Missouri Tigers,2025-11-12 20:50:09
Golden State Warriors @ San Antonio Spurs,NBA,Golden State Warriors,2025-11-12 20:11:00,FanDuel,4.4,12.1,Golden State Warriors,2025-11-12 20:50:09
Phoenix Suns @ Dallas Mavericks,NBA,Dallas Mavericks,2025-11-12 20:41:00,Caesars,2.1,8.83,Phoenix Suns,2025-11-12 20:50:09
Orlando Magic @ New York Knicks,NBA,New York Knicks,2025-11-12 19:12:00,Fanatics,5.0,8.25,Not Found,2025-11-12 20:50:09
Toledo Rockets @ Miami (OH) RedHawks,NCAAF,Miami (OH) RedHawks,2025-11-12 19:06:00,FanDuel,15.0,3.56,Not Found,2025-11-12 20:50:09
Tulsa Golden Hurricane @ Oral Roberts Golden Eagles,NCAAB,Oral Roberts Golden Eagles,2025-11-12 20:05:01,Caesars,2.45,27.41,Tulsa Golden Hurricane,2025-11-12 22:07:15
Montana St Bobcats @ Stanford Cardinal,NCAAB,Montana St Bobcats,2025-11-12 22:01:55,FanDuel,11.0,27.41,Stanford Cardinal,2025-11-12 22:07:15
Portland St Vikings @ San Francisco Dons,NCAAB,Portland St Vikings,2025-11-12 22:01:24,Fanatics,9.0,20.61,San Francisco Dons,2025-11-12 22:07:15
Southern Illinois Salukis @ Nevada Wolf Pack,NCAAB,Southern Illinois Salukis,2025-11-12 22:06:01,FanDuel,6.5,6.19,Nevada Wolf Pack,2025-11-12 22:07:15
Los Angeles Lakers @ Oklahoma City Thunder,NBA,Los Angeles Lakers,2025-11-12 21:48:00,Caesars,5.5,6.18,Oklahoma City Thunder,2025-11-12 22:07:15
North Texas Mean Green @ Oregon St Beavers,NCAAB,Oregon St Beavers,2025-11-12 21:32:49,FanDuel,2.32,5.94,Oregon St Beavers,2025-11-12 22:07:15
Denver Nuggets @ Los Angeles Clippers,NBA,Los Angeles Clippers,2025-11-12 22:40:00,Fanatics,2.9,7.03,Denver Nuggets,2025-11-12 22:53:23
Atlanta Hawks @ Sacramento Kings,NBA,Sacramento Kings,2025-11-12 22:10:00,DraftKings,4.8,6.18,Atlanta Hawks,2025-11-12 22:53:23
Central Michigan Chippewas @ South Alabama Jaguars,NCAAB,Central Michigan Chippewas,2025-11-13 11:00:00,FanDuel,3.35,4.6,South Alabama Jaguars,2025-11-13 08:48:28
UMass Lowell River Hawks @ Columbia Lions,NCAAB,UMass Lowell River Hawks,2025-11-13 19:00:00,FanDuel,8.6,3.13,Not Found,2025-11-13 18:21:38
Pittsburgh Panthers @ West Virginia Mountaineers,NCAAB,Pittsburgh Panthers,2025-11-13 18:08:00,Fanatics,3.3,17.39,Not Found,2025-11-13 18:34:34
Alcorn St Braves @ Howard Bison,NCAAB,Alcorn St Braves,2025-11-13 19:00:00,FanDuel,3.8,2.42,Not Found,2025-11-13 18:43:33
Monmouth Hawks @ Seton Hall Pirates,NCAAB,Monmouth Hawks,2025-11-13 19:00:00,FanDuel,11.0,5.8,Not Found,2025-11-13 18:51:15
Purdue Boilermakers @ Alabama Crimson Tide,NCAAB,Alabama Crimson Tide,2025-11-13 19:02:43,Fanatics,5.05,55.45,Not Found,2025-11-13 20:49:10
Washington Capitals @ Florida Panthers,NHL,Washington Capitals,2025-11-13 19:13:06,FanDuel,10.0,34.84,Not Found,2025-11-13 20:49:10
Anaheim Ducks @ Detroit Red Wings,NHL,Anaheim Ducks,2025-11-13 19:12:26,BetMGM,3.9,13.87,Not Found,2025-11-13 20:49:10
Los Angeles Kings @ Toronto Maple Leafs,NHL,Los Angeles Kings,2025-11-13 19:08:21,FanDuel,3.5,4.79,Not Found,2025-11-13 20:49:10
Toronto Raptors @ Cleveland Cavaliers,NBA,Cleveland Cavaliers,2025-11-13 19:13:00,Caesars,3.6,4.09,Not Found,2025-11-13 20:49:10
Edmonton Oilers @ Columbus Blue Jackets,NHL,Edmonton Oilers,2025-11-13 19:40:30,FanDuel,3.5,3.89,Not Found,2025-11-13 20:49:10
Indiana Pacers @ Phoenix Suns,NBA,Indiana Pacers,2025-11-13 21:12:00,Caesars,4.2,8.67,Phoenix Suns,2025-11-13 22:05:37
New York Islanders @ Vegas Golden Knights,NHL,Vegas Golden Knights,2025-11-13 22:08:36,FanDuel,3.4,18.27,New York Islanders,2025-11-13 22:51:23
Atlanta Hawks @ Utah Jazz,NBA,Atlanta Hawks,2025-11-13 21:17:00,Caesars,2.35,7.99,Atlanta Hawks,2025-11-13 22:51:23
San Jose Sharks @ Calgary Flames,NHL,San Jose Sharks,2025-11-13 21:08:05,FanDuel,4.4,2.37,Calgary Flames,2025-11-13 22:51:23
Buffalo Sabres @ Colorado Avalanche,NHL,Buffalo Sabres,2025-11-13 21:08:36,BetMGM,11.0,58.04,Colorado Avalanche,2025-11-13 23:12:19
Winnipeg Jets @ Seattle Kraken,NHL,Seattle Kraken,2025-11-13 22:09:36,FanDuel,3.55,16.74,Seattle Kraken,2025-11-13 23:12:19
Coppin St Eagles @ Central Michigan Chippewas,NCAAB,Coppin St Eagles,2025-11-14 11:00:00,BetMGM,5.5,3.23,Not Found,2025-11-14 09:39:09
Virtus Segafredo Bologna @ FC Barcelona Bàsquet,Basketball Euroleague,Virtus Segafredo Bologna,2025-11-14 14:30:00,FanDuel,4.3,4.14,Not Found,2025-11-14 13:32:31
IUPUI Jaguars @ Eastern Michigan Eagles,NCAAB,IUPUI Jaguars,2025-11-14 18:30:00,FanDuel,3.1,2.32,Not Found,2025-11-14 15:57:25
Charleston Southern Buccaneers @ Lindenwood Lions,NCAAB,Charleston Southern Buccaneers,2025-11-14 18:29:18,DraftKings,2.54,4.62,Not Found,2025-11-14 18:34:21
Lehigh Mountain Hawks @ Rutgers Scarlet Knights,NCAAB,Lehigh Mountain Hawks,2025-11-14 18:35:00,FanDuel,9.7,9.41,Not Found,2025-11-14 18:43:29
UCF Knights @ Texas A&M Aggies,NCAAB,UCF Knights,2025-11-14 20:04:00,FanDuel,9.7,23.61,Not Found,2025-11-14 20:44:49
Xavier Musketeers @ Iowa Hawkeyes,NCAAB,Xavier Musketeers,2025-11-14 20:00:01,Fanatics,13.0,19.24,Not Found,2025-11-14 20:44:49
Los Angeles Clippers @ Dallas Mavericks,NBA,Dallas Mavericks,2025-11-14 20:41:00,FanDuel,3.15,17.39,Not Found,2025-11-14 20:44:49
Charlotte Hornets @ Milwaukee Bucks,NBA,Charlotte Hornets,2025-11-14 20:11:00,Caesars,3.0,7.36,Not Found,2025-11-14 20:44:49
Brooklyn Nets @ Orlando Magic,NBA,Brooklyn Nets,2025-11-14 19:12:00,Caesars,5.0,7.11,Not Found,2025-11-14 20:44:49
Philadelphia Flyers @ St Louis Blues,NHL,Philadelphia Flyers,2025-11-14 20:08:42,FanDuel,3.4,6.89,Not Found,2025-11-14 20:44:49
Miami Heat @ New York Knicks,NBA,Miami Heat,2025-11-14 19:13:00,BetMGM,6.0,6.23,Not Found,2025-11-14 20:44:49
Philadelphia 76ers @ Detroit Pistons,NBA,Philadelphia 76ers,2025-11-14 19:43:00,FanDuel,3.5,5.12,Not Found,2025-11-14 20:44:49
Vancouver Canucks @ Carolina Hurricanes,NHL,Carolina Hurricanes,2025-11-14 19:11:03,FanDuel,2.46,3.95,Not Found,2025-11-14 20:44:49
New York Islanders @ Utah Mammoth,NHL,New York Islanders,2025-11-14 21:08:53,DraftKings,4.6,15.46,Not Found,2025-11-14 21:59:18
Northwestern Wildcats @ DePaul Blue Demons,NCAAB,DePaul Blue Demons,2025-11-14 20:30:00,FanDuel,4.2,14.91,Not Found,2025-11-14 21:59:18
Clemson Tigers @ Louisville Cardinals,NCAAF,Clemson Tigers,2025-11-14 19:37:00,Caesars,3.4,4.06,Not Found,2025-11-14 21:59:18
North Texas Mean Green @ Saint Mary's Gaels,NCAAB,North Texas Mean Green,2025-11-14 22:00:00,FanDuel,10.8,3.82,Not Found,2025-11-14 21:59:18
Michigan Wolverines @ TCU Horned Frogs,NCAAB,Michigan Wolverines,2025-11-14 21:04:00,Fanatics,2.5,14.2,Not Found,2025-11-14 22:40:43
Gonzaga Bulldogs @ Arizona St Sun Devils,NCAAB,Arizona St Sun Devils,2025-11-14 23:00:00,FanDuel,9.1,7.76,Not Found,2025-11-14 22:40:43
