Match,Team,Start Time,League,Unibet,Nordic Bet,Betsson,Unibet (Fr),Coolbet,Fanduel,Sky Bet,Paddy Power,Pinnacle,Ladbrokes,Betmgm,Coral,Draftkings,Winamax (Fr),Winamax (De),Betclic (Fr),Bovada,Betway,888Sport,Tipico,Virgin Bet,Casumo,Leovegas,Livescore Bet,Unibet (Nl),Tabtouch,Unibet (It),Leovegas (Se),Unibet (Se),Grosvenor,Fanatics,Mybookie.Ag,Caesars,William Hill,Betrivers,Marathon Bet,Sportsbet,1Xbet,Parions Sport (Fr),Boylesports,Playup,Bet Right,Betr,Neds,Everygame,Lowvig.Ag,Betonline.Ag,Betanysports,Betus,Fair Odds Avg,Avg Edge Pct,Bet Victor,Pointsbet (Au),Gtbets,Tab,Suprabets,Dabble Au,Modified Z Score,Best Odds,Best Bookmaker,Result,Scrape Time
Orix Buffaloes @ Fukuoka SoftBank Hawks,Orix Buffaloes,2025-09-23 01:00:00,NPB,2.25,2.25,2.25,,2.2,2.42,,,2.37,,2.2,,2.45,,,,2.8,2.4,2.2,2.3,,,,,,,,,,,2.25,2.35,2.35,2.28,2.2,,,,,,,,,,,,,,,2.48,12.79,,,,,,,3.37,2.8,Bovada,Orix Buffaloes,2025-09-23 01:25:33
Hanshin Tigers @ Yokohama DeNA BayStars,Yokohama DeNA BayStars,2025-09-23 01:00:54,NPB,2.17,2.12,2.12,,2.11,1.72,,,,,2.35,,2.24,,,,,2.2,2.05,2.1,,,,,,,,,,,2.1,1.55,2.15,1.63,2.12,,,,,,,,,,,,,,,2.17,8.35,,,,,,,3.1,2.35,BetMGM,Draw,2025-09-23 01:25:33
Tohoku Rakuten Golden Eagles @ Hokkaido Nippon-Ham Fighters,Hokkaido Nippon-Ham Fighters,2025-09-23 01:01:57,NPB,3.4,3.1,3.1,,3.05,2.54,,,,,3.1,,2.95,,,,,2.75,2.9,3.0,,,,,,,,,,,2.55,2.4,3.0,1.71,3.2,,,,,,,,,,,,,,,2.98,14.25,,,,,,,2.7,3.4,Unibet,Tohoku Rakuten Golden Eagles,2025-09-23 01:25:33
Nagoya Grampus @ Albirex Niigata,Draw,2025-09-23 01:00:00,J League,2.95,2.6,2.55,3.18,2.75,2.7,2.63,2.62,2.82,2.6,2.65,2.62,2.7,2.5,2.6,2.59,3.3,2.7,2.62,2.7,2.95,2.95,2.9,2.95,2.95,2.95,2.95,2.88,2.95,2.9,,,,,,,,,,,,,,,,,,,,3.07,7.66,,,,,,,2.11,3.3,Bovada,Draw,2025-09-23 01:25:33
Cerezo Osaka @ Kashima Antlers,Kashima Antlers,2025-09-23 05:00:00,J League,2.07,1.95,1.95,1.86,,2.0,1.91,1.95,2.0,1.91,1.95,1.91,2.0,1.86,1.92,1.92,2.42,1.95,2.0,1.93,2.05,2.07,2.07,2.05,2.07,2.07,2.07,2.07,2.07,2.07,,,,2.0,2.07,2.04,1.95,2.08,1.85,1.91,1.93,2.05,2.0,1.91,1.95,1.87,1.87,1.87,,2.16,12.0,,,,,,,4.05,2.42,Bovada,Kashima Antlers,2025-09-23 03:57:35
Saitama Seibu Lions @ Chiba Lotte Marines,Saitama Seibu Lions,2025-09-23 05:00:00,NPB,1.79,1.7,1.7,,,1.7,,,1.71,,,,1.7,,,,1.83,1.67,1.73,1.7,,,,,,,,,,,1.67,1.68,1.74,1.99,1.79,,,1.85,1.57,,,,,,1.65,1.77,1.77,,1.71,1.84,7.96,,,,,,,4.72,1.99,William Hill,Chiba Lotte Marines,2025-09-23 04:58:09
Doosan Bears @ Samsung Lions,Doosan Bears,2025-09-23 05:30:00,KBO,2.32,2.35,2.35,,,2.34,,,2.67,,2.35,2.3,2.54,,,,2.15,2.25,,2.3,,,,,,,,,,,2.35,2.25,2.5,2.2,2.32,,,2.23,2.05,,,,,,2.2,2.6,2.6,,,2.48,7.51,,,,,,,2.02,2.67,Pinnacle,Samsung Lions,2025-09-23 04:58:09
Yomiuri Giants @ Hiroshima Toyo Carp,Yomiuri Giants,2025-09-23 05:01:34,NPB,3.1,2.78,2.78,,2.8,3.1,,,3.8,,2.95,,3.0,,,,1.87,2.75,2.62,2.7,,,,,,,,,,,2.7,3.85,2.65,,3.05,,,,,,,,,,,,,,,3.05,26.04,,,,,,,3.76,3.85,MyBookie.ag,Hiroshima Toyo Carp,2025-09-23 05:30:11
IF Gnistan @ Ilves Tampere,IF Gnistan,2025-09-23 11:00:00,Veikkausliiga - Finland,6.0,6.1,6.1,5.5,6.95,6.0,5.75,6.0,6.68,5.5,6.0,5.5,6.5,,,,6.25,6.0,,,6.0,6.0,6.1,6.0,6.0,6.0,6.0,6.0,6.0,6.0,,,,6.5,6.0,6.6,5.5,6.6,5.5,5.0,6.0,6.5,6.5,5.5,6.0,6.8,,,6.6,6.62,5.01,6.5,6.5,6.23,,,,2.56,6.95,Coolbet,Ilves Tampere,2025-09-23 05:30:11
Yokohama FC @ Fagiano Okayama,Yokohama FC,2025-09-23 05:00:00,J League,3.15,3.4,3.4,,3.75,3.6,3.5,3.5,3.57,3.3,3.4,3.3,3.8,3.45,3.6,3.73,3.25,3.6,3.8,4.3,3.05,3.15,3.1,3.1,3.15,3.1,3.1,3.05,3.15,3.1,,,,,,,,,,,,,,,,,,,,3.73,15.33,,,,,,,2.43,4.3,Tipico,Draw,2025-09-23 05:30:11
Avispa Fukuoka @ FC Tokyo,Avispa Fukuoka,2025-09-23 05:03:00,J League,19.0,26.0,26.0,,28.0,34.0,26.0,34.0,11.03,17.0,19.5,17.0,36.0,30.0,30.0,18.0,4.0,29.0,29.0,14.0,19.0,19.0,19.0,19.0,19.0,19.0,19.0,18.0,19.0,19.0,,,,,,,,,,,,,,,,,,,,19.91,80.83,,,,,,,5.73,36.0,DraftKings,FC Tokyo,2025-09-23 05:57:32
NC Dinos @ Lotte Giants,Lotte Giants,2025-09-23 05:30:31,KBO,1.55,1.56,,,1.53,1.5,,,,,1.53,,1.51,,,,1.83,1.5,,1.55,,,,,,,,,,,1.49,1.45,1.59,1.67,1.53,,,,,,,,,,,,,,,1.66,10.06,,,,,,,4.89,1.83,Bovada,NC Dinos,2025-09-23 05:57:32
Kiwoom Heroes @ KT Wiz,Kiwoom Heroes,2025-09-23 05:30:23,KBO,4.3,3.9,,,3.85,4.2,,,,,4.1,,4.0,,,,2.1,3.75,,4.2,,,,,,,,,,,3.8,3.8,3.8,2.2,4.0,,,,,,,,,,,,,,,3.79,13.34,,,,,,,2.29,4.3,Unibet,KT Wiz,2025-09-23 05:57:32
FC Machida Zelvia @ Kyoto Purple Sanga,Kyoto Purple Sanga,2025-09-23 06:03:00,J League,7.5,7.7,7.7,3.2,9.0,8.0,8.0,8.0,3.3,7.0,7.5,7.0,8.0,7.5,8.0,,8.0,7.0,7.5,8.0,7.5,7.5,7.5,7.5,7.5,7.5,7.5,7.0,7.5,7.5,,,,,,,,,,,,,,,,,,,,7.68,17.15,,,,,,,5.06,9.0,Coolbet,Draw,2025-09-23 06:32:37
Yokohama F Marinos @ Gamba Osaka,Draw,2025-09-23 06:03:00,J League,3.15,3.2,3.2,3.75,3.25,3.4,3.0,3.25,3.61,3.0,3.0,3.0,3.35,3.05,3.2,3.05,3.65,3.3,3.75,3.3,3.1,3.1,3.1,3.1,3.1,3.15,3.1,3.0,3.15,3.1,,,,,,,,,,,,,,,,,,,,3.54,5.96,,,,,,,4.05,3.75,888sport,Gamba Osaka,2025-09-23 06:32:37
SJK Seinäjoki @ KuPS Kuopio,SJK Seinäjoki,2025-09-23 11:00:00,Veikkausliiga - Finland,3.05,2.98,2.98,2.78,2.9,3.0,2.9,3.0,3.02,2.88,2.95,2.87,2.9,,,,3.4,2.88,,,3.0,3.05,3.1,3.0,3.05,3.05,3.05,3.05,3.05,3.05,,,,2.8,3.05,2.96,2.87,2.95,2.75,2.6,2.75,3.0,2.95,2.88,2.8,2.87,2.9,,3.0,3.21,5.97,2.8,3.0,3.02,,,,4.05,3.4,Bovada,KuPS Kuopio,2025-09-23 06:32:37
Kia Tigers @ SSG Landers,Kia Tigers,2025-09-23 05:30:00,KBO,2.33,2.25,,,2.25,2.32,,,2.23,,2.25,,2.3,,,,2.1,2.2,,2.2,,,,,,,,,,,2.2,2.55,2.0,,2.23,,,,,,,,,,,,,,,2.4,6.39,,,,,,,4.05,2.55,MyBookie.ag,SSG Landers,2025-09-23 06:57:39
Urawa Red Diamonds @ Shimizu S Pulse,Draw,2025-09-23 05:00:00,J League,1.12,1.03,1.01,,1.01,1.21,1.13,1.12,1.23,,,,1.05,1.02,1.01,1.01,1.3,1.18,1.08,,1.12,1.13,1.11,1.12,1.13,1.16,1.15,1.1,1.12,1.11,,,,,,,,,,,,,,,,,,,,1.2,8.29,,,,,,,3.04,1.3,Bovada,Draw,2025-09-23 06:57:39
Tokyo Verdy @ Vissel Kobe,Draw,2025-09-23 06:03:00,J League,18.0,15.0,15.0,,15.0,18.0,17.0,17.0,,15.0,17.0,15.0,15.0,19.0,20.0,,14.0,17.0,19.0,12.0,18.0,18.0,,18.0,18.0,18.0,18.0,,18.0,,,,,,,,,,,,,,,,,,,,,17.51,14.22,,,,,,,2.49,20.0,Winamax (DE),Vissel Kobe,2025-09-23 06:57:39
Kawasaki Frontale @ Shonan Bellmare,Shonan Bellmare,2025-09-23 06:03:00,J League,16.0,16.0,14.0,,16.0,14.0,13.0,13.0,12.83,13.0,16.0,15.0,19.0,14.5,15.0,10.5,18.0,15.0,17.0,18.0,18.0,16.0,15.0,18.0,16.0,15.0,16.0,15.0,17.0,16.0,,,,,,,,,,,,,,,,,,,,16.69,13.87,,,,,,,2.02,19.0,DraftKings,Kawasaki Frontale,2025-09-23 07:23:44
Hiroshima Sanfrecce FC @ Kashiwa Reysol,Kashiwa Reysol,2025-09-23 06:03:00,J League,20.0,26.0,26.0,,28.0,15.0,13.0,15.0,9.43,23.0,34.0,26.0,23.0,40.0,40.0,17.0,7.25,10.0,23.0,22.0,16.0,20.0,20.0,26.0,20.0,20.0,17.0,16.0,17.0,20.0,,,,,,,,,,,,,,,,,,,,19.26,107.74,,,,,,,3.37,40.0,Winamax (DE),Draw,2025-09-23 07:57:34
Girona @ Athletic Bilbao,Girona,2025-09-23 13:00:00,La Liga - Spain,7.5,7.3,7.3,7.15,7.8,7.5,7.5,7.5,8.28,6.25,6.75,7.0,7.5,7.5,8.0,7.25,6.75,7.0,,7.5,7.0,7.5,7.5,7.0,7.5,7.5,7.5,7.5,7.5,7.5,,,,7.0,7.5,7.8,7.5,7.95,6.7,7.0,7.25,7.5,7.5,6.25,7.5,8.35,8.35,,8.0,7.83,6.65,8.0,,,7.0,,,2.08,8.35,BetOnline.ag,Draw,2025-09-23 07:57:34
Ketterä @ Pyry,Pyry,2025-09-23 11:30:00,Mestis,2.35,1.8,1.8,,,,,2.25,2.81,,,,,,,,,,,,,,2.32,,2.35,,2.35,2.28,2.35,,,,,,1.81,,,,,,,,,,,,,,,2.0,40.49,,,,,,,4.72,2.81,Pinnacle,Not Found,2025-09-23 11:58:11
Clermont @ Stade de Reims,Clermont,2025-09-23 14:30:00,Ligue 2 - France,5.8,5.9,5.9,,7.0,6.0,5.5,5.5,6.63,5.5,6.0,5.5,6.0,5.9,5.9,,6.0,6.0,6.0,5.7,5.8,5.8,5.8,5.8,5.8,5.8,5.8,5.8,5.8,5.8,,,,6.0,5.8,6.5,5.5,6.45,5.8,5.5,5.75,6.5,6.75,5.5,6.0,5.8,5.8,,6.0,6.46,8.33,6.5,6.5,,,6.5,,5.17,7.0,Coolbet,Stade de Reims,2025-09-23 12:35:22
Sri Lanka @ Pakistan,Sri Lanka,2025-09-23 10:30:00,Asia Cup,7.5,,7.14,,,7.5,,7.5,,7.0,,7.0,7.0,,,,2.2,7.0,,,7.0,7.5,7.0,7.0,,7.0,,6.75,7.5,7.0,,,,,,,,,,,,,,,,,,,,6.8,17.58,8.0,7.0,,,,,4.82,8.0,Bet Victor,Not Found,2025-09-23 12:57:37
HJK Helsinki @ FC Inter Turku,Draw,2025-09-23 12:01:00,Veikkausliiga - Finland,2.8,2.45,2.45,,2.5,2.55,2.5,2.5,2.67,2.37,2.4,2.37,2.5,,,,3.75,2.6,,,2.75,2.8,2.75,2.75,2.8,,2.8,2.7,2.8,2.75,,,,,,,,,,,,,,,,,,,,2.86,31.17,2.5,,,,,,4.63,3.75,Bovada,Draw,2025-09-23 12:57:37
TPS @ Tappara,Tappara,2025-09-23 11:30:00,Liiga,8.0,3.35,3.31,,9.0,,,3.0,2.61,,,,3.0,7.25,8.0,7.25,3.5,8.0,2.75,,,8.0,7.5,,8.0,,8.0,8.0,8.0,7.5,,,,,3.3,,,,,,,,,,,,,,,4.56,97.43,,,,,,,2.02,9.0,Coolbet,TPS Turku,2025-09-23 13:26:35
Gent @ Anderlecht,Gent,2025-09-23 14:30:00,Belgium First Div,4.3,4.4,4.4,,,4.6,4.33,4.33,4.69,4.25,4.33,4.33,4.6,3.95,4.2,4.25,4.9,,,4.6,4.2,4.3,4.3,4.2,4.35,4.25,4.3,4.2,4.35,4.3,,,,4.33,4.25,4.35,4.2,4.53,4.0,,4.25,,4.4,,4.33,4.05,4.05,,4.4,4.66,5.16,4.4,4.5,,,4.5,,4.81,4.9,Bovada,Anderlecht,2025-09-23 13:57:51
Boulogne @ Montpellier,Boulogne,2025-09-23 14:30:00,Ligue 2 - France,5.3,5.5,5.5,,6.25,6.0,5.5,5.5,6.33,5.25,5.5,5.25,5.75,5.6,5.6,,5.5,5.5,5.75,,5.25,5.3,5.3,5.25,5.3,5.3,5.3,5.25,5.3,5.3,,,,5.8,5.3,5.75,5.5,5.6,5.5,,5.25,5.75,6.25,5.25,5.25,5.6,5.6,,5.5,6.01,5.28,5.75,6.0,,,5.8,,2.8,6.33,Pinnacle,Boulogne,2025-09-23 13:57:51
Saint Etienne @ Amiens,Amiens,2025-09-23 14:30:00,Ligue 2 - France,4.6,4.95,4.95,,5.5,5.0,4.5,4.75,5.19,4.5,4.8,4.5,5.0,4.9,4.9,4.9,4.8,4.75,5.0,5.0,4.5,4.6,4.7,4.5,4.6,4.6,4.6,4.5,4.6,4.6,,,,5.0,4.6,5.15,4.5,5.1,4.85,,4.75,5.0,5.25,4.5,4.75,4.8,4.8,,4.85,5.22,5.4,5.25,5.25,,,5.2,,2.36,5.5,Coolbet,Saint Etienne,2025-09-23 13:57:51
Cambridge United @ Fulham,Draw,2025-09-23 14:45:00,EFL Cup,8.0,9.3,9.3,,8.5,8.0,7.5,8.0,8.41,9.0,10.0,10.0,,8.0,9.0,,6.75,8.5,,8.5,7.5,8.0,8.0,7.5,8.0,8.0,8.0,8.0,8.0,8.0,,,,9.0,7.5,8.3,8.5,10.5,,,8.0,,8.0,9.0,,9.4,9.4,,,8.97,17.09,9.5,,,,,,4.95,10.5,1xBet,Fulham,2025-09-23 14:39:04
Nancy @ Annecy FC,Draw,2025-09-23 14:30:00,Ligue 2 - France,3.1,,,,2.88,3.1,2.88,3.0,3.18,,,,2.85,2.7,3.85,2.75,,,3.8,2.7,3.05,3.1,3.8,3.85,4.0,3.85,4.0,4.1,3.1,3.8,,,,2.9,3.1,3.1,2.87,3.1,3.0,,3.0,2.95,3.0,,,3.05,3.05,,3.05,3.47,18.17,3.1,2.95,,,,,3.85,4.1,LeoVegas (SE),Nancy,2025-09-23 14:39:04
Chelsea @ Lincoln City,Draw,2025-09-23 14:45:00,EFL Cup,7.0,7.9,7.9,,6.75,7.0,6.25,6.5,7.44,6.75,7.0,7.0,,7.0,7.75,,6.5,6.5,,6.8,6.75,7.0,7.5,6.75,7.0,7.0,7.0,7.0,7.0,7.0,,,,6.0,7.0,6.7,6.5,7.01,,,7.75,,6.25,6.75,,6.7,6.7,,,7.37,7.16,6.5,,,,,,2.43,7.9,Betsson,Chelsea,2025-09-23 14:39:04
Brighton and Hove Albion @ Barnsley,Barnsley,2025-09-23 14:45:00,EFL Cup,9.5,9.8,9.8,,11.0,9.0,8.0,9.0,9.37,8.75,9.75,9.5,,9.0,9.5,,10.0,10.0,,9.0,9.0,9.5,10.0,9.0,9.5,9.5,9.5,9.5,9.5,9.5,,,,9.5,9.5,10.75,9.0,9.39,,,9.0,,10.5,8.75,,8.0,8.0,,,10.04,9.56,11.0,,,,,,2.02,11.0,Bet Victor,Brighton and Hove Albion,2025-09-23 14:39:04
Stade Lavallois @ Pau FC,Draw,2025-09-23 14:30:00,Ligue 2 - France,2.85,2.65,2.65,,2.75,2.85,2.75,2.88,3.03,2.6,2.55,2.6,2.75,2.5,2.6,,3.2,2.62,2.62,2.8,2.8,2.85,2.8,2.8,2.85,2.8,2.85,2.75,2.85,2.8,,,,,,,,,,,,,,,,,,,,3.04,5.31,2.8,,,,,,5.4,3.2,Bovada,Pau FC,2025-09-23 14:57:45
Real Madrid @ Levante,Levante,2025-09-23 15:30:00,La Liga - Spain,8.0,7.9,7.9,7.35,8.6,8.0,8.5,8.5,8.3,7.25,7.75,8.0,8.0,8.0,9.0,8.0,6.25,7.5,,8.2,7.5,8.0,8.0,7.5,8.5,8.0,8.0,8.0,8.5,8.0,,,,7.5,8.0,8.0,8.5,8.15,8.0,,7.5,8.0,8.0,7.25,8.0,9.35,9.35,,8.28,8.47,10.34,8.0,,,8.0,,,4.55,9.35,BetOnline.ag,Real Madrid,2025-09-23 14:57:45
Rodez AF @ SC Bastia,Draw,2025-09-23 14:30:00,Ligue 2 - France,3.0,2.85,2.85,,2.88,3.1,2.88,2.88,3.2,2.62,2.65,2.7,2.95,2.7,2.8,,3.4,2.9,2.9,2.9,2.95,3.0,2.95,2.95,3.0,2.95,3.0,2.88,3.0,2.95,,,,,,,,,,,,,,,,,,,,3.22,5.56,3.0,,,,3.3,,4.34,3.4,Bovada,Rodez AF,2025-09-23 14:57:45
Grenoble @ Le Mans FC,Le Mans FC,2025-09-23 14:30:00,Ligue 2 - France,4.2,4.4,4.4,,4.5,4.0,4.0,4.2,2.03,3.5,3.6,3.6,4.4,4.1,,4.15,2.1,4.0,3.8,4.7,4.1,4.2,4.0,4.1,4.2,4.1,4.2,4.0,4.2,4.0,,,,,,,,,,,,,,,,,,,,4.24,10.82,4.6,,,,4.15,,3.1,4.7,Tipico,Le Mans FC,2025-09-23 14:57:45
USL Dunkerque @ Guingamp,Draw,2025-09-23 14:30:00,Ligue 2 - France,8.0,7.7,7.7,,8.0,8.5,7.0,8.0,,7.0,7.5,7.0,8.0,7.5,8.0,6.75,4.0,7.5,7.5,9.0,7.5,8.0,7.5,7.5,8.0,7.5,8.0,7.0,8.0,7.5,,,,,,,,,,,,,,,,,,,,8.21,9.65,9.0,,,,8.5,,2.92,9.0,Tipico,Guingamp,2025-09-23 14:57:45
Reading @ Wrexham AFC,Draw,2025-09-23 14:45:00,EFL Cup,4.2,3.65,3.65,,3.8,3.7,3.5,3.5,4.34,4.2,3.75,3.8,,3.6,3.7,,4.0,3.6,,4.0,4.1,4.2,4.0,4.1,4.2,4.1,4.2,4.2,4.2,4.0,,,,4.0,,4.3,4.2,4.67,,,4.0,,4.0,4.2,,4.25,4.25,,,4.32,8.12,3.9,,,,,,2.79,4.67,1xBet,Wrexham AFC,2025-09-23 14:57:45
Rio Ave FC @ Benfica,Rio Ave FC,2025-09-23 15:15:00,Primeira Liga - Portugal,15.0,16.5,16.5,,18.0,17.0,17.0,18.0,20.14,14.0,14.5,15.0,18.0,17.0,17.0,13.0,14.0,13.0,,18.0,14.0,15.0,15.0,15.0,15.0,15.0,15.0,15.0,15.0,15.0,,,,15.0,15.0,17.0,16.0,16.5,14.0,,,16.0,16.0,14.0,17.0,16.0,16.0,,16.0,16.81,19.82,17.0,15.0,,,,,2.79,20.14,Pinnacle,Not Found,2025-09-23 14:57:45
Valencia @ Espanyol,Draw,2025-09-23 12:59:00,La Liga - Spain,1.06,17.0,17.0,,11.5,12.0,13.0,15.0,3.68,11.0,,19.0,11.0,1.05,1.05,7.1,5.5,11.0,,1.03,10.5,1.05,1.03,12.0,1.05,1.04,1.05,1.05,1.06,1.04,,,,,,,,,,,,,,,,,,,,2.05,825.71,5.5,,,7.0,,,2.04,19.0,Coral,Draw,2025-09-23 14:57:45
Hereford FC @ Sporting Khalsa FC,Sporting Khalsa FC,2025-09-23 14:45:00,FA Cup,4.8,5.05,4.95,,,,,,,,,,,,,,,,,,4.6,4.8,4.8,4.6,,4.6,4.8,4.8,4.8,4.6,,,,,,,,,,,,,,,,,,,,5.34,7.77,5.75,,,,,,3.2,5.75,Bet Victor,Not Found,2025-09-23 15:23:20
Hibernian @ Falkirk F.C.,Falkirk F.C.,2025-09-23 14:44:00,Premiership - Scotland,9.0,9.1,9.1,,9.0,10.0,10.0,11.0,3.7,9.0,8.75,9.0,9.5,,,,8.5,8.0,,8.5,8.5,9.0,8.5,8.5,9.0,8.5,9.0,8.0,9.0,8.5,,,,,,,,,,,,,,,,,,,,9.21,19.38,9.0,9.0,,,,,2.7,11.0,Paddy Power,Draw,2025-09-23 15:23:20
Cardiff City @ Burnley,Draw,2025-09-23 14:45:00,EFL Cup,7.5,7.2,7.2,,7.5,7.0,7.0,7.5,6.66,7.0,7.5,7.0,,6.75,7.0,,7.0,7.5,,8.5,7.5,7.5,7.0,7.5,7.5,7.5,7.5,7.5,7.5,7.5,,,,,,,,,,,,,,,,,,,,7.89,7.68,8.0,,,,,,3.75,8.5,Tipico,Cardiff City,2025-09-23 15:58:11
Southampton @ Liverpool,Draw,2025-09-23 15:00:00,EFL Cup,6.25,5.8,5.8,,6.5,6.0,6.0,6.5,3.28,6.5,,6.5,,5.9,6.0,,6.0,6.5,,7.0,6.0,6.25,5.8,6.0,6.25,6.0,6.25,6.0,6.25,6.0,,,,,,,,,,,,,,,,,,,,6.47,8.17,6.5,,,,,,3.37,7.0,Tipico,Liverpool,2025-09-23 15:58:11
Villarreal @ Sevilla,Sevilla,2025-09-23 15:30:00,La Liga - Spain,8.5,9.6,9.6,,10.0,8.0,8.0,7.5,3.46,8.0,8.25,8.0,8.5,7.5,8.5,7.75,9.0,8.0,,8.0,7.5,8.5,8.0,7.5,8.0,8.0,8.0,8.0,8.5,8.0,,,,,,,,,,,,,,,,,,,,8.13,22.97,9.0,,,3.25,,,2.7,10.0,Coolbet,Villarreal,2025-09-23 15:58:11
Troyes @ Red Star,Red Star,2025-09-23 14:29:00,Ligue 2 - France,14.0,16.0,16.0,,16.0,16.0,13.0,15.0,7.6,11.0,13.0,11.0,16.0,14.5,15.0,11.75,2.42,12.0,13.0,15.0,12.5,14.0,12.0,12.5,14.0,12.5,14.0,12.0,14.0,12.0,,,,,,,,,,,,,,,,,,,,12.65,26.46,15.0,,,,13.0,,2.02,16.0,FanDuel,Troyes,2025-09-23 15:58:11
Everton @ Wolverhampton Wanderers,Everton,2025-09-23 14:45:00,EFL Cup,8.0,8.6,8.6,,9.0,7.5,7.0,7.5,6.26,8.0,,7.5,,7.5,7.5,,8.0,7.0,,7.5,7.5,8.0,7.5,7.5,8.0,7.5,8.0,8.0,8.0,7.5,,,,,,,,,,,,,,,,,,,,8.38,7.44,8.0,,,,,,2.02,9.0,Coolbet,Wolverhampton Wanderers,2025-09-23 15:58:11
Grêmio Novorizontino @ Paysandu,Grêmio Novorizontino,2025-09-23 18:30:00,Brazil Série B,2.65,2.52,2.52,,2.5,2.5,,2.45,2.63,2.4,2.45,2.4,2.6,,,,2.9,2.4,,2.3,2.55,2.65,2.65,2.55,2.65,2.6,2.65,2.6,2.65,2.63,,,,2.5,2.65,2.57,2.5,2.57,,2.4,2.55,,,2.4,,2.51,2.51,,2.5,2.76,5.1,2.45,2.5,,,,,2.95,2.9,Bovada,Not Found,2025-09-23 16:57:34
Detroit Tigers @ Cleveland Guardians,Cleveland Guardians,2025-09-23 18:41:00,MLB,2.02,2.09,2.14,2.33,2.05,2.06,,1.95,,,2.1,,1.93,1.96,2.05,,2.34,2.05,2.0,2.0,2.0,2.02,1.97,2.0,2.02,2.0,2.02,1.94,2.02,1.97,2.0,2.25,2.15,2.3,1.96,,,,,,,,,,,,,,,2.19,6.98,2.1,2.0,2.07,2.1,,,4.32,2.34,Bovada,Cleveland Guardians,2025-09-23 18:59:34
Miami Marlins @ Philadelphia Phillies,Philadelphia Phillies,2025-09-23 18:47:00,MLB,1.27,1.23,1.23,1.47,1.27,1.27,,1.25,,1.44,1.27,1.44,1.22,1.26,1.26,,1.47,1.25,1.4,1.22,1.27,1.27,1.26,1.27,1.27,1.27,1.27,1.24,1.27,1.26,1.27,1.45,1.43,1.5,1.26,,1.47,,,1.44,,,1.47,1.45,,1.5,1.5,1.5,,1.41,6.68,1.4,1.22,1.26,1.25,,1.45,3.88,1.5,William Hill,Pending,2025-09-23 18:59:34
Boston Red Sox @ Toronto Blue Jays,Toronto Blue Jays,2025-09-23 19:08:00,MLB,1.68,1.84,1.67,1.61,1.9,1.8,,1.62,1.6,,1.67,,1.72,1.64,1.7,,1.65,1.74,1.61,1.65,1.72,1.68,1.66,1.67,1.68,1.67,1.68,1.63,1.68,1.66,1.69,1.75,1.74,1.62,1.65,,,,,,,,,,,,,,,1.79,5.91,1.7,1.71,1.68,1.65,,,4.95,1.9,Coolbet,Boston Red Sox,2025-09-23 19:25:07
Velez Sarsfield @ Racing Club,Draw,2025-09-23 18:00:00,Copa Libertadores,1.81,1.75,1.78,,1.73,,,1.8,2.2,1.73,,1.7,,1.66,1.72,1.74,2.0,,,1.75,1.77,1.81,,1.81,1.81,,1.81,,,1.81,,,,,,,,,,,,,,,,,,,,1.97,11.73,,,,,2.03,,4.44,2.2,Pinnacle,Racing Club,2025-09-23 19:25:07
Washington Nationals @ Atlanta Braves,Washington Nationals,2025-09-23 19:16:00,MLB,3.35,3.17,2.81,2.6,3.0,2.96,,2.8,2.69,2.7,3.1,2.7,3.23,2.7,2.65,,2.62,2.65,,3.2,3.25,3.35,3.25,3.0,3.35,3.25,3.35,2.85,3.0,3.25,2.8,2.65,2.8,2.6,3.2,2.57,2.62,,2.5,2.6,2.6,2.62,2.6,2.7,2.7,2.62,2.69,2.7,2.65,2.99,12.04,2.5,2.9,3.33,2.5,,2.55,2.7,3.35,Unibet,Atlanta Braves,2025-09-23 19:25:07
Lanus @ Fluminense-RJ,Lanus,2025-09-23 20:30:00,Copa Sudamericana,5.8,5.4,,5.4,6.6,,4.75,5.0,6.4,,,,6.0,,,,5.6,,,,5.75,5.8,5.75,5.75,5.8,,5.8,,,,,,,5.5,,,4.75,5.81,,,,,,,,,,,,6.09,8.46,,,,,,,2.23,6.6,Coolbet,Not Found,2025-09-23 19:25:07
Tampa Bay Rays @ Baltimore Orioles,Baltimore Orioles,2025-09-23 19:46:00,MLB,1.41,1.39,1.42,,1.4,1.38,,1.4,1.91,1.9,1.35,1.91,1.33,1.36,1.39,,2.02,1.43,1.36,1.32,1.42,1.41,1.38,1.63,1.41,1.4,1.42,1.36,1.41,1.38,1.32,1.75,1.62,,1.38,,1.89,,,,1.88,,,1.9,,1.87,1.87,1.91,1.93,1.62,24.7,1.65,1.36,1.36,1.7,,1.85,5.78,2.02,Bovada,Baltimore Orioles,2025-09-23 19:58:58
Pittsburgh Pirates @ Cincinnati Reds,Cincinnati Reds,2025-09-23 18:41:48,MLB,2.75,2.96,2.87,,2.8,2.72,,2.62,2.13,,2.55,,2.57,2.65,2.8,,1.56,2.65,2.5,2.7,2.7,2.75,2.7,2.65,2.75,2.7,2.8,2.63,2.75,2.7,2.95,3.2,2.8,,2.65,,,,,,,,,,,,,,,2.84,16.19,2.9,2.65,2.81,3.3,,,4.89,3.3,TAB,Pittsburgh Pirates,2025-09-23 19:58:58
New York Mets @ Chicago Cubs,New York Mets,2025-09-23 19:41:00,MLB,1.57,1.74,1.81,1.9,1.65,1.65,,1.73,1.6,,1.71,,1.64,1.58,1.64,,1.91,1.69,1.67,1.65,1.61,1.57,1.56,1.57,1.57,1.56,1.57,1.54,1.57,1.56,1.59,1.8,1.71,1.91,1.56,,,,,,,,,,,,,,,1.77,8.63,1.65,1.69,1.7,1.92,,,2.28,1.92,TAB,New York Mets,2025-09-23 19:58:58
Los Angeles Dodgers @ Arizona Diamondbacks,Arizona Diamondbacks,2025-09-23 21:41:00,MLB,2.95,2.81,2.81,2.32,3.15,3.0,,3.0,2.34,,2.85,,2.89,2.95,3.15,,2.39,3.25,2.88,2.9,2.85,2.95,2.85,2.85,2.95,2.85,2.95,2.8,2.95,2.85,2.9,3.3,3.0,2.3,2.85,,,,,,,,,,,,,,,3.02,9.15,,,2.95,2.8,,,5.4,3.3,MyBookie.ag,Arizona Diamondbacks,2025-09-23 22:00:00
Chicago White Sox @ New York Yankees,Chicago White Sox,2025-09-23 19:06:00,MLB,2.6,3.3,3.3,,2.65,2.9,,,1.23,,2.55,,2.5,2.5,2.65,,1.8,2.65,,2.7,2.55,2.6,2.5,2.55,2.6,2.55,2.6,2.48,2.6,2.5,2.85,1.75,2.95,,2.5,,,,,,,,,,,,,,,2.59,27.61,,2.5,2.77,1.62,,,5.01,3.3,Nordic Bet,New York Yankees,2025-09-23 22:00:00
Phoenix Mercury @ Minnesota Lynx,Minnesota Lynx,2025-09-23 19:34:00,WNBA,,,,,,3.55,,,4.19,,17.0,,,,,,1.27,,,,,,,,,,,,,,,8.0,,,,,,,,,,,,,,,,,,3.73,356.05,,,4.97,,,,3.86,17.0,BetMGM,Phoenix Mercury,2025-09-23 22:00:00
Necaxa @ Guadalajara,Necaxa,2025-09-23 21:09:00,Liga MX,26.0,24.0,24.0,,30.0,31.0,26.0,26.0,3.67,,,,26.0,,,16.0,,23.0,23.0,35.0,23.0,26.0,23.0,23.0,26.0,23.0,26.0,23.0,26.0,23.0,,,,,,,,,,,,,,,,,,,,21.52,62.65,26.0,,,,,,3.37,35.0,Tipico,Guadalajara,2025-09-23 22:00:00
Kansas City Royals @ Los Angeles Angels,Los Angeles Angels,2025-09-23 21:39:00,MLB,4.0,3.86,3.86,2.34,3.7,3.8,,3.7,2.74,,4.1,,3.57,3.55,3.6,,2.35,3.75,3.25,3.9,3.8,4.0,3.8,3.8,4.0,3.8,4.0,3.7,4.0,3.8,3.65,4.5,3.8,,3.75,,,,,,,,,,,,,,,3.85,16.82,,3.5,4.0,3.8,,,3.15,4.5,MyBookie.ag,Kansas City Royals,2025-09-23 22:00:00
St. Louis Cardinals @ San Francisco Giants,San Francisco Giants,2025-09-23 21:46:00,MLB,2.7,2.71,2.71,1.47,2.65,2.72,,2.62,,,2.75,,2.71,2.5,2.45,,1.47,2.65,3.0,2.7,2.6,2.7,2.6,2.6,2.7,2.6,2.8,2.55,2.7,2.6,2.6,2.5,2.8,1.5,2.55,,1.48,,,,,,,,,1.51,1.51,,,2.5,19.98,,2.65,2.81,2.7,,,3.08,3.0,888sport,St. Louis Cardinals,2025-09-23 22:00:00
Minnesota Twins @ Texas Rangers,Texas Rangers,2025-09-23 20:06:00,MLB,7.0,5.93,5.93,,5.1,6.0,,6.0,2.52,,5.5,,5.69,5.3,5.0,,1.83,5.5,5.75,7.5,6.5,7.0,6.4,6.5,7.0,6.5,6.4,6.25,7.0,6.4,5.6,5.0,5.5,,6.4,,,,,,,,,,,,,,,5.74,30.73,,5.25,7.5,5.5,,,2.07,7.5,GTbets,Minnesota Twins,2025-09-23 22:00:00
Colorado Rockies @ Seattle Mariners,Colorado Rockies,2025-09-23 21:41:00,MLB,2.48,2.34,2.34,,2.95,2.38,,2.62,2.18,,2.45,,2.36,2.2,2.35,,2.85,3.0,2.3,2.3,2.43,2.48,2.4,2.43,2.48,2.43,2.43,2.38,2.7,2.4,2.25,2.85,2.35,,2.4,,,,,,,,,,,,,,,2.59,15.82,,2.2,2.3,2.3,,,5.06,3.0,Betway,Seattle Mariners,2025-09-23 23:06:14
Houston Astros @ Oakland Athletics,Houston Astros,2025-09-23 22:06:00,MLB,1.82,1.77,1.77,,1.85,1.76,,1.75,2.1,,1.71,,1.74,1.72,1.78,,2.0,1.8,,1.85,1.8,1.82,1.79,1.8,1.82,1.8,1.82,1.76,1.82,1.79,1.87,2.0,1.74,,1.78,,,,,,,,,,,,,,,1.94,8.45,,1.87,1.87,1.8,,,5.06,2.1,Pinnacle,Oakland Athletics,2025-09-23 23:06:14
Pachuca @ Puebla,Pachuca,2025-09-23 21:01:00,Liga MX,12.5,5.8,5.8,,6.5,18.0,21.0,21.0,14.12,,,,6.0,,,7.9,,10.0,6.5,15.0,,12.5,12.5,,12.5,12.5,18.0,12.5,12.5,12.5,,,,,,,,,,,,,,,,,,,,11.28,86.12,11.5,,,,,,2.29,21.0,Paddy Power,Draw,2025-09-23 23:06:14
Indiana Fever @ Las Vegas Aces,Indiana Fever,2025-09-23 21:35:41,WNBA,,25.0,22.0,,11.0,36.0,,,,,17.0,,41.0,,,,15.0,15.0,,,,,,,,,,,,,,,,,,,,,,,,,,,,,,,,1.0,4000.0,,,10.34,6.0,,,2.25,41.0,DraftKings,Las Vegas Aces,2025-09-23 23:06:14
Mazatlán FC @ León,Draw,2025-09-23 23:06:00,Liga MX,3.15,3.05,3.05,,3.14,3.0,2.88,3.0,3.82,,,,3.25,,,2.79,,3.1,2.9,3.0,3.05,3.15,3.05,3.15,3.15,3.05,3.15,3.0,3.15,3.05,,,,,,,,,,,,,,,,,,,,3.38,13.18,3.0,,,,,,5.47,3.82,Pinnacle,Draw,2025-09-23 23:39:39
Kimberly Birrell @ Anastasija Sevastova,Kimberly Birrell,2025-09-23 23:13:00,WTA China Open,3.5,3.6,3.6,,3.4,4.4,,,4.42,3.3,3.3,3.3,3.5,,,,3.4,3.75,3.5,,3.35,3.5,3.35,3.35,3.5,3.35,3.5,3.3,3.5,3.35,3.4,,,,3.35,,,,,,,,,,,,,,,3.73,18.44,4.0,3.5,,,,,4.14,4.42,Pinnacle,Not Found,2025-09-23 23:39:39
Pumas @ FC Juárez,Pumas,2025-09-23 23:00:00,Liga MX,6.4,6.3,6.3,,7.0,6.0,6.0,6.0,2.8,,,,6.5,,,5.6,,5.75,5.5,5.2,6.1,6.4,6.0,6.1,6.4,6.1,6.1,6.0,6.4,6.0,,,,,,,,,,,,,,,,,,,,6.38,9.7,6.5,,,,,,2.09,7.0,Coolbet,FC Juárez,2025-09-23 23:39:39
Caty McNally @ Laura Siegemund,Laura Siegemund,2025-09-24 00:35:00,WTA China Open,2.45,2.45,2.45,,2.5,2.48,,,2.61,2.4,2.45,2.4,2.4,,,,2.45,2.75,2.38,,2.45,2.45,2.45,2.45,2.45,2.45,2.45,2.45,2.45,2.45,2.5,,,2.38,2.45,2.48,2.47,2.44,,2.38,2.55,,2.45,2.4,2.4,2.65,2.65,,2.5,2.6,5.67,2.5,2.5,2.54,,,,5.06,2.75,Betway,Not Found,2025-09-24 00:32:34
Eva Lys @ Ruien Zhang,Ruien Zhang,2025-09-24 02:00:00,WTA China Open,13.0,,12.0,,,,,,,15.0,13.0,15.0,13.0,,,,12.0,13.0,11.0,,13.0,13.0,13.0,13.0,13.0,13.0,13.0,13.0,13.0,13.0,12.0,,,11.0,13.0,,13.0,12.5,,17.0,11.0,,11.25,15.0,9.0,12.12,12.12,,,13.14,29.38,11.0,12.0,11.34,,,,3.91,17.0,BoyleSports,Not Found,2025-09-24 00:32:34
Kamilla Rakhimova @ Lucia Bronzetti,Lucia Bronzetti,2025-09-24 01:17:00,WTA China Open,2.32,2.2,2.3,,2.23,2.35,,,2.28,2.25,2.25,2.25,2.2,,,,2.3,2.4,2.5,,1.71,2.32,2.28,1.71,2.32,2.3,2.45,2.23,2.32,2.28,2.2,,,,2.25,,2.17,,,2.25,,,,,,,,,,2.38,5.21,2.4,2.25,,,,,3.71,2.5,888sport,Not Found,2025-09-24 01:30:08
Antonia Ruzic @ Elsa Jacquemot,Elsa Jacquemot,2025-09-24 02:32:00,WTA China Open,1.82,1.95,1.95,,2.05,2.0,,,2.15,2.05,2.05,2.05,2.2,,,,2.8,2.6,2.62,,1.8,1.82,1.79,1.8,1.82,1.8,1.82,1.76,1.82,1.79,2.0,,,,1.78,,,,,,,,,,,,,,,2.13,31.69,2.8,2.0,,,,,3.0,2.8,Bet Victor,Not Found,2025-09-24 02:59:14
Viktorija Golubic @ Priscilla Hon,Priscilla Hon,2025-09-24 02:53:00,WTA China Open,3.65,3.6,3.7,,,,,,3.45,4.0,4.0,4.0,3.75,,,,3.0,4.25,4.0,,3.55,3.65,3.55,3.55,3.65,3.55,3.65,3.45,3.65,3.55,3.65,,,,3.25,,,,,,,,,,,,,,,3.88,15.89,4.5,3.5,,,,,5.73,4.5,Bet Victor,Not Found,2025-09-24 03:28:35
Anna Blinkova @ Barbora Krejcikova,Anna Blinkova,2025-09-24 04:10:00,WTA China Open,4.5,,,,,,,,5.17,4.6,4.75,4.6,4.9,,,,4.5,4.75,4.2,,4.5,4.5,4.5,4.5,4.5,4.5,4.5,4.5,4.5,4.5,4.75,,,4.2,4.5,4.75,,4.7,,5.0,4.75,,4.7,4.6,,5.03,5.03,,,4.88,6.05,,4.65,4.79,,,,3.84,5.17,Pinnacle,Not Found,2025-09-24 03:58:57
Maria Sakkari @ Ashlyn Krueger,Maria Sakkari,2025-09-24 01:18:00,WTA China Open,2.95,3.0,3.0,,,3.0,,,1.49,2.5,3.1,2.5,2.85,,,,2.0,2.05,3.0,,3.45,2.95,2.9,2.9,2.95,2.9,2.95,2.85,2.95,2.9,2.65,,,,2.88,,,,,,,,,,,,,,,2.86,20.69,2.3,3.05,,,,,3.71,3.45,Virgin Bet,Not Found,2025-09-24 03:58:57
Maddison Inglis @ Polina Kudermetova,Polina Kudermetova,2025-09-24 04:18:00,WTA China Open,3.0,3.15,3.15,,3.2,4.4,,,3.41,3.2,3.1,3.2,3.35,,,,3.75,3.0,3.4,,3.05,3.0,2.9,2.95,2.85,2.95,3.0,2.85,3.0,2.9,3.0,,,,2.9,,,,,,,,,,,,,,,3.33,32.2,3.4,3.15,,,,,5.85,4.4,FanDuel,Not Found,2025-09-24 04:59:12
Hailey Baptiste @ Katie Boulter,Katie Boulter,2025-09-24 03:58:00,WTA China Open,1.56,1.52,1.52,,1.52,,,,1.32,,1.53,,1.57,,,,1.25,1.6,1.57,,1.47,1.56,1.55,1.56,1.43,1.56,1.56,1.43,1.48,1.55,1.48,,,,1.54,,,,,,,,,,,,,,,1.6,6.08,1.7,1.5,,,,,4.18,1.7,Bet Victor,Not Found,2025-09-24 04:59:12
Saitama Seibu Lions @ Chiba Lotte Marines,Chiba Lotte Marines,2025-09-24 05:00:00,NPB,1.73,1.5,1.44,,1.5,1.5,,,1.76,,1.45,,1.53,,,,1.43,1.5,1.5,1.47,,,,,,,,,,,1.43,1.45,1.5,,1.47,,,,,,,,,,,,,,,1.62,8.83,,,,,,,4.38,1.76,Pinnacle,Chiba Lotte Marines,2025-09-24 05:30:15
Kia Tigers @ Kiwoom Heroes,Kiwoom Heroes,2025-09-24 05:30:00,KBO,2.2,2.25,2.25,,2.3,2.28,,,2.2,,2.2,2.15,2.24,,,,2.55,2.2,,2.3,,,,,,,,,,,2.3,2.2,2.25,2.5,2.2,,,2.37,1.99,,,,,,2.2,2.1,2.1,,,2.38,7.29,,,,,,,4.11,2.55,Bovada,Kia Tigers,2025-09-24 05:30:15
Bangladesh @ India,Bangladesh,2025-09-24 10:30:00,Asia Cup,7.0,,7.11,,,10.2,,10.0,6.94,8.75,,9.0,7.0,,,,8.0,9.0,,,7.0,7.0,7.0,7.0,,7.0,,7.0,7.0,7.0,,,,,,,9.5,,,7.5,,,,8.75,7.5,8.54,8.54,,,8.18,24.63,7.5,,,,,,3.64,10.2,FanDuel,Not Found,2025-09-24 05:30:15
Lotte Giants @ Samsung Lions,Samsung Lions,2025-09-24 05:30:12,KBO,,1.25,,,1.22,1.21,,,,,1.24,,1.22,,,,1.42,1.22,,1.22,,,,,,,,,,,1.21,1.18,1.31,1.4,1.18,,,,,,,,,,,,,,,1.34,6.04,,,,,,,4.5,1.42,Bovada,Samsung Lions,2025-09-24 05:59:11
Fukuoka SoftBank Hawks @ Tohoku Rakuten Golden Eagles,Tohoku Rakuten Golden Eagles,2025-09-24 05:00:00,NPB,10.5,9.0,12.0,,11.0,13.0,,,9.35,,10.0,,12.0,,,,2.65,10.0,15.0,9.5,,,,,,,,,,,7.6,8.0,9.0,,10.5,,,,,,,,,,,,,,,9.2,63.03,,,,,,,3.37,15.0,888sport,Fukuoka SoftBank Hawks,2025-09-24 05:59:11
Peyton Stearns @ Katie Volynets,Peyton Stearns,2025-09-24 05:41:00,WTA China Open,2.55,2.45,2.45,,2.78,,,,1.56,2.5,2.54,1.85,2.6,,,,1.69,2.6,2.38,,2.5,2.55,2.5,2.5,2.55,2.5,2.55,2.45,2.55,2.5,2.55,,,,2.48,,,,,,,,,,,,,,,2.54,9.66,2.2,2.65,,,,,3.78,2.78,Coolbet,Not Found,2025-09-24 06:33:08
LG Twins @ NC Dinos,LG Twins,2025-09-24 06:00:21,KBO,2.23,2.18,,,2.15,2.3,,,,,2.15,,2.3,,,,1.87,2.2,,2.2,,,,,,,,,,,2.2,2.6,2.3,1.85,2.17,,,,,,,,,,,,,,,2.34,11.19,,,,,,,3.6,2.6,MyBookie.ag,NC Dinos,2025-09-24 06:33:08
Shuai Zhang @ Anastasia Zakharova,Anastasia Zakharova,2025-09-24 06:34:00,WTA China Open,1.41,1.35,1.37,,1.37,1.4,,,,1.35,1.36,1.3,1.33,,,,1.45,1.44,1.36,,1.35,1.41,1.4,1.35,1.41,1.35,1.41,1.32,1.35,1.4,1.33,,,,1.33,,,,,,,,,,,,,,,1.46,7.53,1.57,1.31,,,,,3.95,1.57,Bet Victor,Not Found,2025-09-24 06:59:01
Marie Bouzkova @ Tatjana Maria,Tatjana Maria,2025-09-24 06:57:00,WTA China Open,6.75,5.9,6.0,,7.5,8.0,,,3.5,7.5,6.5,7.5,7.0,,,,3.6,7.0,6.5,,6.25,6.75,6.25,6.25,6.75,6.25,6.5,6.0,6.75,6.25,6.0,,,,6.1,,,,,,,,,,,,,,,6.51,22.86,,6.25,,,,,3.11,8.0,FanDuel,Not Found,2025-09-24 07:24:26
Bianca Andreescu @ Anna Bondár,Bianca Andreescu,2025-09-24 08:56:00,WTA China Open,8.5,13.5,11.5,,8.7,12.0,,,10.21,15.0,9.0,9.5,10.0,,,,1.54,13.0,9.0,,8.0,8.5,8.0,8.0,8.5,8.0,11.5,7.5,8.5,8.0,7.5,,,,7.5,,,,,,,,,,,,,,,8.1,85.11,,8.0,,,,,5.85,15.0,Ladbrokes,Not Found,2025-09-24 10:30:38
Maccabi Tel Aviv @ PAOK,Maccabi Tel Aviv,2025-09-24 12:45:00,UEFA Europa League,4.1,3.95,4.0,,3.85,3.9,3.8,3.8,4.03,3.8,,3.8,3.95,,4.0,3.85,4.6,,3.9,,4.0,4.1,,4.0,4.1,4.0,4.1,4.0,4.2,4.1,,,,3.9,4.0,4.05,3.9,4.07,,,,4.0,4.0,3.8,4.0,4.05,4.05,,4.0,4.22,9.07,3.9,,,,4.1,,4.05,4.6,Bovada,Not Found,2025-09-24 11:59:38
Alavés @ Getafe,Getafe,2025-09-24 13:00:00,La Liga - Spain,2.04,2.08,2.08,2.0,2.12,2.05,2.05,2.0,2.11,2.1,,2.1,2.1,2.0,2.05,2.0,2.32,2.1,,2.05,2.02,2.04,2.02,2.02,2.1,2.04,2.04,2.07,2.1,2.04,,,,2.1,2.04,2.18,2.0,2.23,1.99,,2.05,2.1,2.1,2.1,2.05,2.11,2.11,,2.1,2.2,5.48,2.05,,,2.1,,,4.72,2.32,Bovada,Not Found,2025-09-24 12:36:19
Pelicans @ HIFK,HIFK,2025-09-24 11:30:00,Liiga,1.41,1.22,1.27,,1.4,,,1.33,1.23,,,,1.21,1.32,1.42,1.42,1.25,1.39,,1.3,,1.41,1.38,,1.41,,1.41,1.36,1.41,1.38,,,,1.62,1.2,,,,,,,,,,,,,,,1.24,30.8,,,,,,,3.6,1.62,William Hill,Not Found,2025-09-24 12:36:19
Besiktas JK @ Kayserispor,Kayserispor,2025-09-24 13:00:00,Turkey Super League,4.5,5.1,5.16,,5.0,5.1,4.6,4.75,5.43,4.8,4.8,5.0,5.25,4.5,4.8,4.6,4.0,4.75,4.8,5.3,4.5,4.5,4.6,4.4,4.5,4.5,4.5,4.5,4.5,4.5,,,,,4.5,5.2,4.75,5.24,4.55,,,4.75,,4.8,5.0,4.35,4.35,,5.5,5.13,7.3,,4.75,5.01,,,,2.02,5.5,BetUS,Not Found,2025-09-24 12:36:19
SK Sturm Graz @ FC Midtjylland,FC Midtjylland,2025-09-24 12:45:00,UEFA Europa League,1.27,1.26,1.68,,1.3,1.21,1.22,1.22,1.64,1.65,,1.25,1.29,1.27,1.29,1.62,1.3,1.25,1.3,,1.27,1.27,,1.27,1.27,1.27,1.27,1.27,1.27,1.27,,,,1.65,,1.65,1.61,1.68,1.6,1.57,,1.61,1.6,1.65,1.65,1.65,1.65,,1.62,1.51,12.28,1.25,,,1.62,1.7,,3.17,1.7,Suprabets,Not Found,2025-09-24 12:58:53
Lech Poznań @ Raków Częstochowa,Draw,2025-09-24 12:45:00,Ekstraklasa - Poland,3.35,3.05,3.05,,3.14,3.2,3.0,3.25,3.46,2.9,3.0,3.0,3.15,2.85,3.0,3.05,3.7,3.1,3.1,3.1,3.3,3.4,3.3,3.3,3.4,3.3,3.4,3.25,3.4,3.3,,,,,,3.4,3.1,3.41,3.15,3.2,3.25,3.25,,,,3.3,3.3,,3.3,3.5,5.67,3.12,,,,,,2.02,3.7,Bovada,Not Found,2025-09-24 12:58:53
Ässät @ KalPa,Ässät,2025-09-24 11:30:00,Liiga,,1.04,1.25,,,,,,1.3,,,,,1.01,1.01,1.06,,1.01,,,,,,,,,,,,,,,,1.04,,,,,,,,,,,,,,,,1.0,30.0,,,,,,,5.85,1.3,Pinnacle,Not Found,2025-09-24 13:28:58
Lukko @ Kärpät,Lukko,2025-09-24 11:30:00,Liiga,1.14,1.05,1.07,,1.13,,,1.04,1.29,,,,1.08,1.09,1.09,,1.05,1.1,1.04,1.1,,1.14,1.12,,1.14,,1.13,1.1,1.13,1.12,,,,1.22,1.04,,,,,,,,,,,,,,,1.1,17.26,,,,,,,4.27,1.29,Pinnacle,Not Found,2025-09-24 13:28:58
Varbergs BoIS @ Örebro SK,Varbergs BoIS,2025-09-24 13:00:00,Superettan - Sweden,5.3,5.8,6.3,,6.5,5.9,5.5,6.0,2.61,4.6,4.8,4.8,6.0,,,,2.6,5.25,5.5,6.0,5.25,5.3,5.2,5.25,5.3,,5.3,5.1,5.3,5.2,,,,,,,,,,,,,,,,,,,,5.45,19.27,5.25,,,,,,4.05,6.5,Coolbet,Not Found,2025-09-24 13:28:58
Bradford City @ Newcastle United,Draw,2025-09-24 14:45:00,EFL Cup,8.5,8.8,8.8,,9.0,8.0,7.5,8.0,9.23,8.25,9.25,9.0,,8.5,9.5,,8.75,8.0,,8.5,8.0,8.5,9.0,8.0,8.5,8.5,8.5,8.5,8.5,8.5,,,,8.5,8.5,8.7,8.5,9.0,,8.0,8.0,,8.5,8.25,,8.2,8.1,,,9.1,9.85,10.0,,,,,,3.37,10.0,Bet Victor,Not Found,2025-09-24 13:28:58
Westerlo @ Club Brugge,Westerlo,2025-09-24 14:30:00,Belgium First Div,7.5,8.5,8.5,,,8.0,7.5,7.5,8.13,7.25,7.5,7.5,7.5,6.75,7.25,6.9,10.0,,,8.2,7.5,7.5,7.5,7.5,8.0,7.5,7.5,7.5,8.0,7.5,,,,7.5,7.5,8.1,7.0,8.15,6.6,7.0,7.25,,8.0,,7.5,7.0,7.0,,7.0,8.2,21.94,8.0,8.0,,,8.3,,3.37,10.0,Bovada,Not Found,2025-09-24 13:28:58
Manchester City @ Huddersfield Town,Draw,2025-09-24 14:45:00,EFL Cup,6.75,7.9,,,6.5,6.5,6.25,6.5,7.54,6.75,6.75,7.0,,6.75,7.5,,6.5,6.0,,6.5,6.4,6.75,7.0,6.4,6.75,6.75,6.75,6.75,6.75,6.75,,,,6.0,6.75,6.45,6.5,6.45,,5.5,7.25,,6.25,6.75,,6.15,6.15,,,7.09,11.42,7.0,,,,,,3.1,7.9,Nordic Bet,Not Found,2025-09-24 13:28:58
GIF Sundsvall @ IK Brage,Draw,2025-09-24 13:00:00,Superettan - Sweden,3.15,2.85,2.85,,2.88,2.95,2.88,3.0,3.28,2.75,2.85,2.8,2.85,,,,3.5,,2.75,3.0,3.05,3.15,3.05,3.05,3.15,,3.15,3.0,3.15,3.05,,,,,,,,,,,,,,,,,,,,3.29,6.49,3.12,,,,,,3.04,3.5,Bovada,Not Found,2025-09-24 13:28:58
Doncaster Rovers @ Tottenham Hotspur,Draw,2025-09-24 14:45:00,EFL Cup,8.0,8.8,8.8,,8.75,8.0,7.5,8.0,10.15,8.5,9.25,9.0,,8.0,9.0,,8.25,8.5,,8.2,7.5,8.0,8.5,7.5,8.0,8.0,8.0,8.0,8.0,8.0,,,,8.0,8.0,8.3,8.5,8.2,,,8.5,,8.25,8.5,,6.75,6.75,,,8.8,15.34,9.5,,,,,,4.38,10.15,Pinnacle,Not Found,2025-09-24 13:59:24
SaiPa @ Kiekko-Espoo,Kiekko-Espoo,2025-09-24 11:30:00,Liiga,1.03,,,,1.04,,,,1.09,,,,1.04,,,,,,,,,1.03,1.01,,1.03,,1.03,,1.03,1.01,,,,,,,,,,,,,,,,,,,,1.0,9.0,,,,,,,4.05,1.09,Pinnacle,Not Found,2025-09-24 13:59:24
FC Zwolle @ AZ Alkmaar,FC Zwolle,2025-09-24 14:00:00,Dutch Eredivisie,8.5,8.53,8.53,,9.5,8.5,8.5,9.0,8.79,8.5,8.5,8.5,8.0,7.5,7.75,7.0,8.25,7.5,,9.0,8.5,8.5,8.5,8.5,9.0,8.5,8.5,8.5,8.5,8.5,,,,8.0,8.5,8.6,8.5,9.6,6.8,,8.0,8.5,8.75,,8.0,7.6,7.6,,7.6,8.98,6.96,9.5,9.0,,,,,2.97,9.6,1xBet,Not Found,2025-09-24 13:59:24
Arsenal @ Port Vale,Draw,2025-09-24 15:00:00,EFL Cup,10.0,11.5,11.5,,10.0,10.0,9.0,10.0,11.36,9.5,11.5,9.5,,9.0,10.5,,10.0,9.0,,9.5,9.0,9.5,10.0,9.0,10.0,9.5,10.0,9.5,10.0,9.5,,,,9.5,9.5,10.0,10.5,10.0,,10.0,12.0,,9.5,9.5,,9.6,9.7,,,10.61,13.07,11.5,,,,,,2.7,12.0,PlayUp,Not Found,2025-09-24 13:59:24
Washington Nationals @ Atlanta Braves,Washington Nationals,2025-09-24 12:16:00,MLB,1.08,1.05,1.05,,1.22,1.25,,1.08,1.05,,1.16,,1.11,1.24,1.25,,1.06,1.2,1.1,1.05,1.07,1.08,1.08,1.07,1.08,1.08,1.24,1.05,1.07,1.08,1.09,1.07,1.2,,1.07,,,,,,,,,,,,,,,1.18,6.1,1.07,1.13,1.1,1.09,,,5.73,1.25,FanDuel,Not Found,2025-09-24 14:36:25
Falkenbergs FF @ IK Oddevold,Falkenbergs FF,2025-09-24 13:00:00,Superettan - Sweden,4.9,5.35,5.35,,5.5,6.0,6.0,6.0,4.15,5.0,4.6,5.25,5.75,,,,2.65,5.25,5.0,5.0,4.8,4.9,4.75,4.8,4.9,,4.6,4.7,4.9,4.9,,,,,,,,,,,,,,,,,,,,5.38,11.52,5.75,,,,,,2.08,6.0,FanDuel,Not Found,2025-09-24 14:36:25
AS Roma @ Nice,Draw,2025-09-24 15:01:00,UEFA Europa League,2.95,2.85,,,2.9,2.85,3.1,3.0,3.01,2.87,,2.87,2.85,2.6,,2.85,3.0,2.8,2.75,,2.95,2.95,,2.95,2.95,2.95,,2.95,2.95,2.9,,,,,,,,,,,,,,,,,,,,3.13,7.05,2.88,,,2.8,3.35,,3.6,3.35,Suprabets,Not Found,2025-09-24 15:24:02
Rayo Vallecano @ Atlético Madrid,Rayo Vallecano,2025-09-24 15:30:00,La Liga - Spain,7.0,7.3,7.4,7.35,8.2,7.5,7.0,7.0,7.62,6.8,7.0,7.0,7.5,7.25,7.0,6.75,6.5,7.0,,7.5,7.0,7.0,7.0,7.0,7.5,7.0,7.0,7.0,7.5,7.0,,,,7.0,7.0,7.3,7.0,8.13,,,6.75,7.5,7.25,6.8,7.5,7.65,7.65,,7.6,7.63,7.42,7.5,,,7.0,,,3.24,8.2,Coolbet,Not Found,2025-09-24 15:24:02
PFC Ludogorets Razgrad @ Malmo FF,Draw,2025-09-24 15:01:00,UEFA Europa League,3.55,3.15,,,3.3,3.2,3.3,3.25,,3.4,,3.4,3.3,2.95,3.15,2.9,3.5,3.2,3.1,,3.45,3.55,,3.45,3.55,3.45,3.55,3.45,3.55,3.45,,,,,,,,,,,,,,,,,,,,3.6,13.77,3.2,,,3.2,4.1,,3.15,4.1,Suprabets,Not Found,2025-09-24 15:24:02
FC Basel @ SC Freiburg,Draw,2025-09-24 15:00:00,UEFA Europa League,3.7,3.65,,,4.0,4.0,4.2,4.0,4.1,,,,3.95,,3.75,,4.0,3.8,4.2,,3.6,3.7,,3.6,3.7,3.6,,3.7,3.7,3.55,,,,,,,,,,,,,,,,,,,,4.14,9.96,3.8,,,3.8,4.55,,2.53,4.55,Suprabets,Not Found,2025-09-24 15:24:02
Atletico Paranaense @ Athletic Club (MG),Athletic Club (MG),2025-09-24 18:00:00,Brazil Série B,3.7,,,,3.85,4.3,,4.0,4.21,,,,4.0,,,,3.1,4.0,,4.4,3.55,3.7,3.7,3.55,3.7,3.6,3.7,3.65,3.7,3.65,,,,3.8,3.7,,4.2,3.9,,3.8,3.85,,,,,4.0,4.0,,4.1,4.14,6.22,,3.8,,,,,2.02,4.4,Tipico,Not Found,2025-09-24 15:24:02
Mallorca @ Real Sociedad,Mallorca,2025-09-24 15:31:00,La Liga - Spain,5.5,5.8,5.8,,5.5,5.9,5.5,5.5,5.38,5.5,5.5,5.5,6.0,5.0,5.5,5.25,6.5,5.75,,6.0,5.3,5.5,5.25,5.3,5.5,5.3,5.5,5.5,5.5,5.25,,,,,,,,,,,,,,,,,,,,6.0,8.28,5.75,,,5.5,,,3.37,6.5,Bovada,Not Found,2025-09-24 15:59:03
Nottingham Forest @ Real Betis,Real Betis,2025-09-24 15:02:00,UEFA Europa League,8.0,9.6,,,9.0,8.0,8.0,8.0,7.68,8.0,,8.5,9.0,7.25,,7.2,8.5,8.5,7.5,,7.5,8.0,,7.5,8.0,7.5,8.0,8.0,8.0,7.5,,,,,,,,,,,,,,,,,,,,8.7,10.32,9.0,,,8.0,9.0,,2.16,9.6,Nordic Bet,Not Found,2025-09-24 15:59:03
Jagiellonia Białystok @ Legia Warszawa,Jagiellonia Białystok,2025-09-24 15:00:00,Ekstraklasa - Poland,5.5,5.35,5.35,,5.5,5.7,5.0,5.5,4.62,5.0,5.25,5.25,5.25,4.7,5.0,4.25,4.0,5.0,5.0,6.5,5.4,5.6,5.4,5.4,5.6,5.4,,5.3,5.6,5.4,,,,,,,,,,,,,,,,,,,,5.69,14.15,5.5,,,,,,3.71,6.5,Tipico,Not Found,2025-09-24 16:30:35
Milwaukee Brewers @ San Diego Padres,Milwaukee Brewers,2025-09-24 16:10:48,MLB,2.06,2.04,2.14,2.14,2.1,2.22,,2.0,2.34,,1.95,,2.27,2.0,2.05,,1.98,2.1,1.85,1.95,2.04,2.06,2.02,2.04,2.06,2.04,2.02,1.97,2.06,2.02,2.1,2.35,2.25,2.1,2.02,,,,,,,,,,,,,,,2.21,6.48,2.3,1.95,1.98,2.2,,,3.26,2.35,MyBookie.ag,Not Found,2025-09-24 16:30:35
Fenerbahce @ Dinamo Zagreb,Dinamo Zagreb,2025-09-24 15:00:00,UEFA Europa League,,1.01,,,1.1,1.02,1.03,1.03,1.2,,,1.03,1.06,1.04,1.04,1.01,1.08,1.03,1.03,,1.01,,,,,,,1.01,1.01,,,,,,,,,,,,,,,,,,,,,1.1,9.55,1.02,,,,1.13,,5.73,1.2,Pinnacle,Not Found,2025-09-24 16:58:57
Celtic @ Red Star Belgrade,Red Star Belgrade,2025-09-24 15:00:00,UEFA Europa League,19.0,21.0,,,13.5,21.0,6.5,41.0,3.73,26.0,,29.0,12.0,,14.0,6.0,4.75,21.0,15.0,,18.0,19.0,,18.0,19.0,18.0,29.0,17.0,19.0,17.0,,,,,,,,,,,,,,,,,,,,13.28,208.64,15.0,,,,6.4,,4.43,41.0,Paddy Power,Not Found,2025-09-24 16:58:57
Feyenoord @ SC Braga,Draw,2025-09-24 15:00:00,UEFA Europa League,15.0,12.0,,,14.0,14.0,19.0,15.0,,23.0,,26.0,9.0,11.0,12.5,,8.0,17.0,13.0,,14.0,15.0,,15.0,15.0,15.0,20.0,13.0,,15.0,,,,,,,,,,,,,,,,,,,,10.07,158.31,10.5,,,,1.5,,3.45,26.0,Coral,Not Found,2025-09-24 16:58:57
Botafogo @ Clube de Regatas Brasil,Botafogo,2025-09-24 18:00:00,Brazil Série B,6.0,5.7,5.7,,6.0,6.0,,5.5,6.48,5.0,5.25,5.0,6.0,,,,6.25,5.5,,5.7,5.75,6.0,6.0,5.75,6.0,5.8,6.0,5.8,6.0,5.8,,,,5.8,6.0,5.9,5.5,5.78,,,5.25,,,5.0,,4.9,4.9,,5.55,6.15,5.39,5.5,5.75,,,,,2.05,6.48,Pinnacle,Not Found,2025-09-24 17:25:32
Miami Marlins @ Philadelphia Phillies,Miami Marlins,2025-09-24 18:46:00,MLB,2.28,2.37,2.37,2.31,2.4,2.38,,2.3,2.39,2.35,2.4,2.4,2.34,2.3,2.3,,2.61,2.35,2.35,2.4,2.3,2.38,2.38,2.3,2.3,2.28,2.28,2.3,2.3,2.38,2.35,2.39,2.35,2.38,2.3,2.44,2.37,2.45,2.25,,2.35,2.38,2.35,2.35,2.4,2.4,2.4,,2.38,2.47,5.76,2.4,2.35,2.42,2.4,,2.3,5.4,2.61,Bovada,Not Found,2025-09-24 18:29:14
Botafogo @ Grêmio,Draw,2025-09-24 18:30:00,Brazil Série A,2.7,2.4,2.4,,2.5,2.72,2.5,2.62,2.66,,2.55,,2.45,2.25,2.35,2.3,3.05,2.6,,2.5,2.65,2.7,2.65,2.65,2.7,2.65,2.7,2.6,2.7,2.65,,,,,,,,,,,,,,,,,,,,2.8,8.83,2.55,,,,,,3.85,3.05,Bovada,Not Found,2025-09-24 18:59:00
Amazonas FC @ Operario PR,Amazonas FC,2025-09-24 19:00:00,Brazil Série B,6.25,6.5,6.5,,6.75,7.0,,6.5,7.37,6.0,6.25,6.0,7.0,,,,5.75,6.5,,7.0,6.0,6.25,6.1,6.0,6.25,6.0,6.25,6.1,6.25,6.1,,,,6.0,6.25,6.8,6.5,6.5,,,6.5,,,6.0,,6.4,6.4,,6.8,6.9,6.87,6.0,6.5,,,,,3.13,7.37,Pinnacle,Not Found,2025-09-24 18:59:00
Chicago White Sox @ New York Yankees,New York Yankees,2025-09-24 19:06:00,MLB,1.07,1.15,1.12,1.25,1.14,1.06,,1.05,,,1.11,,1.08,1.11,1.1,,1.26,1.12,,1.06,1.07,1.07,1.07,1.07,1.07,1.07,1.04,1.05,1.06,1.07,1.08,1.15,1.14,1.25,1.06,,,,,,,,,,,,,,,1.18,7.11,1.14,,1.09,1.22,,,4.72,1.26,Bovada,Not Found,2025-09-24 19:25:31
Detroit Tigers @ Cleveland Guardians,Detroit Tigers,2025-09-24 19:17:00,MLB,2.38,2.29,2.29,,2.4,2.44,,2.3,2.18,2.25,2.65,2.25,2.34,2.25,2.35,,2.22,2.35,2.25,2.3,2.28,2.38,2.33,2.33,2.38,2.33,2.43,2.28,2.32,2.33,2.35,2.35,2.45,2.2,2.32,,2.18,,,,2.2,2.15,2.2,2.25,2.2,2.18,2.18,,2.21,2.42,9.32,2.3,2.2,2.39,2.3,,2.1,3.63,2.65,BetMGM,Not Found,2025-09-24 19:25:31
Boston Red Sox @ Toronto Blue Jays,Toronto Blue Jays,2025-09-24 19:08:00,MLB,3.85,4.43,4.43,2.03,4.2,4.2,,4.5,,,4.2,,4.27,3.75,3.95,,2.04,4.0,4.1,4.1,4.0,3.85,3.65,3.7,3.85,3.7,3.9,3.6,4.2,3.65,3.95,4.05,4.5,2.0,3.65,,,,,,,,,,,,,,,3.95,26.56,4.2,5.0,4.23,4.5,,,2.81,5.0,PointsBet (AU),Not Found,2025-09-24 19:25:31
Bahia @ Vasco da Gama,Bahia,2025-09-24 18:30:00,Brazil Série A,9.0,9.6,9.6,,10.0,8.5,8.0,8.0,3.66,9.0,9.5,9.0,10.5,8.5,9.0,8.15,10.0,9.0,,11.0,8.5,9.0,8.5,8.5,9.0,8.5,9.0,8.5,9.0,8.5,,,,,,,,,,,,,,,,,,,,9.33,17.92,10.0,,,,,,2.7,11.0,Tipico,Not Found,2025-09-24 19:25:31
Querétaro @ Cruz Azul,Draw,2025-09-24 20:00:00,Liga MX,6.25,6.4,6.4,,6.1,6.0,5.5,5.5,6.78,,,,6.0,,,5.25,,5.5,5.5,5.8,6.0,6.25,6.1,6.1,6.25,6.25,6.25,6.1,6.25,6.25,,,,5.5,6.25,5.8,6.0,6.52,,,,5.75,,5.5,5.5,6.9,6.9,,6.3,6.51,5.95,6.0,,5.77,,,,2.16,6.9,LowVig.ag,Not Found,2025-09-24 19:25:31
Cuiabá @ Vila Nova,Draw,2025-09-24 18:00:00,Brazil Série B,1.03,1.01,1.01,,1.01,1.01,,1.02,1.11,1.02,1.03,1.02,1.02,,,,1.09,1.18,,,1.02,1.03,1.01,1.02,1.03,1.04,1.05,1.05,1.03,1.01,,,,,,,,,,,,,,,,,,,,1.06,11.08,1.07,,,,,,5.06,1.18,Betway,Not Found,2025-09-24 19:59:38
Los Angeles Dodgers @ Arizona Diamondbacks,Arizona Diamondbacks,2025-09-24 21:41:00,MLB,2.17,2.14,2.1,2.16,2.0,2.04,,2.0,2.17,,2.05,,1.94,2.0,2.1,,2.45,2.0,,2.2,2.17,2.17,2.17,2.17,2.17,2.17,2.17,2.14,2.17,2.17,2.1,2.1,2.05,,2.16,,,,,,,,,,,,,,,2.27,8.16,,2.15,2.26,2.2,,,5.49,2.45,Bovada,Not Found,2025-09-24 22:01:08
Atlas @ Tigres,Atlas,2025-09-24 21:02:00,Liga MX,21.0,21.0,21.0,,25.0,23.0,21.0,21.0,23.18,,,,23.0,,,14.25,,21.0,21.0,35.0,19.0,21.0,19.0,19.0,21.0,21.0,25.0,20.0,25.0,19.0,,,,,,,,,,,,,,,,,,,,23.26,50.48,23.0,,,,,,4.72,35.0,Tipico,Not Found,2025-09-24 22:01:08
Pittsburgh Pirates @ Cincinnati Reds,Cincinnati Reds,2025-09-24 18:42:00,MLB,2.3,,,,2.05,2.86,,2.15,1.78,,2.05,,2.02,1.96,2.05,,1.5,2.0,2.05,2.1,2.25,2.3,2.25,2.25,2.3,2.25,2.3,2.2,2.3,2.25,2.15,,2.1,,2.2,,,,,,,,,,,,,,,2.27,26.26,,2.2,2.16,,,,4.45,2.86,FanDuel,Not Found,2025-09-24 22:01:08
Minnesota Twins @ Texas Rangers,Minnesota Twins,2025-09-24 20:06:00,MLB,,22.0,22.0,,13.5,15.0,,13.0,11.08,,14.0,,12.6,15.0,16.0,,2.35,12.0,12.0,15.0,,,,,,,,,,,16.0,6.5,12.0,,,,,,,,,,,,,,,,,10.67,106.16,,,10.48,9.0,,,3.04,22.0,Nordic Bet,Not Found,2025-09-24 22:01:08
River Plate @ Palmeiras-SP,River Plate,2025-09-24 20:30:00,Copa Libertadores,7.5,5.8,4.6,,6.0,,,5.0,1.52,7.0,,7.5,,5.0,5.3,5.0,5.0,5.5,,6.0,9.5,7.5,,5.0,7.5,,8.0,,,7.0,,,,,,,,,,,,,,,,,,,,5.75,65.1,,,,,,,2.43,9.5,Virgin Bet,Not Found,2025-09-24 22:01:08
Houston Astros @ Oakland Athletics,Oakland Athletics,2025-09-24 22:06:00,MLB,1.48,1.42,1.42,,1.52,1.5,,1.4,1.65,,1.43,,1.43,1.42,1.52,,1.61,1.5,1.5,1.45,1.45,1.43,1.47,1.43,1.43,1.43,1.43,1.43,1.43,1.42,1.43,1.65,1.67,,1.41,,,,,,,,,,,,,,,1.57,6.42,,1.48,1.48,1.55,,,4.95,1.67,Caesars,Not Found,2025-09-24 23:08:21
Karen Khachanov @ Alexandre Muller,Alexandre Muller,2025-09-24 23:10:00,ATP China Open,4.3,4.2,4.2,,4.3,4.5,,,4.44,4.2,4.25,4.2,4.5,,,,4.5,4.5,4.2,,4.3,4.3,4.3,4.3,4.3,4.3,4.3,4.3,4.3,4.3,4.2,,4.0,4.2,,4.25,4.25,4.77,,4.33,4.2,,4.15,4.2,4.0,4.51,4.51,,,4.53,5.19,4.33,4.3,4.33,,,,3.17,4.77,1xBet,Not Found,2025-09-24 23:08:21
Portland Timbers @ Vancouver Whitecaps FC,Portland Timbers,2025-09-24 22:40:00,MLS,1.68,1.72,1.72,,1.73,1.77,1.75,1.8,2.0,1.73,,1.73,1.77,1.64,1.68,1.75,1.9,1.8,1.8,,1.68,1.68,1.65,1.68,1.68,1.68,1.68,1.68,1.68,1.68,,1.7,,,,,,,,,,,,,,,,,,1.89,6.08,1.73,1.83,,1.75,,,3.64,2.0,Pinnacle,Not Found,2025-09-24 23:41:01
América @ Atlético San Luis,Draw,2025-09-24 23:05:00,Liga MX,3.25,2.92,2.92,,3.14,3.1,3.0,3.0,3.66,,,,3.15,,,2.84,,3.0,3.0,3.0,3.15,3.25,3.15,3.15,3.25,3.15,3.25,3.1,3.25,3.15,,,,,,,,,,,,,,,,,,,,3.42,7.14,,,,,,,3.44,3.66,Pinnacle,Not Found,2025-09-24 23:41:01
Yuliia Starodubtseva @ Ajla Tomljanovic,Ajla Tomljanovic,2025-09-24 23:08:00,WTA China Open,3.2,3.05,3.2,,3.35,3.2,,,3.05,3.6,3.3,3.6,3.1,,,,3.2,3.2,3.0,,3.1,3.2,3.1,3.1,3.2,3.1,3.2,3.05,3.2,3.1,3.0,,2.75,,3.05,,,,,,,,,,,,,,,3.34,7.78,,3.05,,,,,2.7,3.6,Ladbrokes,Not Found,2025-09-24 23:41:01
St. Louis Cardinals @ San Francisco Giants,San Francisco Giants,2025-09-24 21:45:22,MLB,1.56,1.61,1.59,,1.65,1.58,,1.57,1.24,,1.62,,1.58,1.62,1.66,,1.87,1.67,1.7,1.7,1.56,1.56,1.55,1.56,1.56,1.56,1.56,1.51,1.56,1.55,1.53,1.8,1.67,,1.54,,,,,,,,,,,,,,,1.68,11.26,,1.59,1.73,1.2,,,4.89,1.87,Bovada,Not Found,2025-09-24 23:59:19
Xiyu Wang @ Guo Hanyu,Guo Hanyu,2025-09-24 23:10:00,WTA China Open,3.95,4.0,4.0,,3.7,3.0,,4.0,2.06,3.3,4.5,4.5,3.8,,,,2.5,4.0,4.33,,3.85,3.95,3.8,3.85,3.95,3.85,3.95,3.75,3.95,3.8,3.5,,2.9,,3.8,,,,,,,,,,,,,,,3.84,17.18,,3.5,,,,,2.92,4.5,BetMGM,Not Found,2025-09-24 23:59:19
